Sale_ID,Date,Market_ID,Product_Category,Orders,Customers,Revenue,Cost,Profit,Discount
S000001,2023-01-01,M001,Software,112,77,2176477.77,1407501.64,768976.13,88734.01
S000002,2023-02-01,M001,Software,112,77,2087666.38,1424369.96,663296.42,50107.27
S000003,2023-03-01,M001,Software,109,73,2184059.11,1412749.82,771309.29,190569.04
S000004,2023-04-01,M001,Software,86,51,1623478.59,1100576.84,522901.75,59198.97
S000005,2023-05-01,M001,Software,88,67,1523101.28,1025155.53,497945.75,96498.68
S000006,2023-06-01,M001,Software,97,67,1799594.66,1247987.18,551607.48,61722.76
S000007,2023-07-01,M001,Software,106,64,1905989.85,1291692.02,614297.83,78145.19
S000008,2023-08-01,M001,Software,94,69,1553485.74,1032908.21,520577.53,139645.65
S000009,2023-09-01,M001,Software,115,65,1973307.36,1289185.43,684121.93,168378.68
S000010,2023-10-01,M001,Software,121,93,2161407.5,1398138.45,763269.05,169372.53
S000011,2023-11-01,M001,Software,116,81,2394535.66,1620235.21,774300.45,49202.0
S000012,2023-12-01,M001,Software,120,74,2302229.91,1597139.31,705090.6,67686.43
S000013,2024-01-01,M001,Software,90,51,1682055.57,1099628.51,582427.06,104856.13
S000014,2024-02-01,M001,Software,109,65,2076893.72,1356708.05,720185.67,112561.89
S000015,2024-03-01,M001,Software,124,94,2060302.54,1365598.49,694704.05,81109.2
S000016,2024-04-01,M001,Software,88,65,1677896.9,1095863.52,582033.38,120617.57
S000017,2024-05-01,M001,Software,105,68,1705568.93,1094829.65,610739.28,139545.3
S000018,2024-06-01,M001,Software,116,79,2314858.6,1556396.51,758462.09,70294.3
S000019,2024-07-01,M001,Software,92,57,1862578.34,1276177.84,586400.5,149470.39
S000020,2024-08-01,M001,Software,117,70,2026777.41,1304368.31,722409.1,151214.09
S000021,2024-09-01,M001,Software,117,76,2222178.29,1437023.15,785155.14,189088.86
S000022,2024-10-01,M001,Software,126,100,2500907.57,1726338.91,774568.66,54357.34
S000023,2024-11-01,M001,Software,122,77,2487417.92,1705209.83,782208.09,200198.54
S000024,2024-12-01,M001,Software,125,77,2467898.16,1589044.43,878853.73,200027.28
S000025,2025-01-01,M001,Software,118,71,2345207.49,1559605.65,785601.84,97005.66
S000026,2025-02-01,M001,Software,116,70,1891552.83,1227594.69,663958.14,81295.79
S000027,2025-03-01,M001,Software,128,101,2234376.0,1510189.95,724186.05,107199.75
S000028,2025-04-01,M001,Software,123,84,2512467.76,1618834.5,893633.26,220916.37
S000029,2025-05-01,M001,Software,97,76,1687276.07,1086444.07,600832.0,85071.55
S000030,2025-06-01,M001,Software,116,72,2195641.02,1466875.67,728765.35,103115.38
S000031,2025-07-01,M001,Software,111,68,2152238.25,1372055.06,780183.19,182488.84
S000032,2025-08-01,M001,Software,110,80,2149265.29,1456423.21,692842.08,97781.91
S000033,2025-09-01,M001,Software,95,68,1680160.52,1102580.04,577580.48,133339.34
S000034,2025-10-01,M001,Software,126,78,2216564.4,1467151.9,749412.5,106767.53
S000035,2025-11-01,M001,Software,112,65,2026304.95,1405894.59,620410.36,136597.79
S000036,2025-12-01,M001,Software,134,94,2352272.77,1576672.53,775600.24,47112.3
S000037,2023-01-01,M001,Business Services,65,45,622250.7,413982.95,208267.75,31704.41
S000038,2023-02-01,M001,Business Services,61,40,617787.07,423283.91,194503.16,19694.06
S000039,2023-03-01,M001,Business Services,63,42,600019.37,394519.51,205499.86,46375.28
S000040,2023-04-01,M001,Business Services,72,51,619591.79,402330.56,217261.23,13451.2
S000041,2023-05-01,M001,Business Services,62,41,620738.41,398371.1,222367.31,30422.93
S000042,2023-06-01,M001,Business Services,70,41,676675.79,451385.13,225290.66,25090.4
S000043,2023-07-01,M001,Business Services,71,39,695066.58,475149.44,219917.14,19087.3
S000044,2023-08-01,M001,Business Services,67,39,687113.38,459319.81,227793.57,16157.67
S000045,2023-09-01,M001,Business Services,63,48,575003.46,394156.24,180847.22,38370.23
S000046,2023-10-01,M001,Business Services,85,59,870195.08,601205.21,268989.87,54722.79
S000047,2023-11-01,M001,Business Services,79,53,787533.67,527862.02,259671.65,65211.38
S000048,2023-12-01,M001,Business Services,80,53,694654.48,453077.54,241576.94,44899.9
S000049,2024-01-01,M001,Business Services,75,51,713263.8,466385.97,246877.83,18133.9
S000050,2024-02-01,M001,Business Services,65,40,573257.52,383973.12,189284.4,17017.83
S000051,2024-03-01,M001,Business Services,69,49,668571.57,428724.01,239847.56,
S000052,2024-04-01,M001,Business Services,71,46,608141.79,402959.99,205181.8,50681.74
S000053,2024-05-01,M001,Business Services,72,52,721990.59,493361.93,228628.66,33664.02
S000054,2024-06-01,M001,Business Services,60,38,587719.14,404707.44,183011.7,50978.83
S000055,2024-07-01,M001,Business Services,69,50,643687.04,433584.47,210102.57,22810.79
S000056,2024-08-01,M001,Business Services,65,42,530744.88,349000.73,181744.15,35846.47
S000057,2024-09-01,M001,Business Services,69,40,631462.32,407329.61,224132.71,40134.47
S000058,2024-10-01,M001,Business Services,66,42,618412.21,395181.56,223230.65,40192.14
S000059,2024-11-01,M001,Business Services,69,45,566706.69,374109.29,192597.4,19730.58
S000060,2024-12-01,M001,Business Services,74,54,662524.51,452186.62,210337.89,51832.41
S000061,2025-01-01,M001,Business Services,67,38,545622.03,365438.62,180183.41,49102.46
S000062,2025-02-01,M001,Business Services,69,49,680186.43,460149.71,220036.72,49515.07
S000063,2025-03-01,M001,Business Services,90,53,733126.95,473998.05,259128.9,21140.06
S000064,2025-04-01,M001,Business Services,77,53,661462.36,449376.29,212086.07,48738.44
S000065,2025-05-01,M001,Business Services,66,46,645666.96,415985.13,229681.83,49943.04
S000066,2025-06-01,M001,Business Services,84,48,685253.22,449606.58,235646.64,46195.87
S000067,2025-07-01,M001,Business Services,84,54,815537.78,523542.46,291995.32,55736.31
S000068,2025-08-01,M001,Business Services,77,44,757532.31,521498.57,236033.74,46988.83
S000069,2025-09-01,M001,Business Services,66,52,650821.35,428391.59,222429.76,32532.26
S000070,2025-10-01,M001,Business Services,78,52,691686.07,476139.08,215546.99,53649.36
S000071,2025-11-01,M001,Business Services,72,56,686164.79,471479.22,214685.57,47696.42
S000072,2025-12-01,M001,Business Services,80,58,821785.27,537122.92,284662.35,62927.34
S000073,2023-01-01,M001,Consulting,78,51,2111375.28,1379791.63,731583.65,168107.53
S000074,2023-02-01,M001,Consulting,87,49,2436886.96,1588927.81,847959.15,128008.68
S000075,2023-03-01,M001,Consulting,88,56,1995785.0,1374012.49,621772.51,65319.63
S000076,2023-04-01,M001,Consulting,72,53,1773152.48,1223863.88,549288.6,122494.45
S000077,2023-05-01,M001,Consulting,74,40,2103478.94,1351562.58,751916.36,148095.91
S000078,2023-06-01,M001,Consulting,80,59,2145304.67,1450556.71,694747.96,116613.38
S000079,2023-07-01,M001,Consulting,87,49,2077993.04,1410764.5,667228.54,86100.44
S000080,2023-08-01,M001,Consulting,82,54,2117097.49,1403487.92,713609.57,152887.21
S000081,2023-09-01,M001,Consulting,77,55,1862878.53,1215498.85,647379.68,52991.28
S000082,2023-10-01,M001,Consulting,79,45,2042082.83,1395010.85,647071.98,67308.05
S000083,2023-11-01,M001,Consulting,80,53,2162292.5,1504947.84,657344.66,122655.14
S000084,2023-12-01,M001,Consulting,82,47,1944485.26,1265955.16,678530.1,63314.21
S000085,2024-01-01,M001,Consulting,70,47,1695011.21,1179486.6,515524.61,99556.7
S000086,2024-02-01,M001,Consulting,87,50,2429725.78,1620269.25,809456.53,197027.39
S000087,2024-03-01,M001,Consulting,91,60,2298016.63,1490176.05,807840.58,54224.85
S000088,2024-04-01,M001,Consulting,94,62,2597992.94,1718422.81,879570.13,65432.41
S000089,2024-05-01,M001,Consulting,86,48,2015193.7,1352538.31,662655.39,83163.99
S000090,2024-06-01,M001,Consulting,96,55,2618666.07,1764402.36,854263.71,197321.35
S000091,2024-07-01,M001,Consulting,77,52,1949310.09,1294270.28,655039.81,156357.41
S000092,2024-08-01,M001,Consulting,97,60,2558997.81,1724707.85,834289.96,183752.04
S000093,2024-09-01,M001,Consulting,96,57,2286615.12,1548097.18,738517.94,70871.34
S000094,2024-10-01,M001,Consulting,82,46,1846371.31,1226784.9,619586.41,113675.14
S000095,2024-11-01,M001,Consulting,86,52,2314988.76,1573218.33,741770.43,119875.19
S000096,2024-12-01,M001,Consulting,97,75,2660120.74,1795324.75,864795.99,176320.29
S000097,2025-01-01,M001,Consulting,97,63,2512640.94,1699193.75,813447.19,210028.64
S000098,2025-02-01,M001,Consulting,94,53,2212479.64,1451069.61,761410.03,160243.35
S000099,2025-03-01,M001,Consulting,95,59,2211334.98,1500878.78,710456.2,152540.89
S000100,2025-04-01,M001,Consulting,98,66,2507449.57,1610350.59,897098.98,57145.41
S000101,2025-05-01,M001,Consulting,85,53,2045507.95,1315015.36,730492.59,178641.94
S000102,2025-06-01,M001,Consulting,96,66,2730471.77,1904160.96,826310.81,183104.65
S000103,2025-07-01,M001,Consulting,81,45,2205361.1,1467954.62,737406.48,144684.18
S000104,2025-08-01,M001,Consulting,99,58,2589672.71,1749290.47,840382.24,140932.08
S000105,2025-09-01,M001,Consulting,77,49,1892904.66,1282647.36,610257.3,151510.58
S000106,2025-10-01,M001,Consulting,91,65,2211423.87,1534974.99,676448.88,170168.23
S000107,2025-11-01,M001,Consulting,97,64,2373176.03,1558693.54,814482.49,208632.86
S000108,2025-12-01,M001,Consulting,93,63,2666844.29,1805079.22,861765.07,154627.77
S000109,2023-01-01,M001,Digital Solutions,66,42,1006338.37,679202.45,327135.92,73663.3
S000110,2023-02-01,M001,Digital Solutions,66,45,1045892.41,694145.16,351747.25,72038.46
S000111,2023-03-01,M001,Digital Solutions,70,55,1031173.56,672075.46,359098.1,32055.55
S000112,2023-04-01,M001,Digital Solutions,74,50,956541.18,666647.44,289893.74,80258.68
S000113,2023-05-01,M001,Digital Solutions,73,42,1132412.58,755661.78,376750.8,79452.6
S000114,2023-06-01,M001,Digital Solutions,74,45,1148593.5,799667.65,348925.85,42568.21
S000115,2023-07-01,M001,Digital Solutions,75,48,1186990.39,792784.3,394206.09,96802.43
S000116,2023-08-01,M001,Digital Solutions,83,51,1275296.8,844624.67,430672.13,108907.02
S000117,2023-09-01,M001,Digital Solutions,75,56,1019245.23,667925.01,351320.22,62261.25
S000118,2023-10-01,M001,Digital Solutions,93,62,1220167.81,817164.48,403003.33,53880.99
S000119,2023-11-01,M001,Digital Solutions,82,56,1163883.91,764330.29,399553.62,38647.54
S000120,2023-12-01,M001,Digital Solutions,86,59,1153902.3,789191.48,364710.82,26603.58
S000121,2024-01-01,M001,Digital Solutions,81,58,1250634.42,826124.98,424509.44,83114.94
S000122,2024-02-01,M001,Digital Solutions,83,66,1189692.97,760952.82,428740.15,65623.92
S000123,2024-03-01,M001,Digital Solutions,85,65,1331071.64,883589.81,447481.83,75626.93
S000124,2024-04-01,M001,Digital Solutions,76,55,1066654.31,721790.98,344863.33,32858.59
S000125,2024-05-01,M001,Digital Solutions,76,60,1047657.29,711319.78,336337.51,68609.57
S000126,2024-06-01,M001,Digital Solutions,85,64,1326654.3,875857.92,450796.38,55940.08
S000127,2024-07-01,M001,Digital Solutions,82,60,1283573.93,820914.77,462659.16,31819.09
S000128,2024-08-01,M001,Digital Solutions,81,63,1303370.25,889166.98,414203.27,65661.19
S000129,2024-09-01,M001,Digital Solutions,68,48,1064473.86,706832.69,357641.17,73001.7
S000130,2024-10-01,M001,Digital Solutions,95,53,1461717.7,957428.11,504289.59,67588.18
S000131,2024-11-01,M001,Digital Solutions,76,51,1108136.86,759019.64,349117.22,35348.3
S000132,2024-12-01,M001,Digital Solutions,74,56,1092904.99,712409.89,380495.1,91692.58
S000133,2025-01-01,M001,Digital Solutions,71,47,957713.37,625118.29,332595.08,19784.27
S000134,2025-02-01,M001,Digital Solutions,87,67,1302532.51,842580.32,459952.19,66326.37
S000135,2025-03-01,M001,Digital Solutions,82,57,1216575.41,806417.4,410158.01,45629.94
S000136,2025-04-01,M001,Digital Solutions,88,52,1227285.52,817853.85,409431.67,44924.05
S000137,2025-05-01,M001,Digital Solutions,82,56,1318102.62,863507.28,454595.34,116594.24
S000138,2025-06-01,M001,Digital Solutions,84,51,1224783.13,831074.11,393709.02,88339.71
S000139,2025-07-01,M001,Digital Solutions,70,49,1003698.19,694207.17,309491.02,40181.64
S000140,2025-08-01,M001,Digital Solutions,88,61,1217314.85,822414.35,394900.5,77253.7
S000141,2025-09-01,M001,Digital Solutions,86,62,1282013.64,881641.07,400372.57,82019.86
S000142,2025-10-01,M001,Digital Solutions,99,70,1354445.24,899147.65,455297.59,82038.97
S000143,2025-11-01,M001,Digital Solutions,95,54,1295124.23,883597.02,411527.21,41825.78
S000144,2025-12-01,M001,Digital Solutions,79,54,1264016.87,845944.73,418072.14,106106.74
S000145,2023-01-01,M001,SaaS,86,65,1053116.74,722216.2,330900.54,76097.33
S000146,2023-02-01,M001,SaaS,88,50,1204603.83,777987.87,426615.96,105589.57
S000147,2023-03-01,M001,SaaS,112,81,1538860.59,1070179.34,468681.25,117447.59
S000148,2023-04-01,M001,SaaS,90,67,975758.04,653362.06,322395.98,50578.44
S000149,2023-05-01,M001,SaaS,99,71,1242814.35,853496.59,389317.76,106658.86
S000150,2023-06-01,M001,SaaS,83,50,902631.14,623225.36,279405.78,53524.69
S000151,2023-07-01,M001,SaaS,106,64,1164903.02,800091.88,364811.14,97452.45
S000152,2023-08-01,M001,SaaS,89,58,998520.46,693148.63,305371.83,41244.41
S000153,2023-09-01,M001,SaaS,95,54,1278868.9,825560.83,453308.07,66187.94
S000154,2023-10-01,M001,SaaS,109,80,1486533.53,984899.23,501634.3,106969.22
S000155,2023-11-01,M001,SaaS,93,60,1032027.04,688115.2,343911.84,50123.6
S000156,2023-12-01,M001,SaaS,118,65,1405567.61,933301.09,472266.52,121636.22
S000157,2024-01-01,M001,SaaS,107,61,1375703.37,921814.74,453888.63,121679.56
S000158,2024-02-01,M001,SaaS,93,60,1057356.59,681709.07,375647.52,83914.28
S000159,2024-03-01,M001,SaaS,104,74,1323411.79,890958.88,432452.91,28446.77
S000160,2024-04-01,M001,SaaS,106,64,1184843.8,795355.64,389488.16,29387.34
S000161,2024-05-01,M001,SaaS,106,63,1213472.53,836788.48,376684.05,52178.31
S000162,2024-06-01,M001,SaaS,88,68,951148.59,655250.42,295898.17,28656.36
S000163,2024-07-01,M001,SaaS,88,53,996467.24,674671.56,321795.68,21727.58
S000164,2024-08-01,M001,SaaS,85,63,978672.56,642817.86,335854.7,31510.55
S000165,2024-09-01,M001,SaaS,86,63,1064530.07,726158.45,338371.62,56779.07
S000166,2024-10-01,M001,SaaS,117,79,1301877.96,869173.2,432704.76,112194.66
S000167,2024-11-01,M001,SaaS,93,69,1246287.67,833376.45,412911.22,64885.45
S000168,2024-12-01,M001,SaaS,124,70,1517381.27,1003743.21,513638.06,103222.63
S000169,2025-01-01,M001,SaaS,101,78,1113067.69,714864.86,398202.83,69656.69
S000170,2025-02-01,M001,SaaS,88,54,1117532.26,749083.42,368448.84,47789.01
S000171,2025-03-01,M001,SaaS,126,86,1532304.43,1032352.73,499951.7,41284.1
S000172,2025-04-01,M001,SaaS,108,82,1377297.0,941434.51,435862.49,97042.69
S000173,2025-05-01,M001,SaaS,94,62,1079635.19,710114.82,369520.37,55865.64
S000174,2025-06-01,M001,SaaS,100,57,1208029.2,818206.0,389823.2,55812.24
S000175,2025-07-01,M001,SaaS,92,71,1012128.79,695642.51,316486.28,26847.84
S000176,2025-08-01,M001,SaaS,91,66,1204413.01,807898.86,396514.15,73532.49
S000177,2025-09-01,M001,SaaS,106,67,1183669.55,779583.57,404085.98,78801.42
S000178,2025-10-01,M001,SaaS,121,92,1568545.03,1090929.21,477615.82,97294.82
S000179,2025-11-01,M001,SaaS,108,75,1235327.37,836074.73,399252.64,44097.66
S000180,2025-12-01,M001,SaaS,100,76,1190268.32,813139.35,377128.97,71638.68
S000181,2023-01-01,M001,IT Services,100,79,1767370.74,1191586.8,575783.94,114859.55
S000182,2023-02-01,M001,IT Services,78,61,1381991.77,903058.19,478933.58,45093.18
S000183,2023-03-01,M001,IT Services,105,65,1654726.36,1055328.79,599397.57,133851.46
S000184,2023-04-01,M001,IT Services,93,60,1391977.37,940128.04,451849.33,30826.73
S000185,2023-05-01,M001,IT Services,99,59,1591853.67,1047206.92,544646.75,73072.0
S000186,2023-06-01,M001,IT Services,98,72,1633696.67,1049645.9,584050.77,38690.21
S000187,2023-07-01,M001,IT Services,83,58,1418957.61,927609.72,491347.89,94127.56
S000188,2023-08-01,M001,IT Services,92,60,1425325.4,973064.79,452260.61,39862.4
S000189,2023-09-01,M001,IT Services,91,56,1557369.0,1038139.01,519229.99,103875.39
S000190,2023-10-01,M001,IT Services,87,56,1461365.09,932148.13,529216.96,60061.16
S000191,2023-11-01,M001,IT Services,93,54,1434253.26,942429.66,491823.6,29461.13
S000192,2023-12-01,M001,IT Services,109,64,1735370.45,1179392.94,555977.51,95477.24
S000193,2024-01-01,M001,IT Services,104,78,1527583.41,1052666.68,474916.73,35075.08
S000194,2024-02-01,M001,IT Services,81,63,1445723.64,971447.57,474276.07,86942.9
S000195,2024-03-01,M001,IT Services,109,71,1619815.59,1034497.48,585318.11,69220.83
S000196,2024-04-01,M001,IT Services,104,73,1843722.78,1276936.93,566785.85,48248.55
S000197,2024-05-01,M001,IT Services,106,64,1776081.43,1187910.31,588171.12,84725.6
S000198,2024-06-01,M001,IT Services,91,57,1431636.98,926967.71,504669.27,79790.61
S000199,2024-07-01,M001,IT Services,85,57,1532013.73,1008620.41,523393.32,108645.11
S000200,2024-08-01,M001,IT Services,106,79,1626577.99,1051072.99,575505.0,54993.02
S000201,2024-09-01,M001,IT Services,100,74,1702203.6,1103076.9,599126.7,126132.21
S000202,2024-10-01,M001,IT Services,105,77,1831148.4,1216494.72,614653.68,155081.42
S000203,2024-11-01,M001,IT Services,108,76,1824993.41,1257885.49,567107.92,116626.6
S000204,2024-12-01,M001,IT Services,95,53,1536039.06,1006979.94,529059.12,60254.44
S000205,2025-01-01,M001,IT Services,85,57,1329538.67,883498.17,446040.5,31885.4
S000206,2025-02-01,M001,IT Services,109,62,1946413.01,1340528.9,605884.11,122722.48
S000207,2025-03-01,M001,IT Services,108,71,1794664.67,1229182.11,565482.56,148439.18
S000208,2025-04-01,M001,IT Services,98,73,1666720.28,1094521.22,572199.06,88826.24
S000209,2025-05-01,M001,IT Services,90,50,1333260.68,921746.58,411514.1,58717.66
S000210,2025-06-01,M001,IT Services,107,72,1614655.21,1053182.47,561472.74,81771.11
S000211,2025-07-01,M001,IT Services,99,67,1488463.5,982045.23,506418.27,59244.64
S000212,2025-08-01,M001,IT Services,98,62,1645571.26,1126810.87,518760.39,107474.52
S000213,2025-09-01,M001,IT Services,88,50,1505989.53,985593.07,520396.46,106415.26
S000214,2025-10-01,M001,IT Services,115,89,2057708.64,1352741.2,704967.44,125091.74
S000215,2025-11-01,M001,IT Services,99,63,1808807.82,1228739.07,580068.75,85804.52
S000216,2025-12-01,M001,IT Services,114,89,1782769.34,1176629.12,606140.22,134449.93
S000217,2023-01-01,M002,Software,56,42,1093371.22,740348.84,353022.38,62155.46
S000218,2023-02-01,M002,Software,56,36,998380.68,656690.74,341689.94,32565.58
S000219,2023-03-01,M002,Software,53,41,974575.61,633077.09,341498.52,28876.26
S000220,2023-04-01,M002,Software,47,35,782791.27,534061.29,248729.98,61416.54
S000221,2023-05-01,M002,Software,61,34,1080641.82,736974.44,343667.38,31526.03
S000222,2023-06-01,M002,Software,53,31,1056875.8,721070.29,335805.51,80991.63
S000223,2023-07-01,M002,Software,49,32,884394.32,598365.08,286029.24,32392.81
S000224,2023-08-01,M002,Software,54,33,1056694.37,700520.4,356173.97,60633.95
S000225,2023-09-01,M002,Software,52,39,952149.65,653276.35,298873.3,43559.77
S000226,2023-10-01,M002,Software,68,54,1242874.07,811480.32,431393.75,58080.84
S000227,2023-11-01,M002,Software,61,48,1212436.65,829398.27,383038.38,35994.69
S000228,2023-12-01,M002,Software,56,39,1127477.47,754589.6,372887.87,30646.28
S000229,2024-01-01,M002,Software,62,47,1083932.58,739011.15,344921.43,42376.77
S000230,2024-02-01,M002,Software,63,36,1144623.47,792977.74,351645.73,40682.96
S000231,2024-03-01,M002,Software,60,38,979200.95,625900.76,353300.19,53993.63
S000232,2024-04-01,M002,Software,52,41,930129.57,593135.49,336994.08,79207.8
S000233,2024-05-01,M002,Software,63,44,1244956.41,802070.61,442885.8,49899.79
S000234,2024-06-01,M002,Software,63,45,1059947.73,718996.64,340951.09,54483.54
S000235,2024-07-01,M002,Software,49,27,850231.23,583341.76,266889.47,49667.36
S000236,2024-08-01,M002,Software,62,42,1035421.13,676426.23,358994.9,42535.7
S000237,2024-09-01,M002,Software,50,32,988627.3,655881.86,332745.44,27444.35
S000238,2024-10-01,M002,Software,71,49,1155451.1,770596.39,384854.71,42677.36
S000239,2024-11-01,M002,Software,56,36,1062132.01,690846.62,371285.39,52214.12
S000240,2024-12-01,M002,Software,66,37,1358672.38,869632.88,489039.5,77205.42
S000241,2025-01-01,M002,Software,59,47,1102927.34,727300.31,375627.03,58355.28
S000242,2025-02-01,M002,Software,61,48,1057827.0,673808.86,384018.14,79544.78
S000243,2025-03-01,M002,Software,61,44,1160656.54,791904.45,368752.09,82944.1
S000244,2025-04-01,M002,Software,56,31,1044795.46,715486.93,329308.53,33701.17
S000245,2025-05-01,M002,Software,65,43,1256401.36,846694.09,409707.27,96497.7
S000246,2025-06-01,M002,Software,52,38,949497.02,620597.48,328899.54,21901.52
S000247,2025-07-01,M002,Software,55,30,1122009.32,748293.84,373715.48,100126.53
S000248,2025-08-01,M002,Software,61,37,1194978.36,773708.1,421270.26,53759.92
S000249,2025-09-01,M002,Software,66,50,1167781.63,751430.69,416350.94,53439.25
S000250,2025-10-01,M002,Software,74,54,1496714.29,986632.09,510082.2,131951.31
S000251,2025-11-01,M002,software,66,44,1343720.21,896471.74,447248.47,102230.73
S000252,2025-12-01,M002,Software,71,40,1342683.83,920195.58,422488.25,78121.65
S000253,2023-01-01,M002,Business Services,34,24,298846.93,200872.14,97974.79,14890.98
S000254,2023-02-01,M002,Business Services,42,26,344202.56,236880.97,107321.59,15378.68
S000255,2023-03-01,M002,Business Services,50,30,515253.07,357005.59,158247.48,13011.62
S000256,2023-04-01,M002,Business Services,42,26,415903.57,281468.83,134434.74,36056.87
S000257,2023-05-01,M002,Business Services,36,25,354886.27,226448.65,128437.62,8767.94
S000258,2023-06-01,M002,Business Services,44,28,394302.59,264196.41,130106.18,24587.38
S000259,2023-07-01,M002,Business Services,43,33,384292.29,262004.75,122287.54,23124.61
S000260,2023-08-01,M002,Business Services,41,26,392021.98,255197.17,136824.81,10953.64
S000261,2023-09-01,M002,Business Services,44,29,394711.75,264338.6,130373.15,15127.08
S000262,2023-10-01,M002,Business Services,41,27,424014.68,276938.66,147076.02,35682.33
S000263,2023-11-01,M002,Business Services,44,25,440829.8,292324.19,148505.61,36548.11
S000264,2023-12-01,M002,Business Services,44,25,423911.0,291112.94,132798.06,17961.59
S000265,2024-01-01,M002,Business Services,40,22,372795.42,257034.95,115760.47,29672.78
S000266,2024-02-01,M002,Business Services,44,34,419532.3,286801.42,132730.88,23331.41
S000267,2024-03-01,M002,Business Services,40,24,336498.92,229970.89,106528.03,7349.1
S000268,2024-04-01,M002,Business Services,43,27,426054.27,285072.41,140981.86,26771.71
S000269,2024-05-01,M002,Business Services,37,23,382916.29,260050.77,122865.52,21749.15
S000270,2024-06-01,M002,Business Services,46,34,380233.2,264012.18,116221.02,24701.36
S000271,2024-07-01,M002,Business Services,42,30,372756.65,256709.16,116047.49,27814.51
S000272,2024-08-01,M002,Business Services,44,26,452060.2,299244.46,152815.74,37859.98
S000273,2024-09-01,M002,Business Services,37,21,312438.54,201797.62,110640.92,13305.59
S000274,2024-10-01,M002,Business Services,49,31,500634.67,345285.51,155349.16,39657.96
S000275,2024-11-01,M002,Business Services,43,30,401593.91,258429.78,143164.13,16544.75
S000276,2024-12-01,M002,Business Services,47,31,398533.25,275982.85,122550.4,12272.27
S000277,2025-01-01,M002,Business Services,46,33,435231.88,298809.23,136422.65,25875.96
S000278,2025-02-01,M002,Business Services,48,26,393709.87,265552.28,128157.59,23769.83
S000279,2025-03-01,M002,Business Services,49,36,442828.69,298616.86,144211.83,24294.76
S000280,2025-04-01,M002,Business Services,46,28,471613.29,313611.84,158001.45,35997.38
S000281,2025-05-01,M002,Business Services,47,29,388416.9,248429.42,139987.48,19720.85
S000282,2025-06-01,M002,Business Services,44,26,416459.37,272678.83,143780.54,29271.01
S000283,2025-07-01,M002,Business Services,48,36,494140.41,318150.31,175990.1,22699.73
S000284,2025-08-01,M002,Business Services,45,28,411730.35,268468.07,143262.28,15379.91
S000285,2025-09-01,M002,Business Services,39,24,349609.15,235259.91,114349.24,13068.01
S000286,2025-10-01,M002,Business Services,54,31,477183.45,320028.44,157155.01,19989.24
S000287,2025-11-01,M002,Business Services,53,35,490680.94,326756.99,163923.95,20411.26
S000288,2025-12-01,M002,Business Services,42,33,387964.5,269247.83,118716.67,13602.08
S000289,2023-01-01,M002,Consulting,35,23,980511.76,662096.06,318415.7,51909.35
S000290,2023-02-01,M002,Consulting,41,31,1032925.24,711631.1,321294.14,73260.81
S000291,2023-03-01,M002,Consulting,48,30,1200174.49,804377.22,395797.27,40356.91
S000292,2023-04-01,M002,Consulting,42,23,1077367.08,734618.09,342748.99,42642.67
S000293,2023-05-01,M002,Consulting,47,33,1092400.74,758677.74,333723.0,51969.06
S000294,2023-06-01,M002,Consulting,45,28,1276579.28,869730.8,406848.48,43319.51
S000295,2023-07-01,M002,Consulting,42,28,956892.13,616451.14,340440.99,41445.72
S000296,2023-08-01,M002,Consulting,41,27,1077854.26,718853.71,359000.55,46302.04
S000297,2023-09-01,M002,Consulting,43,25,1233727.98,839378.13,394349.85,50516.72
S000298,2023-10-01,M002,Consulting,43,32,1110566.33,753546.34,357019.99,45516.94
S000299,2023-11-01,M002,Consulting,50,32,1335564.5,927942.04,407622.46,81281.32
S000300,2023-12-01,M002,Consulting,50,36,1340013.64,854391.13,485622.51,71317.29
S000301,2024-01-01,M002,Consulting,48,35,1312848.61,880472.51,432376.1,92553.21
S000302,2024-02-01,M002,Consulting,44,26,1162981.94,782901.01,380080.93,91737.99
S000303,2024-03-01,M002,Consulting,41,29,930589.94,644798.61,285791.33,25770.54
S000304,2024-04-01,M002,Consulting,37,23,867518.48,587683.06,279835.42,42271.07
S000305,2024-05-01,M002,Consulting,47,36,1313890.2,893642.73,420247.47,32005.96
S000306,2024-06-01,M002,Consulting,39,23,956730.82,646495.17,310235.65,54326.43
S000307,2024-07-01,M002,Consulting,41,24,1156231.82,759112.0,397119.82,51799.29
S000308,2024-08-01,M002,Consulting,47,34,1246472.05,844607.96,401864.09,78160.48
S000309,2024-09-01,M002,Consulting,40,24,1039521.66,675161.03,364360.63,91585.75
S000310,2024-10-01,M002,Consulting,45,28,1070796.88,726320.77,344476.11,45179.97
S000311,2024-11-01,M002,Consulting,46,36,1263679.04,824433.62,439245.42,36054.26
S000312,2024-12-01,M002,Consulting,51,32,1459926.17,1000199.28,459726.89,126754.62
S000313,2025-01-01,M002,Consulting,49,30,1190586.79,808228.03,382358.76,52678.04
S000314,2025-02-01,M002,Consulting,44,27,1121746.8,727031.11,394715.69,64725.3
S000315,2025-03-01,M002,Consulting,55,39,1284687.58,864518.46,420169.12,78466.32
S000316,2025-04-01,M002,Consulting,42,30,1084398.39,731184.54,353213.85,25672.46
S000317,2025-05-01,M002,Consulting,44,32,1017649.85,694287.5,323362.35,20722.1
S000318,2025-06-01,M002,Consulting,46,35,1151985.89,797291.65,354694.24,93873.0
S000319,2025-07-01,M002,Consulting,45,26,1283600.82,841105.19,442495.63,83707.27
S000320,2025-08-01,M002,Consulting,51,29,1330505.01,888922.55,441582.46,93957.92
S000321,2025-09-01,M002,Consulting,52,40,1226896.05,845251.26,381644.79,39635.13
S000322,2025-10-01,M002,Consulting,56,44,1398948.1,931311.97,467636.13,119697.65
S000323,2025-11-01,M002,Consulting,57,44,1594839.75,1015204.86,579634.89,95303.37
S000324,2025-12-01,M002,Consulting,44,35,1068254.45,742806.42,325448.03,61991.91
S000325,2023-01-01,M002,Digital Solutions,50,38,711903.63,461006.5,250897.13,19851.63
S000326,2023-02-01,M002,Digital Solutions,40,26,540017.08,349483.9,190533.18,38645.38
S000327,2023-03-01,M002,Digital Solutions,53,36,808275.95,522574.4,285701.55,64605.7
S000328,2023-04-01,M002,Digital Solutions,50,37,720174.12,461778.72,258395.4,48142.13
S000329,2023-05-01,M002,Digital Solutions,41,23,563036.84,366471.01,196565.83,21538.96
S000330,2023-06-01,M002,Digital Solutions,42,31,669443.12,437893.96,231549.16,47263.87
S000331,2023-07-01,M002,Digital Solutions,39,27,585962.91,374856.56,211106.35,16568.53
S000332,2023-08-01,M002,Digital Solutions,43,28,617429.33,425845.39,191583.94,42756.36
S000333,2023-09-01,M002,Digital Solutions,43,24,679677.62,444306.79,235370.83,42835.85
S000334,2023-10-01,M002,Digital Solutions,46,26,604262.88,411420.9,192841.98,37707.05
S000335,2023-11-01,M002,Digital Solutions,49,33,698147.02,466537.49,231609.53,46417.43
S000336,2023-12-01,M002,Digital Solutions,46,28,701113.07,482637.9,218475.17,18040.29
S000337,2024-01-01,M002,Digital Solutions,46,33,592174.54,396668.19,195506.35,14403.5
S000338,2024-02-01,M002,Digital Solutions,48,32,701013.88,452147.74,248866.14,30121.33
S000339,2024-03-01,M002,Digital Solutions,51,29,679264.17,455778.69,223485.48,17909.42
S000340,2024-04-01,M002,Digital Solutions,47,35,666789.61,444611.89,222177.72,34656.99
S000341,2024-05-01,M002,Digital Solutions,41,27,632392.35,429645.34,202747.01,30175.49
S000342,2024-06-01,M002,Digital Solutions,52,38,760452.65,485714.33,274738.32,33548.91
S000343,2024-07-01,M002,Digital Solutions,41,32,650712.63,416547.93,234164.7,55547.62
S000344,2024-08-01,M002,Digital Solutions,41,26,626947.49,427546.63,199400.86,55474.4
S000345,2024-09-01,M002,Digital Solutions,50,32,803749.9,529630.01,274119.89,65002.0
S000346,2024-10-01,M002,Digital Solutions,59,37,884383.82,597584.83,286798.99,51074.07
S000347,2024-11-01,M002,Digital Solutions,55,35,727356.17,486045.22,241310.95,41473.11
S000348,2024-12-01,M002,Digital Solutions,56,33,706280.77,450158.02,256122.75,28876.58
S000349,2025-01-01,M002,Digital Solutions,51,34,737550.15,505518.07,232032.08,27529.68
S000350,2025-02-01,M002,Digital Solutions,47,29,746404.0,507182.59,239221.41,20824.02
S000351,2025-03-01,M002,Digital Solutions,58,37,886308.85,610689.31,275619.54,18696.87
S000352,2025-04-01,M002,Digital Solutions,45,25,572288.26,384501.65,187786.61,39619.54
S000353,2025-05-01,M002,Digital Solutions,43,31,602340.94,391557.97,210782.97,21207.73
S000354,2025-06-01,M002,Digital Solutions,55,31,789999.95,516151.05,273848.9,60912.98
S000355,2025-07-01,M002,Digital Solutions,54,34,793406.44,536621.96,256784.48,33677.37
S000356,2025-08-01,M002,Digital Solutions,47,27,700804.94,455006.41,245798.53,28757.58
S000357,2025-09-01,M002,Digital Solutions,44,34,689875.94,476493.63,213382.31,44027.55
S000358,2025-10-01,M002,Digital Solutions,54,36,864162.85,598428.61,265734.24,57893.71
S000359,2025-11-01,M002,Digital Solutions,60,37,843428.17,543971.58,299456.59,39094.76
S000360,2025-12-01,M002,Digital Solutions,59,39,918788.9,600928.54,317860.36,63883.74
S000361,2023-01-01,M002,SaaS,60,41,822201.51,550412.28,271789.23,24161.62
S000362,2023-02-01,M002,SaaS,50,30,637005.88,440383.55,196622.33,50514.14
S000363,2023-03-01,M002,SaaS,51,37,579943.69,378185.74,201757.95,38947.3
S000364,2023-04-01,M002,SaaS,56,43,636411.43,433842.81,202568.62,44995.16
S000365,2023-05-01,M002,SaaS,55,36,737463.19,483759.52,253703.67,64152.94
S000366,2023-06-01,M002,SaaS,47,36,643252.94,413636.71,229616.23,57873.49
S000367,2023-07-01,M002,SaaS,54,32,681113.05,441545.69,239567.36,57253.58
S000368,2023-08-01,M002,SaaS,56,41,668751.17,446738.49,222012.68,30192.89
S000369,2023-09-01,M002,SaaS,51,34,626883.43,402406.81,224476.62,55599.73
S000370,2023-10-01,M002,SaaS,59,44,799036.5,525959.62,273076.88,39132.9
S000371,2023-11-01,M002,SaaS,61,36,685503.86,446706.15,238797.71,58564.7
S000372,2023-12-01,M002,SaaS,62,40,697948.52,457709.0,240239.52,32516.57
S000373,2024-01-01,M002,SaaS,62,41,791357.08,535820.6,255536.48,30081.76
S000374,2024-02-01,M002,SaaS,62,49,788955.17,524998.96,263956.21,25070.12
S000375,2024-03-01,M002,SaaS,67,39,868383.02,577734.34,290648.68,73103.05
S000376,2024-04-01,M002,SaaS,57,40,625643.18,399178.76,226464.42,49593.99
S000377,2024-05-01,M002,SaaS,65,46,851046.07,562323.19,288722.88,67214.03
S000378,2024-06-01,M002,SaaS,53,38,573853.49,382383.82,191469.67,26468.45
S000379,2024-07-01,M002,SaaS,59,42,746323.93,496299.63,250024.3,40413.3
S000380,2024-08-01,M002,SaaS,49,33,530942.09,354544.58,176397.51,20829.84
S000381,2024-09-01,M002,SaaS,66,36,873805.13,591078.47,282726.66,66786.45
S000382,2024-10-01,M002,SaaS,71,40,787314.86,507766.0,279548.86,26324.06
S000383,2024-11-01,M002,SaaS,64,48,742526.35,489929.12,252597.23,34240.57
S000384,2024-12-01,M002,SaaS,62,42,853783.34,554576.19,299207.15,57957.3
S000385,2025-01-01,M002,SaaS,65,46,869352.74,592529.23,276823.51,23077.0
S000386,2025-02-01,M002,SaaS,57,39,625195.65,397978.93,227216.72,20004.29
S000387,2025-03-01,M002,SaaS,64,42,841800.25,563965.25,277835.0,67392.19
S000388,2025-04-01,M002,SaaS,52,35,568238.07,368607.53,199630.54,45895.56
S000389,2025-05-01,M002,SaaS,67,44,732958.96,469431.54,263527.42,62148.28
S000390,2025-06-01,M002,SaaS,67,46,730213.26,505107.48,225105.78,30679.13
S000391,2025-07-01,M002,SaaS,69,48,900916.68,611508.62,289408.06,43136.54
S000392,2025-08-01,M002,SaaS,53,31,610635.08,418943.93,191691.15,28846.99
S000393,2025-09-01,M002,SaaS,68,43,888544.29,572575.31,315968.98,79252.34
S000394,2025-10-01,M002,SaaS,70,47,960607.9,614041.5,346566.4,48603.09
S000395,2025-11-01,M002,SaaS,73,46,956812.24,663349.8,293462.44,45706.17
S000396,2025-12-01,M002,SaaS,72,40,836638.64,581928.32,254710.32,45464.82
S000397,2023-01-01,M002,IT Services,46,30,787463.85,532042.32,255421.53,20472.95
S000398,2023-02-01,M002,IT Services,42,31,724602.23,464413.71,260188.52,22314.46
S000399,2023-03-01,M002,IT Services,47,33,815855.19,534385.72,281469.47,22402.21
S000400,2023-04-01,M002,IT Services,35,21,554388.45,361564.38,192824.07,16229.99
S000401,2023-05-01,M002,IT Services,37,24,614901.52,406131.79,208769.73,13428.42
S000402,2023-06-01,M002,IT Services,39,22,654894.83,429261.18,225633.65,30758.22
S000403,2023-07-01,M002,IT Services,39,25,574813.12,396660.23,178152.89,47919.03
S000404,2023-08-01,M002,IT Services,48,33,723759.92,476844.82,246915.1,21509.28
S000405,2023-09-01,M002,IT Services,39,26,571469.68,378358.97,193110.71,28274.7
S000406,2023-10-01,M002,IT Services,45,25,693305.95,451200.33,242105.62,44199.89
S000407,2023-11-01,M002,IT Services,47,28,696910.81,455974.44,240936.37,60225.39
S000408,2023-12-01,M002,IT Services,43,30,757501.15,496748.43,260752.72,32899.44
S000409,2024-01-01,M002,IT Services,47,35,859954.37,553954.63,305999.74,36502.11
S000410,2024-02-01,M002,IT Services,48,28,751523.19,521462.76,230060.43,65991.83
S000411,2024-03-01,M002,IT Services,43,31,703653.26,471836.63,231816.63,26013.85
S000412,2024-04-01,M002,IT Services,41,30,654841.36,420953.81,233887.55,38943.11
S000413,2024-05-01,M002,IT Services,44,30,753581.42,504150.45,249430.97,65343.29
S000414,2024-06-01,M002,IT Services,43,31,694614.25,453916.43,240697.82,47580.01
S000415,2024-07-01,M002,IT Services,48,35,769755.19,512624.78,257130.41,49521.06
S000416,2024-08-01,M002,IT Services,40,28,690437.82,471806.96,218630.86,17383.54
S000417,2024-09-01,M002,IT Services,50,33,800161.02,533224.71,266936.31,67555.56
S000418,2024-10-01,M002,IT Services,50,34,878144.18,577442.82,300701.36,72609.44
S000419,2024-11-01,M002,IT Services,48,34,707516.53,482623.38,224893.15,46718.81
S000420,2024-12-01,M002,IT Services,46,32,670550.59,466043.72,204506.87,45210.55
S000421,2025-01-01,M002,IT Services,43,31,785303.29,519735.18,265568.11,16285.89
S000422,2025-02-01,M002,IT Services,41,27,675482.83,453134.89,222347.94,40708.97
S000423,2025-03-01,M002,IT Services,48,31,839489.71,563562.37,275927.34,46199.31
S000424,2025-04-01,M002,IT Services,43,23,637182.49,421151.2,216031.29,55639.38
S000425,2025-05-01,M002,IT Services,40,31,598668.03,391955.99,206712.04,31054.88
S000426,2025-06-01,M002,IT Services,41,27,668490.66,442734.65,225756.01,45974.39
S000427,2025-07-01,M002,IT Services,43,26,758551.98,487676.95,270875.03,60261.34
S000428,2025-08-01,M002,IT Services,48,34,722755.99,502340.01,220415.98,26795.39
S000429,2025-09-01,M002,IT Services,41,24,682215.23,473121.55,209093.68,24716.58
S000430,2025-10-01,M002,IT Services,48,28,814171.94,538923.26,275248.68,17947.17
S000431,2025-11-01,M002,IT Services,52,31,871978.26,574921.55,297056.71,60455.55
S000432,2025-12-01,M002,IT Services,46,33,811206.28,518972.32,292233.96,22002.06
S000433,2023-01-01,M003,Software,9,5,164330.79,117125.33,47205.46,13209.66
S000434,2023-02-01,M003,Software,10,7,188863.69,138565.23,50298.46,11537.75
S000435,2023-03-01,M003,Software,10,7,189781.32,141543.52,48237.8,13174.46
S000436,2023-04-01,M003,Software,9,6,149232.45,105214.38,44018.07,4215.86
S000437,2023-05-01,M003,Software,9,5,173884.18,126526.74,47357.44,8568.45
S000438,2023-06-01,M003,Software,9,5,153323.02,112712.37,40610.65,10508.81
S000439,2023-07-01,M003,Software,11,8,205668.17,149392.94,56275.23,6133.18
S000440,2023-08-01,M003,Software,10,6,164412.51,118137.35,46275.16,3398.54
S000441,2023-09-01,M003,Software,9,6,184835.08,134435.41,50399.67,10100.85
S000442,2023-10-01,M003,Software,12,7,239754.16,174138.71,65615.45,6182.53
S000443,2023-11-01,M003,Software,10,7,175144.05,124963.73,50180.32,10094.01
S000444,2023-12-01,M003,Software,10,6,195413.32,145183.34,50229.98,11427.93
S000445,2024-01-01,M003,Software,9,5,177192.08,132255.63,44936.45,8094.19
S000446,2024-02-01,M003,Software,12,6,233224.93,170203.17,63021.76,20823.32
S000447,2024-03-01,M003,Software,10,7,195810.55,139977.63,55832.92,17613.53
S000448,2024-04-01,M003,Software,11,7,218628.06,158143.34,60484.72,19584.05
S000449,2024-05-01,M003,Software,12,7,238177.95,174411.86,63766.09,10609.44
S000450,2024-06-01,M003,Software,12,8,203363.01,143442.93,59920.08,7008.58
S000451,2024-07-01,M003,Software,10,5,177786.7,126915.72,50870.98,10260.75
S000452,2024-08-01,M003,Software,11,7,192522.0,137276.0,55246.0,15413.54
S000453,2024-09-01,M003,Software,13,9,216170.67,163158.34,53012.33,16212.45
S000454,2024-10-01,M003,Software,14,11,281424.0,198295.09,83128.91,22689.96
S000455,2024-11-01,M003,Software,12,8,239138.02,177605.04,61532.98,16102.7
S000456,2024-12-01,M003,Software,13,9,226319.95,163369.85,62950.1,11687.03
S000457,2025-01-01,M003,Software,13,10,216046.04,157267.86,58778.18,8528.59
S000458,2025-02-01,M003,Software,14,8,286666.01,205435.57,81230.44,5782.95
S000459,2025-03-01,M003,Software,14,10,272848.71,197680.79,75167.92,18141.73
S000460,2025-04-01,M003,Software,12,6,223258.92,158529.42,64729.5,11179.69
S000461,2025-05-01,M003,Software,11,6,219203.01,157226.71,61976.3,13252.0
S000462,2025-06-01,M003,Software,13,8,230708.77,170252.26,60456.51,5395.97
S000463,2025-07-01,M003,Software,11,8,200949.3,141559.58,59389.72,16083.1
S000464,2025-08-01,M003,Software,13,7,266644.86,189088.29,77556.57,18185.56
S000465,2025-09-01,M003,Software,12,8,202984.78,152840.14,50144.64,7953.22
S000466,2025-10-01,M003,Software,15,9,268099.45,201403.82,66695.63,8468.39
S000467,2025-11-01,M003,Software,14,8,270864.81,192598.05,78266.76,17845.65
S000468,2025-12-01,M003,Software,15,8,275184.45,193994.58,81189.87,9860.78
S000469,2023-01-01,M003,Business Services,7,5,69569.47,52614.65,16954.82,3448.0
S000470,2023-02-01,M003,Business Services,8,4,71695.26,53115.13,18580.13,1947.95
S000471,2023-03-01,M003,Business Services,9,6,75676.87,56258.76,19418.11,5503.3
S000472,2023-04-01,M003,Business Services,8,6,67371.36,49102.3,18269.06,1387.39
S000473,2023-05-01,M003,Business Services,9,5,87529.25,64306.41,23222.84,2678.06
S000474,2023-06-01,M003,Business Services,9,6,90314.24,63418.78,26895.46,2441.42
S000475,2023-07-01,M003,Business Services,10,6,89640.72,67660.36,21980.36,3766.28
S000476,2023-08-01,M003,Business Services,8,4,66316.48,48424.55,17891.93,4111.66
S000477,2023-09-01,M003,Business Services,10,7,96535.71,72196.5,24339.21,6379.89
S000478,2023-10-01,M003,Business Services,9,6,83217.83,61736.86,21480.97,3385.96
S000479,2023-11-01,M003,Business Services,9,6,92232.1,67024.45,25207.65,2572.54
S000480,2023-12-01,M003,Business Services,10,6,92886.45,70190.74,22695.71,8274.49
S000481,2024-01-01,M003,Business Services,11,6,110405.15,80717.52,29687.63,5032.14
S000482,2024-02-01,M003,Business Services,10,7,102475.19,76161.82,26313.37,2169.22
S000483,2024-03-01,M003,Business Services,9,5,73706.49,51640.84,22065.65,5546.44
S000484,2024-04-01,M003,Business Services,10,7,92273.6,66614.7,25658.9,6378.57
S000485,2024-05-01,M003,Business Services,9,6,85374.95,60927.67,24447.28,3559.58
S000486,2024-06-01,M003,Business Services,10,6,99181.35,72321.4,26859.95,4696.36
S000487,2024-07-01,M003,Business Services,11,8,105956.13,74271.74,31684.39,7301.15
S000488,2024-08-01,M003,Business Services,11,8,90533.17,63569.93,26963.24,4564.13
S000489,2024-09-01,M003,Business Services,10,7,87959.03,65221.76,22737.27,6319.51
S000490,2024-10-01,M003,Business Services,10,7,96783.74,68409.65,28374.09,8392.23
S000491,2024-11-01,M003,Business Services,12,8,116660.67,82481.17,34179.5,3369.76
S000492,2024-12-01,M003,Business Services,13,8,131227.63,97539.64,33687.99,2894.22
S000493,2025-01-01,M003,Business Services,12,7,98924.54,73178.38,25746.16,5971.64
S000494,2025-02-01,M003,Business Services,9,5,80192.51,58298.08,21894.43,4786.05
S000495,2025-03-01,M003,Business Services,11,6,91646.9,67033.73,24613.17,6469.77
S000496,2025-04-01,M003,Business Services,10,6,81990.85,61392.76,20598.09,3043.39
S000497,2025-05-01,M003,Business Services,11,7,92814.6,69877.29,22937.31,7427.39
S000498,2025-06-01,M003,Business Services,12,9,117197.98,84635.95,32562.03,4983.98
S000499,2025-07-01,M003,Business Services,11,8,95813.63,67229.86,28583.77,4416.68
S000500,2025-08-01,M003,Business Services,12,9,102042.3,76048.07,25994.23,9051.05
S000501,2025-09-01,M003,Business Services,13,7,118904.0,84890.13,34013.87,9409.97
S000502,2025-10-01,M003,Business Services,12,8,97415.17,69071.28,28343.89,5792.94
S000503,2025-11-01,M003,Business Services,12,8,109726.02,80374.47,29351.55,5983.94
S000504,2025-12-01,M003,Business Services,14,8,141763.96,105278.02,36485.94,5267.79
S000505,2023-01-01,M003,Consulting,5,3,123325.74,92170.51,31155.23,10039.2
S000506,2023-02-01,M003,Consulting,6,3,159648.89,119407.85,40241.04,11319.91
S000507,2023-03-01,M003,Consulting,5,3,119942.74,87141.01,32801.73,2901.73
S000508,2023-04-01,M003,Consulting,7,5,161569.92,121545.25,40024.67,13379.62
S000509,2023-05-01,M003,Consulting,6,4,148968.45,112541.68,36426.77,3864.71
S000510,2023-06-01,M003,Consulting,5,2,138123.84,96892.47,41231.37,8252.55
S000511,2023-07-01,M003,Consulting,6,4,143878.94,102536.69,41342.25,6050.2
S000512,2023-08-01,M003,Consulting,6,4,162575.73,116417.79,46157.94,6346.45
S000513,2023-09-01,M003,Consulting,5,3,136873.03,100202.35,36670.68,4226.47
S000514,2023-10-01,M003,Consulting,6,3,150244.22,109551.4,40692.82,13150.04
S000515,2023-11-01,M003,Consulting,6,3,144937.8,102064.45,42873.35,4497.87
S000516,2023-12-01,M003,Consulting,7,5,187988.41,131482.81,56505.6,14759.86
S000517,2024-01-01,M003,Consulting,6,3,144308.2,103663.01,40645.19,8072.91
S000518,2024-02-01,M003,Consulting,7,4,200842.1,140361.5,60480.6,9702.17
S000519,2024-03-01,M003,Consulting,7,5,168431.05,122065.79,46365.26,12846.7
S000520,2024-04-01,M003,Consulting,6,3,166138.96,125593.42,40545.54,4842.96
S000521,2024-05-01,M003,Consulting,7,4,185075.52,136156.56,48918.96,11245.68
S000522,2024-06-01,M003,Consulting,6,4,135817.51,95190.19,40627.32,11296.58
S000523,2024-07-01,M003,Consulting,6,3,168940.42,126158.18,42782.24,7299.66
S000524,2024-08-01,M003,Consulting,6,3,141299.6,103351.2,37948.4,10953.26
S000525,2024-09-01,M003,Consulting,7,3,187390.57,132554.17,54836.4,6564.32
S000526,2024-10-01,M003,Consulting,7,4,196149.79,137124.19,59025.6,12424.59
S000527,2024-11-01,M003,Consulting,7,4,175524.66,128140.25,47384.41,4259.73
S000528,2024-12-01,M003,Consulting,7,4,166226.28,124682.87,41543.41,9442.81
S000529,2025-01-01,M003,Consulting,7,5,192274.52,145429.57,46844.95,14369.46
S000530,2025-02-01,M003,Consulting,7,4,178704.73,134343.18,44361.55,9858.7
S000531,2025-03-01,M003,Consulting,8,4,195943.88,139147.82,56796.06,16205.25
S000532,2025-04-01,M003,Consulting,8,4,229576.57,167307.58,62268.99,16914.96
S000533,2025-05-01,M003,Consulting,8,6,185006.72,136241.14,48765.58,7151.78
S000534,2025-06-01,M003,Consulting,8,6,182795.43,138336.57,44458.86,6463.43
S000535,2025-07-01,M003,Consulting,8,5,197740.23,147781.82,49958.41,15654.2
S000536,2025-08-01,M003,Consulting,7,4,192771.7,142430.83,50340.87,16188.7
S000537,2025-09-01,M003,Consulting,6,4,170533.45,124628.64,45904.81,10132.69
S000538,2025-10-01,M003,Consulting,8,6,224081.32,162802.61,61278.71,9329.34
S000539,2025-11-01,M003,Consulting,8,4,191631.17,136082.76,55548.41,10894.5
S000540,2025-12-01,M003,Consulting,7,5,166314.07,117223.04,49091.03,11672.86
S000541,2023-01-01,M003,Digital Solutions,11,6,139443.65,102100.16,37343.49,11741.95
S000542,2023-02-01,M003,Digital Solutions,10,7,156123.43,117815.97,38307.46,7205.31
S000543,2023-03-01,M003,Digital Solutions,12,7,155443.35,111158.46,44284.89,4593.6
S000544,2023-04-01,M003,Digital Solutions,9,7,138343.04,104399.15,33943.89,9053.53
S000545,2023-05-01,M003,Digital Solutions,9,7,135247.15,101804.68,33442.47,10155.63
S000546,2023-06-01,M003,Digital Solutions,9,6,118923.58,85079.05,33844.53,8109.98
S000547,2023-07-01,M003,Digital Solutions,9,6,143286.83,108027.08,35259.75,6793.53
S000548,2023-08-01,M003,Digital Solutions,12,9,152560.08,111848.4,40711.68,12887.16
S000549,2023-09-01,M003,Digital Solutions,12,7,174953.11,131774.9,43178.21,5221.48
S000550,2023-10-01,M003,Digital Solutions,12,7,192459.95,136083.28,56376.67,15776.41
S000551,2023-11-01,M003,Digital Solutions,10,7,148368.59,111306.0,37062.59,7605.98
S000552,2023-12-01,M003,Digital Solutions,11,6,141210.1,100598.0,40612.1,3892.09
S000553,2024-01-01,M003,Digital Solutions,9,5,136476.41,103059.63,33416.78,11179.96
S000554,2024-02-01,M003,Digital Solutions,11,7,159621.92,112227.89,47394.03,8550.03
S000555,2024-03-01,M003,Digital Solutions,13,9,195065.8,137864.59,57201.21,4907.79
S000556,2024-04-01,M003,Digital Solutions,12,7,164586.11,124114.34,40471.77,4146.59
S000557,2024-05-01,M003,Digital Solutions,10,6,151619.48,110655.35,40964.13,12564.51
S000558,2024-06-01,M003,Digital Solutions,10,6,147477.57,107063.44,40414.13,3269.51
S000559,2024-07-01,M003,Digital Solutions,13,7,204283.77,144311.41,59972.36,5533.65
S000560,2024-08-01,M003,Digital Solutions,10,5,150401.88,111345.86,39056.02,10693.3
S000561,2024-09-01,M003,Digital Solutions,11,6,147745.61,103418.7,44326.91,8868.27
S000562,2024-10-01,M003,Digital Solutions,14,8,194080.62,140253.59,53827.03,7883.26
S000563,2024-11-01,M003,Digital Solutions,13,9,172885.2,120767.94,52117.26,5525.11
S000564,2024-12-01,M003,Digital Solutions,12,6,186638.3,133539.93,53098.37,8925.55
S000565,2025-01-01,M003,Digital Solutions,12,8,155027.75,113115.62,41912.13,5106.88
S000566,2025-02-01,M003,Digital Solutions,14,8,198242.99,141307.16,56935.83,10418.47
S000567,2025-03-01,M003,Digital Solutions,12,7,153788.85,114131.95,39656.9,10261.22
S000568,2025-04-01,M003,Digital Solutions,11,6,159445.79,120420.21,39025.58,9770.97
S000569,2025-05-01,M003,Digital Solutions,13,9,201037.44,145172.74,55864.7,11556.84
S000570,2025-06-01,M003,Digital Solutions,14,9,219601.04,159337.19,60263.85,5605.72
S000571,2025-07-01,M003,Digital Solutions,14,10,201002.97,150958.72,50044.25,15282.56
S000572,2025-08-01,M003,Digital Solutions,14,9,182293.81,135340.63,46953.18,5851.91
S000573,2025-09-01,M003,Digital Solutions,15,11,231444.19,163068.9,68375.29,11488.02
S000574,2025-10-01,M003,Digital Solutions,16,10,257447.08,189129.27,68317.81,20180.65
S000575,2025-11-01,M003,Digital Solutions,13,10,205394.91,143986.09,61408.82,9687.85
S000576,2025-12-01,M003,Digital Solutions,14,8,189933.84,137605.06,52328.78,15411.73
S000577,2023-01-01,M003,SaaS,9,6,108529.03,78343.48,30185.55,3296.46
S000578,2023-02-01,M003,SaaS,9,6,122570.55,92233.81,30336.74,7279.2
S000579,2023-03-01,M003,SaaS,8,4,99255.2,71228.72,28026.48,4839.91
S000580,2023-04-01,M003,SaaS,8,5,101015.09,70634.59,30380.5,3967.77
S000581,2023-05-01,M003,SaaS,8,5,103047.87,72064.15,30983.72,8477.77
S000582,2023-06-01,M003,SaaS,8,4,104298.0,78458.18,25839.82,8635.06
S000583,2023-07-01,M003,SaaS,8,6,93673.32,66865.96,26807.36,5097.08
S000584,2023-08-01,M003,SaaS,10,5,134067.0,94525.7,39541.3,11824.09
S000585,2023-09-01,M003,SaaS,9,6,104474.34,75431.14,29043.2,6810.56
S000586,2023-10-01,M003,SaaS,9,5,119447.17,88564.9,30882.27,8739.3
S000587,2023-11-01,M003,SaaS,11,8,135803.9,95950.66,39853.24,5673.7
S000588,2023-12-01,M003,SaaS,10,5,133538.86,100122.09,33416.77,2941.38
S000589,2024-01-01,M003,SaaS,9,6,119798.37,85292.78,34505.59,6223.69
S000590,2024-02-01,M003,SaaS,11,7,127841.26,95422.04,32419.22,7077.14
S000591,2024-03-01,M003,SaaS,11,6,119808.59,86184.07,33624.52,7378.18
S000592,2024-04-01,M003,SaaS,9,6,113045.77,81165.23,31880.54,3554.83
S000593,2024-05-01,M003,SaaS,11,8,141532.07,101068.64,40463.43,6660.44
S000594,2024-06-01,M003,SaaS,9,6,123252.78,92245.67,31007.11,8050.45
S000595,2024-07-01,M003,SaaS,11,6,132313.74,92381.87,39931.87,9873.42
S000596,2024-08-01,M003,SaaS,11,6,148880.01,109552.21,39327.8,9242.46
S000597,2024-09-01,M003,SaaS,9,5,118937.31,85079.14,33858.17,10429.82
S000598,2024-10-01,M003,SaaS,12,7,143153.12,102772.85,40380.27,5388.27
S000599,2024-11-01,M003,SaaS,11,7,146002.26,105242.69,40759.57,3965.69
S000600,2024-12-01,M003,SaaS,12,8,159958.22,115082.55,44875.67,10447.5
S000601,2025-01-01,M003,SaaS,11,6,122367.45,85758.81,36608.64,10913.37
S000602,2025-02-01,M003,SaaS,11,8,127417.85,94246.6,33171.25,10507.66
S000603,2025-03-01,M003,SaaS,11,6,144060.65,108186.84,35873.81,11003.37
S000604,2025-04-01,M003,SaaS,12,8,153379.09,113170.05,40209.04,10811.67
S000605,2025-05-01,M003,SaaS,12,9,138939.35,100330.04,38609.31,6555.05
S000606,2025-06-01,M003,SaaS,10,7,125161.27,88663.61,36497.66,8868.74
S000607,2025-07-01,M003,SaaS,10,6,131546.91,98843.24,32703.67,8817.69
S000608,2025-08-01,M003,SaaS,12,9,159862.99,119831.65,40031.34,5224.24
S000609,2025-09-01,M003,SaaS,10,5,115759.56,86298.83,29460.73,8497.25
S000610,2025-10-01,M003,SaaS,12,8,141682.77,99512.03,42170.74,6357.28
S000611,2025-11-01,M003,SaaS,14,8,184299.8,132120.66,52179.14,7047.47
S000612,2025-12-01,M003,SaaS,12,9,146539.32,109755.55,36783.77,8916.95
S000613,2023-01-01,M003,IT Services,8,6,131215.28,98286.79,32928.49,6129.96
S000614,2023-02-01,M003,IT Services,9,5,160352.63,113087.4,47265.23,5455.32
S000615,2023-03-01,M003,IT Services,10,6,180264.84,130593.64,49671.2,7597.59
S000616,2023-04-01,M003,IT Services,10,7,163503.23,120152.31,43350.92,5293.86
S000617,2023-05-01,M003,IT Services,10,5,154941.11,115070.36,39870.75,4927.5
S000618,2023-06-01,M003,IT Services,11,7,191997.04,134836.16,57160.88,12098.42
S000619,2023-07-01,M003,IT Services,11,7,200874.42,144629.38,56245.04,4547.95
S000620,2023-08-01,M003,IT Services,9,5,130106.78,93199.75,36907.03,10190.74
S000621,2023-09-01,M003,IT Services,9,6,152160.73,108327.7,43833.03,10430.12
S000622,2023-10-01,M003,IT Services,11,6,175276.22,128358.32,46917.9,5554.75
S000623,2023-11-01,M003,IT Services,13,8,202323.05,149854.6,52468.45,12492.62
S000624,2023-12-01,M003,IT Services,11,8,202200.79,145092.0,57108.79,16802.25
S000625,2024-01-01,M003,IT Services,10,5,181923.37,136823.17,45100.2,8775.51
S000626,2024-02-01,M003,IT Services,10,7,149248.23,110599.59,38648.64,9145.71
S000627,2024-03-01,M003,IT Services,11,7,187023.78,130774.85,56248.93,15215.9
S000628,2024-04-01,M003,IT Services,10,6,145943.48,110432.63,35510.85,9681.58
S000629,2024-05-01,M003,IT Services,12,6,205907.99,148666.91,57241.08,9598.97
S000630,2024-06-01,M003,IT Services,11,7,165137.59,121989.04,43148.55,10588.92
S000631,2024-07-01,M003,IT Services,11,7,187549.25,133759.87,53789.38,11702.02
S000632,2024-08-01,M003,IT Services,10,7,148196.57,109684.13,38512.44,4185.28
S000633,2024-09-01,M003,IT Services,10,5,151945.87,107727.34,44218.53,5836.18
S000634,2024-10-01,M003,IT Services,13,7,223778.71,159939.36,63839.35,5092.85
S000635,2024-11-01,M003,IT Services,13,7,235722.47,168974.4,66748.07,4759.63
S000636,2024-12-01,M003,IT Services,14,10,248373.0,183086.0,65287.0,7560.5
S000637,2025-01-01,M003,IT Services,11,7,190236.8,133751.2,56485.6,7212.34
S000638,2025-02-01,M003,IT Services,11,8,171424.98,124258.54,47166.44,4626.18
S000639,2025-03-01,M003,IT Services,12,6,186747.22,139144.56,47602.66,7822.75
S000640,2025-04-01,M003,IT Services,13,7,226626.61,158582.73,68043.88,18048.52
S000641,2025-05-01,M003,IT Services,13,7,205791.43,148841.3,56950.13,13073.21
S000642,2025-06-01,M003,IT Services,14,8,247238.0,175037.62,72200.38,11880.88
S000643,2025-07-01,M003,IT Services,15,9,239142.93,178888.55,60254.38,18173.17
S000644,2025-08-01,M003,IT Services,13,9,193078.94,142640.97,50437.97,4654.22
S000645,2025-09-01,M003,IT Services,15,8,240961.66,176491.17,64470.49,18351.29
S000646,2025-10-01,M003,IT Services,15,8,238785.05,171570.86,67214.19,5257.36
S000647,2025-11-01,M003,IT Services,15,11,274406.67,193412.61,80994.06,23167.57
S000648,2025-12-01,M003,IT Services,13,8,189590.56,135120.58,54469.98,7962.17
S000649,2023-01-01,M004,Software,11,8,206744.13,150447.86,56296.27,18287.07
S000650,2023-02-01,M004,Software,11,6,204093.61,150179.18,53914.43,5442.55
S000651,2023-03-01,M004,Software,12,7,213070.47,156474.21,56596.26,10001.82
S000652,2023-04-01,M004,Software,12,8,247740.75,172693.63,75047.12,16112.54
S000653,2023-05-01,M004,Software,10,7,200334.2,149442.29,50891.91,5056.55
S000654,2023-06-01,M004,Software,11,6,226222.18,157636.38,68585.8,8051.12
S000655,2023-07-01,M004,Software,12,7,207090.0,149383.48,57706.52,15757.12
S000656,2023-08-01,M004,Software,11,8,200329.87,140415.7,59914.17,10981.31
S000657,2023-09-01,M004,Software,12,6,216666.28,157565.76,59100.52,4335.9
S000658,2023-10-01,M004,Software,11,7,208843.77,148712.61,60131.16,11608.3
S000659,2023-11-01,M004,Software,12,8,245719.18,175836.78,69882.4,5847.94
S000660,2023-12-01,M004,Software,12,7,224648.15,164214.54,60433.61,11933.17
S000661,2024-01-01,M004,Software,13,9,217270.37,160640.85,56629.52,7717.94
S000662,2024-02-01,M004,Software,12,9,246479.42,175325.5,71153.92,13935.69
S000663,2024-03-01,M004,Software,15,8,254080.49,178422.17,75658.32,17831.35
S000664,2024-04-01,M004,Software,14,8,265283.66,187038.94,78244.72,22579.66
S000665,2024-05-01,M004,Software,13,8,256313.09,188853.35,67459.74,7059.79
S000666,2024-06-01,M004,Software,13,10,259591.77,189275.8,70315.97,19222.81
S000667,2024-07-01,M004,Software,13,9,266537.13,187076.59,79460.54,14637.69
S000668,2024-08-01,M004,Software,14,7,285724.42,212615.82,73108.6,15373.47
S000669,2024-09-01,M004,Software,14,10,237963.75,173359.75,64604.0,16927.46
S000670,2024-10-01,M004,Software,13,8,245731.94,183503.21,62228.73,13585.96
S000671,2024-11-01,M004,Software,15,11,304823.94,225430.25,79393.69,11934.38
S000672,2024-12-01,M004,Software,18,14,328280.5,230388.01,97892.49,16050.35
S000673,2025-01-01,M004,Software,16,11,280721.75,206580.23,74141.52,22527.79
S000674,2025-02-01,M004,Software,16,12,304746.0,215105.98,89640.02,19409.8
S000675,2025-03-01,M004,Software,15,9,288385.23,217061.83,71323.4,18890.98
S000676,2025-04-01,M004,Software,17,11,328514.87,234278.04,94236.83,9224.16
S000677,2025-05-01,M004,Software,15,10,281518.08,206586.25,74931.83,13857.29
S000678,2025-06-01,M004,Software,17,12,297273.49,221361.16,75912.33,22765.6
S000679,2025-07-01,M004,Software,16,8,269663.52,197937.14,71726.38,9166.72
S000680,2025-08-01,M004,Software,17,10,297326.09,210754.74,86571.35,23416.43
S000681,2025-09-01,M004,Software,17,10,333049.94,231715.63,101334.31,25638.8
S000682,2025-10-01,M004,Software,16,12,312443.46,232986.12,79457.34,22486.21
S000683,2025-11-01,M004,Software,19,11,374858.26,278043.36,96814.9,15044.83
S000684,2025-12-01,M004,Software,19,14,340935.92,256111.79,84824.13,30107.23
S000685,2023-01-01,M004,Business Services,8,4,69324.14,50678.28,18645.86,5176.07
S000686,2023-02-01,M004,Business Services,9,6,91357.6,67246.3,24111.3,5968.78
S000687,2023-03-01,M004,Business Services,9,6,85118.59,63019.15,22099.44,7447.9
S000688,2023-04-01,M004,Business Services,7,4,67451.88,47554.83,19897.05,2169.63
S000689,2023-05-01,M004,Business Services,8,5,72513.14,52731.26,19781.88,2110.47
S000690,2023-06-01,M004,Business Services,8,4,70750.13,52099.08,18651.05,2181.68
S000691,2023-07-01,M004,Business Services,7,4,57500.97,43110.94,14390.03,3627.89
S000692,2023-08-01,M004,Business Services,9,6,84496.71,60439.24,24057.47,6327.3
S000693,2023-09-01,M004,Business Services,8,4,68109.64,47533.08,20576.56,3770.54
S000694,2023-10-01,M004,Business Services,9,6,74761.9,52862.04,21899.86,2611.79
S000695,2023-11-01,M004,Business Services,9,5,77323.52,57138.94,20184.58,4417.87
S000696,2023-12-01,M004,Business Services,11,8,113383.05,78725.05,34658.0,7576.9
S000697,2024-01-01,M004,Business Services,9,6,85327.45,62380.16,22947.29,7433.96
S000698,2024-02-01,M004,Business Services,10,6,101608.48,76257.09,25351.39,4776.75
S000699,2024-03-01,M004,Business Services,10,6,101505.06,75431.1,26073.96,4694.31
S000700,2024-04-01,M004,Business Services,10,6,81986.66,61301.17,20685.49,2744.57
S000701,2024-05-01,M004,Business Services,9,7,76289.74,57307.07,18982.67,4398.73
S000702,2024-06-01,M004,Business Services,8,4,76866.03,56897.38,19968.65,6191.29
S000703,2024-07-01,M004,Business Services,9,5,83789.52,61666.12,22123.4,7401.6
S000704,2024-08-01,M004,Business Services,11,7,112358.84,82989.75,29369.09,3456.47
S000705,2024-09-01,M004,Business Services,10,6,82969.22,57834.2,25135.02,6272.06
S000706,2024-10-01,M004,Business Services,11,7,94734.23,67196.78,27537.45,4467.88
S000707,2024-11-01,M004,Business Services,12,7,97656.06,71698.88,25957.18,5609.21
S000708,2024-12-01,M004,Business Services,12,8,117610.94,85730.9,31880.04,8122.42
S000709,2025-01-01,M004,Business Services,9,7,75049.24,55612.5,19436.74,3084.11
S000710,2025-02-01,M004,Business Services,9,6,81762.94,58665.47,23097.47,5416.85
S000711,2025-03-01,M004,Business Services,12,8,100882.3,72358.79,28523.51,7649.29
S000712,2025-04-01,M004,Business Services,11,8,92665.87,68057.28,24608.59,7783.18
S000713,2025-05-01,M004,Business Services,12,8,107274.52,80538.27,26736.25,6302.02
S000714,2025-06-01,M004,Business Services,11,6,89224.49,65098.12,24126.37,5139.39
S000715,2025-07-01,M004,Business Services,13,8,127187.68,95138.01,32049.67,5605.11
S000716,2025-08-01,M004,Business Services,11,7,101785.68,71601.88,30183.8,3608.83
S000717,2025-09-01,M004,Business Services,13,7,110604.72,82044.33,28560.39,8810.5
S000718,2025-10-01,M004,Business Services,14,10,144720.86,104412.61,40308.25,8462.77
S000719,2025-11-01,M004,Business Services,12,6,99851.46,73624.01,26227.45,5402.3
S000720,2025-12-01,M004,Business Services,13,7,124472.58,87106.25,37366.33,7887.34
S000721,2023-01-01,M004,Consulting,11,7,289873.54,206430.7,83442.84,17650.95
S000722,2023-02-01,M004,Consulting,12,7,293724.99,211334.67,82390.32,5973.85
S000723,2023-03-01,M004,Consulting,12,7,325486.22,234339.48,91146.74,25650.82
S000724,2023-04-01,M004,Consulting,11,8,307854.65,222138.96,85715.69,13887.91
S000725,2023-05-01,M004,Consulting,11,7,259584.2,189547.78,70036.42,20487.82
S000726,2023-06-01,M004,Consulting,14,8,362129.08,256964.65,105164.43,29710.34
S000727,2023-07-01,M004,Consulting,11,6,248780.83,180174.71,68606.12,5518.85
S000728,2023-08-01,M004,Consulting,13,8,340440.45,254710.13,85730.32,19953.75
S000729,2023-09-01,M004,Consulting,13,10,330858.45,244938.43,85920.02,15089.56
S000730,2023-10-01,M004,Consulting,13,9,352074.68,250416.62,101658.06,18494.16
S000731,2023-11-01,M004,Consulting,14,9,358939.64,263304.02,95635.62,28484.99
S000732,2023-12-01,M004,Consulting,16,11,376584.36,272891.18,103693.18,19294.46
S000733,2024-01-01,M004,Consulting,12,9,319456.0,240187.51,79268.49,22845.7
S000734,2024-02-01,M004,Consulting,14,8,334146.67,241607.6,92539.07,8153.27
S000735,2024-03-01,M004,Consulting,15,8,356885.07,267044.09,89840.98,16162.47
S000736,2024-04-01,M004,Consulting,14,9,319063.28,240138.32,78924.96,13619.21
S000737,2024-05-01,M004,Consulting,15,10,415279.42,308923.18,106356.24,15960.07
S000738,2024-06-01,M004,Consulting,15,8,398782.06,285415.42,113366.64,26213.36
S000739,2024-07-01,M004,Consulting,16,10,397632.88,297522.66,100110.22,22325.51
S000740,2024-08-01,M004,Consulting,14,10,357600.39,258447.32,99153.07,22276.63
S000741,2024-09-01,M004,Consulting,15,8,353025.55,246561.97,106463.58,22961.98
S000742,2024-10-01,M004,Consulting,15,8,371458.4,273704.72,97753.68,10506.0
S000743,2024-11-01,M004,Consulting,15,11,405023.97,292707.18,112316.79,21675.68
S000744,2024-12-01,M004,Consulting,16,9,443336.5,308183.93,135152.57,10205.65
S000745,2025-01-01,M004,Consulting,16,9,422954.04,294440.07,128513.97,25402.13
S000746,2025-02-01,M004,Consulting,14,8,330753.28,248493.05,82260.23,20491.83
S000747,2025-03-01,M004,Consulting,18,9,485949.07,356445.93,129503.14,19361.1
S000748,2025-04-01,M004,Consulting,15,9,430572.73,321137.57,109435.16,13752.35
S000749,2025-05-01,M004,Consulting,19,13,521860.66,387756.66,134104.0,17081.49
S000750,2025-06-01,M004,Consulting,18,11,486471.01,347515.57,138955.44,25171.43
S000751,2025-07-01,M004,Consulting,18,10,448364.46,313996.0,134368.46,15318.1
S000752,2025-08-01,M004,Consulting,20,13,502474.38,353125.76,149348.62,13436.62
S000753,2025-09-01,M004,Consulting,18,12,409391.61,303290.44,106101.17,22611.95
S000754,2025-10-01,M004,Consulting,17,11,396347.44,289336.99,107010.45,30885.98
S000755,2025-11-01,M004,Consulting,22,16,584269.36,423666.95,160602.41,26833.4
S000756,2025-12-01,M004,Consulting,17,11,406882.91,301881.9,105001.01,30625.63
S000757,2023-01-01,M004,Digital Solutions,9,6,137388.49,101063.31,36325.18,3687.53
S000758,2023-02-01,M004,Digital Solutions,8,5,107310.36,79983.05,27327.31,4274.03
S000759,2023-03-01,M004,Digital Solutions,11,7,145877.31,107416.6,38460.71,10978.66
S000760,2023-04-01,M004,Digital Solutions,9,5,113626.61,83296.57,30330.04,7742.93
S000761,2023-05-01,M004,Digital Solutions,8,5,105133.8,77051.99,28081.81,3969.25
S000762,2023-06-01,M004,Digital Solutions,10,6,138797.54,98592.56,40204.98,9388.6
S000763,2023-07-01,M004,Digital Solutions,10,6,153432.59,110893.11,42539.48,7044.84
S000764,2023-08-01,M004,Digital Solutions,10,6,136732.86,97690.35,39042.51,9487.16
S000765,2023-09-01,M004,Digital Solutions,10,7,149074.9,110116.99,38957.91,7641.82
S000766,2023-10-01,M004,Digital Solutions,11,6,146856.64,105418.64,41438.0,6416.26
S000767,2023-11-01,M004,Digital Solutions,11,7,165811.41,116639.09,49172.32,14511.8
S000768,2023-12-01,M004,Digital Solutions,9,5,117977.85,88406.9,29570.95,5955.1
S000769,2024-01-01,M004,Digital Solutions,9,5,115921.25,80688.76,35232.49,5437.03
S000770,2024-02-01,M004,Digital Solutions,12,8,173082.23,127474.43,45607.8,10700.48
S000771,2024-03-01,M004,Digital Solutions,13,9,192933.25,138938.63,53994.62,6582.79
S000772,2024-04-01,M004,Digital Solutions,11,8,149611.25,104101.99,45509.26,9270.82
S000773,2024-05-01,M004,Digital Solutions,11,6,145125.09,101001.79,44123.3,5333.05
S000774,2024-06-01,M004,Digital Solutions,9,5,144799.74,107235.85,37563.89,6475.29
S000775,2024-07-01,M004,Digital Solutions,11,7,158533.09,116999.88,41533.21,3932.13
S000776,2024-08-01,M004,Digital Solutions,10,6,155041.77,116079.86,38961.91,6878.69
S000777,2024-09-01,M004,Digital Solutions,13,8,191389.54,135019.87,56369.67,16283.42
S000778,2024-10-01,M004,Digital Solutions,13,7,182324.63,127661.5,54663.13,4570.33
S000779,2024-11-01,M004,Digital Solutions,12,9,184923.57,138915.06,46008.51,15039.45
S000780,2024-12-01,M004,Digital Solutions,14,9,210415.4,158182.58,52232.82,12503.26
S000781,2025-01-01,M004,Digital Solutions,13,9,207536.36,149702.39,57833.97,10843.86
S000782,2025-02-01,M004,Digital Solutions,12,6,156083.27,108923.22,47160.05,10044.95
S000783,2025-03-01,M004,Digital Solutions,15,10,201071.33,143312.35,57758.98,17469.32
S000784,2025-04-01,M004,Digital Solutions,12,6,186151.44,131924.68,54226.76,4935.0
S000785,2025-05-01,M004,Digital Solutions,13,9,167259.31,125391.59,41867.72,8924.77
S000786,2025-06-01,M004,Digital Solutions,12,9,162501.18,121977.79,40523.39,11020.43
S000787,2025-07-01,M004,Digital Solutions,15,10,199482.49,147203.26,52279.23,16176.43
S000788,2025-08-01,M004,Digital Solutions,12,7,161687.21,118179.74,43507.47,4999.32
S000789,2025-09-01,M004,Digital Solutions,12,9,179584.11,131743.88,47840.23,11308.03
S000790,2025-10-01,M004,Digital Solutions,16,10,203966.74,147414.42,56552.32,12941.02
S000791,2025-11-01,M004,Digital Solutions,15,11,236092.49,176107.56,59984.93,12833.13
S000792,2025-12-01,M004,Digital Solutions,17,13,230875.86,163258.22,67617.64,13937.18
S000793,2023-01-01,M004,SaaS,7,4,86956.13,62951.76,24004.37,4135.65
S000794,2023-02-01,M004,SaaS,7,4,96106.65,70705.15,25401.5,5017.24
S000795,2023-03-01,M004,SaaS,8,4,91458.06,66641.88,24816.18,3912.62
S000796,2023-04-01,M004,SaaS,7,4,87119.83,61683.31,25436.52,4616.84
S000797,2023-05-01,M004,SaaS,7,4,86074.17,60805.54,25268.63,5943.41
S000798,2023-06-01,M004,SaaS,7,5,81472.22,57404.78,24067.44,2377.34
S000799,2023-07-01,M004,SaaS,7,4,77697.26,55164.82,22532.44,2836.44
S000800,2023-08-01,M004,SaaS,7,4,78662.72,59103.15,19559.57,2396.72
S000801,2023-09-01,M004,SaaS,8,4,98390.35,74140.45,24249.9,7817.83
S000802,2023-10-01,M004,SaaS,8,5,105247.99,74915.74,30332.25,6246.44
S000803,2023-11-01,M004,SaaS,8,5,102973.04,71813.62,31159.42,7925.55
S000804,2023-12-01,M004,SaaS,8,5,97196.52,69386.59,27809.93,4399.83
S000805,2024-01-01,M004,SaaS,8,6,92585.16,64345.77,28239.39,2637.44
S000806,2024-02-01,M004,SaaS,9,7,102571.87,74708.6,27863.27,6712.22
S000807,2024-03-01,M004,SaaS,8,5,94922.62,69691.39,25231.23,5137.65
S000808,2024-04-01,M004,SaaS,9,6,107488.92,76423.7,31065.22,6902.92
S000809,2024-05-01,M004,SaaS,7,4,92562.06,66093.32,26468.74,5941.48
S000810,2024-06-01,M004,SaaS,8,6,88112.26,61988.73,26123.53,3169.86
S000811,2024-07-01,M004,SaaS,8,4,92819.34,67988.19,24831.15,3618.78
S000812,2024-08-01,M004,SaaS,8,6,95115.96,69340.98,25774.98,8330.9
S000813,2024-09-01,M004,SaaS,8,4,86954.43,64125.97,22828.46,5768.69
S000814,2024-10-01,M004,SaaS,11,7,121442.14,85472.75,35969.39,3304.52
S000815,2024-11-01,M004,SaaS,8,6,99562.41,69233.9,30328.51,4758.17
S000816,2024-12-01,M004,SaaS,11,6,127460.92,89619.87,37841.05,8391.81
S000817,2025-01-01,M004,SaaS,10,6,115421.9,82047.72,33374.18,7370.11
S000818,2025-02-01,M004,SaaS,8,6,87085.71,63887.2,23198.51,6986.52
S000819,2025-03-01,M004,SaaS,10,6,137249.45,99675.36,37574.09,5362.2
S000820,2025-04-01,M004,SaaS,9,7,116035.82,81738.21,34297.61,7174.6
S000821,2025-05-01,M004,SaaS,10,7,124919.53,90592.59,34326.94,8090.66
S000822,2025-06-01,M004,SaaS,9,5,111771.04,82943.33,28827.71,5692.52
S000823,2025-07-01,M004,SaaS,10,6,117107.19,81249.62,35857.57,9026.22
S000824,2025-08-01,M004,SaaS,11,6,134283.53,93232.92,41050.61,11353.16
S000825,2025-09-01,M004,SaaS,12,8,129928.77,93500.14,36428.63,5262.71
S000826,2025-10-01,M004,SaaS,10,5,119209.32,85652.39,33556.93,7061.82
S000827,2025-11-01,M004,SaaS,11,6,143124.89,102646.79,40478.1,6653.17
S000828,2025-12-01,M004,SaaS,11,7,126705.54,93720.58,32984.96,10604.85
S000829,2023-01-01,M004,IT Services,11,6,191088.78,141850.65,49238.13,9344.87
S000830,2023-02-01,M004,IT Services,12,7,186700.57,136667.35,50033.22,11807.14
S000831,2023-03-01,M004,IT Services,11,7,166662.74,115824.56,50838.18,3912.28
S000832,2023-04-01,M004,IT Services,11,6,162900.03,115651.15,47248.88,11413.38
S000833,2023-05-01,M004,IT Services,12,7,180032.82,130238.4,49794.42,7909.54
S000834,2023-06-01,M004,IT Services,11,8,202310.39,145991.44,56318.95,15254.15
S000835,2023-07-01,M004,IT Services,11,8,200272.34,139622.33,60650.01,14879.37
S000836,2023-08-01,M004,IT Services,10,6,151687.69,112899.99,38787.7,11711.44
S000837,2023-09-01,M004,IT Services,13,7,227143.57,160985.22,66158.35,16805.39
S000838,2023-10-01,M004,IT Services,13,9,188942.54,136312.61,52629.93,13976.03
S000839,2023-11-01,M004,IT Services,13,10,211786.93,155597.01,56189.92,8862.79
S000840,2023-12-01,M004,IT Services,13,9,189393.67,142053.82,47339.85,10694.08
S000841,2024-01-01,M004,IT Services,11,7,167143.84,124865.0,42278.84,13447.73
S000842,2024-02-01,M004,IT Services,11,6,186247.99,132845.25,53402.74,5906.9
S000843,2024-03-01,M004,IT Services,13,7,228235.48,158472.06,69763.42,5235.62
S000844,2024-04-01,M004,IT Services,14,9,234987.89,168271.05,66716.84,6171.63
S000845,2024-05-01,M004,IT Services,12,6,202494.95,151800.53,50694.42,18181.64
S000846,2024-06-01,M004,IT Services,14,7,237696.19,174915.8,62780.39,17922.92
S000847,2024-07-01,M004,IT Services,12,7,219920.43,162986.05,56934.38,16047.34
S000848,2024-08-01,M004,IT Services,15,9,227577.92,167305.05,60272.87,10257.33
S000849,2024-09-01,M004,IT Services,12,9,196094.5,141197.84,54896.66,7967.32
S000850,2024-10-01,M004,IT Services,16,9,242344.11,173193.61,69150.5,17271.42
S000851,2024-11-01,M004,IT Services,14,10,252810.54,183811.27,68999.27,6275.1
S000852,2024-12-01,M004,IT Services,14,8,216347.56,154867.37,61480.19,4337.85
S000853,2025-01-01,M004,IT Services,15,9,227132.06,157839.34,69292.72,18165.58
S000854,2025-02-01,M004,IT Services,16,9,276544.23,202789.16,73755.07,15964.06
S000855,2025-03-01,M004,IT Services,16,10,262243.15,190621.42,71621.73,16498.44
S000856,2025-04-01,M004,IT Services,14,9,207785.99,150684.74,57101.25,5125.58
S000857,2025-05-01,M004,IT Services,17,9,304197.51,214740.55,89456.96,16419.34
S000858,2025-06-01,M004,IT Services,14,9,248432.77,182169.61,66263.16,14112.84
S000859,2025-07-01,M004,IT Services,17,10,269712.07,196932.21,72779.86,6732.33
S000860,2025-08-01,M004,IT Services,18,10,294581.2,220106.96,74474.24,7540.39
S000861,2025-09-01,M004,IT Services,18,10,299377.43,224561.4,74816.03,14704.44
S000862,2025-10-01,M004,IT Services,17,12,300807.72,213497.96,87309.76,6872.17
S000863,2025-11-01,M004,IT Services,16,10,290854.62,218558.4,72296.22,7794.42
S000864,2025-12-01,M004,IT Services,20,13,303156.83,219901.33,83255.5,11342.13
S000865,2023-01-01,M005,Software,41,30,740801.56,482358.75,258442.81,47932.6
S000866,2023-02-01,M005,Software,44,29,844517.99,589278.85,255239.14,26751.5
S000867,2023-03-01,M005,Software,45,29,797346.36,521696.22,275650.14,71673.74
S000868,2023-04-01,M005,Software,45,28,792818.89,558372.66,234446.23,33873.81
S000869,2023-05-01,M005,Software,45,33,816194.08,561828.88,254365.2,51084.72
S000870,2023-06-01,M005,Software,48,28,942992.98,660442.88,282550.1,35632.16
S000871,2023-07-01,M005,Software,54,35,971293.01,668617.51,302675.5,86257.57
S000872,2023-08-01,M005,Software,49,33,1012847.35,671427.14,341420.21,41550.42
S000873,2023-09-01,M005,Software,43,32,700799.22,486436.23,214362.99,47850.81
S000874,2023-10-01,M005,Software,48,33,897765.79,628755.07,269010.72,27678.15
S000875,2023-11-01,M005,Software,45,28,757027.66,504804.95,252222.71,45990.11
S000876,2023-12-01,M005,Software,48,36,797451.51,533325.92,264125.59,67186.67
S000877,2024-01-01,M005,Software,52,38,1027939.58,673479.44,354460.14,79973.05
S000878,2024-02-01,M005,Software,52,36,1054791.42,717800.19,336991.23,43275.48
S000879,2024-03-01,M005,Software,57,39,943529.45,611553.67,331975.78,69786.37
S000880,2024-04-01,M005,Software,47,35,849494.34,591987.01,257507.33,68711.4
S000881,2024-05-01,M005,Software,45,32,850966.08,549286.74,301679.34,63328.3
S000882,2024-06-01,M005,Software,48,30,786495.37,532611.35,253884.02,23964.99
S000883,2024-07-01,M005,Software,50,30,821366.96,565671.08,255695.88,39016.4
S000884,2024-08-01,M005,Software,49,34,905092.82,595664.34,309428.48,36461.49
S000885,2024-09-01,M005,Software,49,28,812001.2,551419.0,260582.2,19042.87
S000886,2024-10-01,M005,Software,53,30,978284.81,676219.33,302065.48,28493.78
S000887,2024-11-01,M005,Software,49,33,901373.37,616480.71,284892.66,30400.58
S000888,2024-12-01,M005,Software,58,42,1003870.16,651610.75,352259.41,74661.87
S000889,2025-01-01,M005,Software,49,38,813555.62,557370.9,256184.72,40391.28
S000890,2025-02-01,M005,Software,50,31,943622.36,609818.22,333804.14,39006.82
S000891,2025-03-01,M005,Software,65,45,1342621.56,901345.63,441275.93,40556.96
S000892,2025-04-01,M005,Software,45,33,769436.26,513390.38,256045.88,56200.67
S000893,2025-05-01,M005,Software,58,33,953834.42,669340.38,284494.04,80952.96
S000894,2025-06-01,M005,Software,59,44,959446.19,658590.45,300855.74,26662.49
S000895,2025-07-01,M005,Software,53,29,908448.78,615092.8,293355.98,31128.99
S000896,2025-08-01,M005,Software,54,33,992175.4,683207.43,308967.97,29660.41
S000897,2025-09-01,M005,Software,57,31,1072940.77,734547.81,338392.96,24724.57
S000898,2025-10-01,M005,Software,53,32,1046821.46,713804.4,333017.06,24826.38
S000899,2025-11-01,M005,Software,62,34,1112832.0,735669.45,377162.55,88632.4
S000900,2025-12-01,M005,Software,62,47,1009722.85,703619.94,306102.91,66095.23
S000901,2023-01-01,M005,Business Services,34,27,283019.68,187847.9,95171.78,22832.36
S000902,2023-02-01,M005,Business Services,36,21,332152.72,223299.36,108853.36,28181.33
S000903,2023-03-01,M005,Business Services,33,20,306609.09,203838.07,102771.02,14575.58
S000904,2023-04-01,M005,Business Services,32,20,284537.74,194144.04,90393.7,10395.4
S000905,2023-05-01,M005,Business Services,42,28,416923.88,284486.98,132436.9,33982.39
S000906,2023-06-01,M005,Business Services,41,30,334818.23,227039.02,107779.21,13263.35
S000907,2023-07-01,M005,Business Services,33,25,316077.18,205471.57,110605.61,14778.03
S000908,2023-08-01,M005,Business Services,42,29,399312.07,262925.31,136386.76,14704.77
S000909,2023-09-01,M005,Business Services,33,26,334847.85,222525.51,112322.34,19406.56
S000910,2023-10-01,M005,Business Services,37,21,344767.71,238857.24,105910.47,27712.82
S000911,2023-11-01,M005,Business Services,38,27,352585.37,230208.33,122377.04,31626.2
S000912,2023-12-01,M005,Business Services,47,27,479367.92,335474.48,143893.44,20241.18
S000913,2024-01-01,M005,Business Services,38,29,317922.11,211054.45,106867.66,25934.39
S000914,2024-02-01,M005,Business Services,41,30,413292.17,276757.96,136534.21,20163.54
S000915,2024-03-01,M005,Business Services,41,32,414583.5,290538.04,124045.46,16237.47
S000916,2024-04-01,M005,Business Services,42,24,357658.54,246979.98,110678.56,22474.8
S000917,2024-05-01,M005,Business Services,36,24,310303.82,204406.73,105897.09,21136.8
S000918,2024-06-01,M005,Business Services,37,26,339377.13,229059.02,110318.11,21153.32
S000919,2024-07-01,M005,Business Services,42,27,420726.23,283690.12,137036.11,12464.39
S000920,2024-08-01,M005,Business Services,36,20,353527.65,228273.11,125254.54,13748.73
S000921,2024-09-01,M005,Business Services,38,27,392294.81,270788.0,121506.81,9662.04
S000922,2024-10-01,M005,Business Services,48,38,482449.93,325266.09,157183.84,20621.21
S000923,2024-11-01,M005,Business Services,43,26,387470.86,250813.6,136657.26,27693.79
S000924,2024-12-01,M005,Business Services,42,26,397987.21,274351.72,123635.49,24502.64
S000925,2025-01-01,M005,Business Services,41,31,404693.36,273588.47,131104.89,20887.31
S000926,2025-02-01,M005,Business Services,45,25,465328.43,314525.8,150802.63,22192.81
S000927,2025-03-01,M005,Business Services,47,32,435280.4,297139.34,138141.06,10207.62
S000928,2025-04-01,M005,Business Services,38,24,333839.38,231837.18,102002.2,17457.9
S000929,2025-05-01,M005,Business Services,40,28,328909.2,222282.82,106626.38,9853.06
S000930,2025-06-01,M005,Business Services,46,30,447393.94,291517.55,155876.39,33335.85
S000931,2025-07-01,M005,Business Services,47,34,395008.68,264503.17,130505.51,20367.44
S000932,2025-08-01,M005,Business Services,38,26,368730.24,242224.76,126505.48,19110.49
S000933,2025-09-01,M005,Business Services,39,28,395503.51,273921.45,121582.06,27798.45
S000934,2025-10-01,M005,Business Services,41,23,373557.0,249004.36,124552.64,21168.43
S000935,2025-11-01,M005,Business Services,44,32,407054.98,285665.17,121389.81,18931.11
S000936,2025-12-01,M005,Business Services,45,33,456865.59,310088.15,146777.44,30229.48
S000937,2023-01-01,M005,Consulting,37,22,997160.98,668072.83,329088.15,41547.99
S000938,2023-02-01,M005,Consulting,36,23,950951.89,619881.07,331070.82,27777.28
S000939,2023-03-01,M005,Consulting,33,23,794704.14,534294.34,260409.8,63479.99
S000940,2023-04-01,M005,Consulting,34,18,952574.37,627815.76,324758.61,58316.95
S000941,2023-05-01,M005,Consulting,34,22,781873.54,532304.3,249569.24,29030.9
S000942,2023-06-01,M005,Consulting,35,24,909463.77,631454.47,278009.3,21303.57
S000943,2023-07-01,M005,Consulting,31,22,704614.7,490432.8,214181.9,46990.58
S000944,2023-08-01,M005,Consulting,38,23,1073591.37,695410.09,378181.28,52806.72
S000945,2023-09-01,M005,Consulting,32,22,842217.95,578006.45,264211.5,51920.91
S000946,2023-10-01,M005,Consulting,41,24,1039180.32,706162.49,333017.83,88541.89
S000947,2023-11-01,M005,Consulting,33,20,818517.44,546390.15,272127.29,20247.39
S000948,2023-12-01,M005,Consulting,38,26,924547.77,603612.04,320935.73,63445.58
S000949,2024-01-01,M005,Consulting,33,22,850708.28,584053.57,266654.71,53461.71
S000950,2024-02-01,M005,Consulting,32,23,845795.72,595466.71,250329.01,45551.52
S000951,2024-03-01,M005,Consulting,41,32,1175233.85,778041.52,397192.33,73592.11
S000952,2024-04-01,M005,Consulting,34,23,976442.67,650341.28,326101.39,28394.87
S000953,2024-05-01,M005,Consulting,37,25,978617.07,659930.68,318686.39,31896.56
S000954,2024-06-01,M005,Consulting,38,27,1087573.69,701370.68,386203.01,23577.59
S000955,2024-07-01,M005,Consulting,38,22,1056416.57,731857.79,324558.78,95002.58
S000956,2024-08-01,M005,Consulting,36,22,936093.49,639398.86,296694.63,19462.14
S000957,2024-09-01,M005,Consulting,34,21,932916.54,618772.15,314144.39,51747.27
S000958,2024-10-01,M005,Consulting,38,20,1017886.0,677180.92,340705.08,71972.44
S000959,2024-11-01,M005,Consulting,42,23,991102.64,658717.43,332385.21,43267.16
S000960,2024-12-01,M005,Consulting,43,33,1181762.12,807780.66,373981.46,63466.16
S000961,2025-01-01,M005,Consulting,40,30,1034241.89,687674.24,346567.65,77443.24
S000962,2025-02-01,M005,Consulting,37,27,1025618.2,679739.36,345878.84,72559.91
S000963,2025-03-01,M005,Consulting,39,26,928263.98,636723.74,291540.24,70517.87
S000964,2025-04-01,M005,Consulting,43,27,1228083.57,812533.99,415549.58,27241.5
S000965,2025-05-01,M005,Consulting,45,31,1249426.62,848434.26,400992.36,59059.95
S000966,2025-06-01,M005,Consulting,40,30,1087885.05,747503.19,340381.86,45707.44
S000967,2025-07-01,M005,Consulting,34,22,870624.07,573792.22,296831.85,44953.32
S000968,2025-08-01,M005,Consulting,45,27,1097527.02,715076.03,382450.99,82255.35
S000969,2025-09-01,M005,Consulting,43,33,1086764.29,702371.51,384392.78,58453.16
S000970,2025-10-01,M005,Consulting,43,25,1215727.38,837327.93,378399.45,68875.77
S000971,2025-11-01,M005,Consulting,47,27,1313590.95,911800.67,401790.28,112524.39
S000972,2025-12-01,M005,Consulting,46,26,1243314.06,835957.26,407356.8,86979.04
S000973,2023-01-01,M005,Digital Solutions,37,28,555173.28,377771.69,177401.59,14487.42
S000974,2023-02-01,M005,Digital Solutions,43,24,620146.95,424390.78,195756.17,25967.82
S000975,2023-03-01,M005,Digital Solutions,49,30,770401.25,511587.12,258814.13,25791.64
S000976,2023-04-01,M005,Digital Solutions,41,25,579900.09,378013.12,201886.97,17659.38
S000977,2023-05-01,M005,Digital Solutions,41,22,605992.6,409435.05,196557.55,20882.76
S000978,2023-06-01,M005,Digital Solutions,43,27,563104.3,386887.13,176217.17,22427.73
S000979,2023-07-01,M005,Digital Solutions,41,23,604603.22,402136.31,202466.91,30868.22
S000980,2023-08-01,M005,Digital Solutions,40,26,598569.43,389761.85,208807.58,14225.6
S000981,2023-09-01,M005,Digital Solutions,44,26,646202.69,439653.93,206548.76,50747.72
S000982,2023-10-01,M005,Digital Solutions,52,36,712064.2,494063.27,218000.93,49775.36
S000983,2023-11-01,M005,Digital Solutions,52,35,832410.1,574483.32,257926.78,43783.67
S000984,2023-12-01,M005,Digital Solutions,44,33,696032.11,468357.61,227674.5,36117.73
S000985,2024-01-01,M005,Digital Solutions,49,35,697215.51,459257.01,237958.5,24866.62
S000986,2024-02-01,M005,Digital Solutions,52,36,821340.81,548922.28,272418.53,56650.36
S000987,2024-03-01,M005,Digital Solutions,53,39,831485.92,558756.03,272729.89,18391.21
S000988,2024-04-01,M005,Digital Solutions,47,29,668074.26,437620.77,230453.49,49274.42
S000989,2024-05-01,M005,Digital Solutions,49,28,635052.87,440633.45,194419.42,48119.89
S000990,2024-06-01,M005,Digital Solutions,45,32,691807.87,468191.17,223616.7,33246.32
S000991,2024-07-01,M005,Digital Solutions,47,33,682337.61,479842.67,202494.94,31979.22
S000992,2024-08-01,M005,Digital Solutions,46,34,674746.2,466829.12,207917.08,34057.65
S000993,2024-09-01,M005,Digital Solutions,53,36,711606.63,487135.11,224471.52,18112.24
S000994,2024-10-01,M005,Digital Solutions,59,40,843889.16,574122.93,269766.23,44222.82
S000995,2024-11-01,M005,Digital Solutions,54,40,713696.89,501124.42,212572.47,17751.45
S000996,2024-12-01,M005,Digital Solutions,47,35,719085.99,480014.82,239071.17,39262.57
S000997,2025-01-01,M005,Digital Solutions,52,29,803900.11,561150.97,242749.14,66906.93
S000998,2025-02-01,M005,Digital Solutions,52,28,681904.01,445796.78,236107.23,38996.66
S000999,2025-03-01,M005,Digital Solutions,52,36,690811.32,473683.11,217128.21,29125.88
S001000,2025-04-01,M005,Digital Solutions,51,39,696962.2,488849.29,208112.91,35148.43
S001001,2025-05-01,M005,Digital Solutions,58,36,748925.34,483271.9,265653.44,66691.44
S001002,2025-06-01,M005,Digital Solutions,49,28,667852.67,445426.59,222426.08,39017.26
S001003,2025-07-01,M005,Digital Solutions,44,31,680796.01,453651.61,227144.4,54659.31
S001004,2025-08-01,M005,Digital Solutions,57,34,858293.27,573731.37,284561.9,36279.12
S001005,2025-09-01,M005,Digital Solutions,50,32,725395.79,496569.15,228826.64,38620.8
S001006,2025-10-01,M005,Digital Solutions,51,32,807620.04,561455.64,246164.4,24873.66
S001007,2025-11-01,M005,Digital Solutions,65,46,849548.12,551445.73,298102.39,17925.08
S001008,2025-12-01,M005,Digital Solutions,60,40,847714.37,596971.53,250742.84,21978.22
S001009,2023-01-01,M005,SaaS,45,29,592505.34,403535.11,188970.23,29506.35
S001010,2023-02-01,M005,SaaS,42,28,523158.3,351459.18,171699.12,23474.9
S001011,2023-03-01,M005,SaaS,46,32,576555.51,401056.76,175498.75,21086.08
S001012,2023-04-01,M005,SaaS,47,30,584609.44,389828.22,194781.22,51724.1
S001013,2023-05-01,M005,SaaS,48,34,534695.67,360220.18,174475.49,36538.33
S001014,2023-06-01,M005,SaaS,43,31,591281.7,416155.95,175125.75,44062.84
S001015,2023-07-01,M005,SaaS,47,26,633078.08,411568.35,221509.73,33598.47
S001016,2023-08-01,M005,SaaS,52,41,573780.78,391789.72,181991.06,43530.96
S001017,2023-09-01,M005,SaaS,46,25,544209.37,376327.11,167882.26,28745.58
S001018,2023-10-01,M005,SaaS,53,35,689076.51,461723.27,227353.24,60115.51
S001019,2023-11-01,M005,SaaS,58,36,632546.77,442891.46,189655.31,45834.19
S001020,2023-12-01,M005,SaaS,57,39,626102.44,421485.67,204616.77,19932.31
S001021,2024-01-01,M005,SaaS,43,34,568747.56,388033.15,180714.41,22793.75
S001022,2024-02-01,M005,SaaS,44,29,587590.77,388674.21,198916.56,17203.31
S001023,2024-03-01,M005,SaaS,51,38,552973.06,360258.06,192715.0,17818.43
S001024,2024-04-01,M005,SaaS,52,30,631277.89,437646.3,193631.59,24170.17
S001025,2024-05-01,M005,SaaS,54,36,712698.27,496409.22,216289.05,31358.27
S001026,2024-06-01,M005,SaaS,44,25,598480.32,391435.47,207044.85,32746.68
S001027,2024-07-01,M005,SaaS,59,43,679316.7,455964.91,223351.79,43904.39
S001028,2024-08-01,M005,SaaS,47,34,556255.68,380109.35,176146.33,40542.07
S001029,2024-09-01,M005,SaaS,46,27,551826.78,365796.05,186030.73,39858.75
S001030,2024-10-01,M005,SaaS,60,40,716364.14,492239.93,224124.21,38125.81
S001031,2024-11-01,M005,SaaS,50,38,541779.46,379480.4,162299.06,27856.91
S001032,2024-12-01,M005,SaaS,60,47,770917.74,498985.03,271932.71,64941.99
S001033,2025-01-01,M005,SaaS,55,43,665244.67,465593.12,199651.55,53276.05
S001034,2025-02-01,M005,SaaS,50,30,554741.52,379476.82,175264.7,26284.08
S001035,2025-03-01,M005,SaaS,62,45,806182.3,548303.49,257878.81,27123.84
S001036,2025-04-01,M005,SaaS,51,36,578327.25,391907.37,186419.88,38803.52
S001037,2025-05-01,M005,SaaS,59,32,654492.68,426097.27,228395.41,33520.47
S001038,2025-06-01,M005,SaaS,50,31,568961.93,367675.73,201286.2,15041.01
S001039,2025-07-01,M005,SaaS,62,44,824995.4,579005.98,245989.42,53348.99
S001040,2025-08-01,M005,SaaS,58,33,775420.7,506035.23,269385.47,51137.15
S001041,2025-09-01,M005,SaaS,62,42,849492.78,593421.76,256071.02,58356.55
S001042,2025-10-01,M005,SaaS,55,36,748470.04,511299.97,237170.07,63312.09
S001043,2025-11-01,M005,SaaS,56,36,756569.77,522784.29,233785.48,32258.84
S001044,2025-12-01,M005,SaaS,54,30,709091.16,473508.34,235582.82,30693.6
S001045,2023-01-01,M005,IT Services,36,22,581842.78,392338.51,189504.27,49457.24
S001046,2023-02-01,M005,IT Services,33,19,540151.56,352952.51,187199.05,39868.32
S001047,2023-03-01,M005,IT Services,31,22,559563.54,384825.29,174738.25,15236.97
S001048,2023-04-01,M005,IT Services,28,19,431266.79,289618.47,141648.32,35689.86
S001049,2023-05-01,M005,IT Services,29,20,525815.67,360013.55,165802.12,20323.07
S001050,2023-06-01,M005,IT Services,34,26,567751.07,383642.45,184108.62,48709.51
S001051,2023-07-01,M005,IT Services,32,21,568838.29,393440.54,175397.75,42649.63
S001052,2023-08-01,M005,IT Services,33,18,601148.51,417124.09,184024.42,32308.51
S001053,2023-09-01,M005,IT Services,34,26,538412.89,369195.18,169217.71,25866.99
S001054,2023-10-01,M005,IT Services,37,29,546218.71,369723.2,176495.51,47665.66
S001055,2023-11-01,M005,IT Services,31,20,541447.0,370169.75,171277.25,17523.0
S001056,2023-12-01,M005,IT Services,31,20,470084.39,322737.82,147346.57,38900.54
S001057,2024-01-01,M005,IT Services,35,22,515880.75,352226.6,163654.15,36871.39
S001058,2024-02-01,M005,IT Services,30,17,518368.68,352685.99,165682.69,28119.57
S001059,2024-03-01,M005,IT Services,32,21,500189.55,338546.5,161643.05,39213.62
S001060,2024-04-01,M005,IT Services,34,27,494637.8,320606.05,174031.75,37169.31
S001061,2024-05-01,M005,IT Services,30,17,528852.44,362178.77,166673.67,27545.77
S001062,2024-06-01,M005,IT Services,36,27,539849.32,366860.4,172988.92,45745.27
S001063,2024-07-01,M005,IT Services,30,17,510459.78,343576.79,166882.99,43012.02
S001064,2024-08-01,M005,IT Services,30,21,447664.53,293280.68,154383.85,10518.8
S001065,2024-09-01,M005,IT Services,33,24,535416.37,350719.87,184696.5,32860.1
S001066,2024-10-01,M005,IT Services,42,24,688320.11,476834.11,211486.0,24394.12
S001067,2024-11-01,M005,IT Services,42,27,741135.53,521560.47,219575.06,50017.64
S001068,2024-12-01,M005,IT Services,36,28,601339.25,392698.44,208640.81,47235.14
S001069,2025-01-01,M005,IT Services,39,28,654121.3,434945.02,219176.28,18611.18
S001070,2025-02-01,M005,IT Services,32,20,549925.86,372852.19,177073.67,27884.7
S001071,2025-03-01,M005,IT Services,44,24,651194.34,452998.13,198196.21,40941.18
S001072,2025-04-01,M005,IT Services,39,21,637566.93,411346.05,226220.88,20758.48
S001073,2025-05-01,M005,IT Services,32,22,574325.14,384667.66,189657.48,43946.69
S001074,2025-06-01,M005,IT Services,40,28,608985.63,416052.61,192933.02,34478.38
S001075,2025-07-01,M005,IT Services,36,28,606317.47,392322.13,213995.34,19765.97
S001076,2025-08-01,M005,IT Services,37,29,625624.36,432778.77,192845.59,27746.28
S001077,2025-09-01,M005,IT Services,32,19,475841.0,321959.7,153881.3,12703.94
S001078,2025-10-01,M005,IT Services,39,28,645796.76,424906.22,220890.54,47739.36
S001079,2025-11-01,M005,IT Services,43,26,652519.67,451933.02,200586.65,44349.85
S001080,2025-12-01,M005,IT Services,47,31,709948.88,486321.06,223627.82,16341.67
S001081,2023-01-01,M006,Software,8,5,141634.61,102898.85,38735.76,10351.87
S001082,2023-02-01,M006,Software,7,5,142533.13,98170.16,44362.97,10687.77
S001083,2023-03-01,M006,Software,9,5,182050.71,131346.71,50704.0,11194.2
S001084,2023-04-01,M006,Software,8,4,153966.69,107428.89,46537.8,11474.87
S001085,2023-05-01,M006,Software,9,5,175678.79,128314.59,47364.2,8131.69
S001086,2023-06-01,M006,Software,8,5,147038.68,107577.81,39460.87,4432.61
S001087,2023-07-01,M006,Software,11,7,197372.85,135473.62,61899.23,13892.58
S001088,2023-08-01,M006,Software,10,7,171099.49,117345.63,53753.86,11712.57
S001089,2023-09-01,M006,Software,8,4,160259.45,113097.46,47161.99,5125.75
S001090,2023-10-01,M006,Software,10,7,189163.62,137251.98,51911.64,12231.31
S001091,2023-11-01,M006,Software,11,6,226221.72,165028.8,61192.92,5893.8
S001092,2023-12-01,M006,Software,12,8,248165.87,177114.7,71051.17,19503.17
S001093,2024-01-01,M006,Software,9,6,175615.24,121701.23,53914.01,7535.78
S001094,2024-02-01,M006,Software,11,8,207492.7,142576.16,64916.54,12482.56
S001095,2024-03-01,M006,Software,10,7,163802.64,115716.6,48086.04,12089.04
S001096,2024-04-01,M006,Software,9,6,165210.41,119956.15,45254.26,12802.22
S001097,2024-05-01,M006,Software,11,6,205845.1,139757.58,66087.52,14661.33
S001098,2024-06-01,M006,Software,12,6,210372.68,150849.5,59523.18,5543.54
S001099,2024-07-01,M006,Software,11,6,213013.57,155430.75,57582.82,15403.03
S001100,2024-08-01,M006,Software,10,6,196732.58,143743.04,52989.54,9516.98
S001101,2024-09-01,M006,Software,12,7,219471.97,157186.73,62285.24,17607.53
S001102,2024-10-01,M006,Software,11,8,194678.85,132413.32,62265.53,9697.57
S001103,2024-11-01,M006,Software,12,9,223691.5,162370.66,61320.84,16807.83
S001104,2024-12-01,M006,Software,11,8,214620.16,146261.21,68358.95,18494.37
S001105,2025-01-01,M006,Software,13,10,217091.54,151993.48,65098.06,13750.44
S001106,2025-02-01,M006,Software,12,7,224574.68,153209.42,71365.26,15642.43
S001107,2025-03-01,M006,Software,12,9,207286.17,141993.82,65292.35,11088.68
S001108,2025-04-01,M006,Software,14,9,287223.54,198410.47,88813.07,20723.51
S001109,2025-05-01,M006,Software,12,7,208837.32,150156.87,58680.45,8228.23
S001110,2025-06-01,M006,Software,11,6,202268.23,143570.18,58698.05,5782.78
S001111,2025-07-01,M006,Software,14,10,260369.89,181148.67,79221.22,16524.79
S001112,2025-08-01,M006,Software,15,11,297593.72,218627.99,78965.73,7319.0
S001113,2025-09-01,M006,Software,15,9,248411.5,181856.28,66555.22,9982.69
S001114,2025-10-01,M006,Software,17,9,296509.62,213494.32,83015.3,16231.83
S001115,2025-11-01,M006,Software,17,11,323386.63,225009.24,98377.39,28416.06
S001116,2025-12-01,M006,Software,15,8,266402.27,187768.74,78633.53,17350.22
S001117,2023-01-01,M006,Business Services,6,4,51736.43,38028.7,13707.73,3369.44
S001118,2023-02-01,M006,Business Services,6,3,57321.69,39997.84,17323.85,3527.29
S001119,2023-03-01,M006,Business Services,8,6,72814.61,50711.37,22103.24,2128.87
S001120,2023-04-01,M006,Business Services,7,4,60795.12,42997.63,17797.49,5346.97
S001121,2023-05-01,M006,Business Services,7,3,62261.65,43929.06,18332.59,1970.3
S001122,2023-06-01,M006,Business Services,8,5,69934.44,51513.17,18421.27,5507.56
S001123,2023-07-01,M006,Business Services,8,5,67562.73,46785.46,20777.27,1545.88
S001124,2023-08-01,M006,Business Services,7,4,60801.41,41908.58,18892.83,3610.03
S001125,2023-09-01,M006,Business Services,6,3,53241.93,37299.96,15941.97,3076.89
S001126,2023-10-01,M006,Business Services,7,4,71196.84,50013.91,21182.93,3912.92
S001127,2023-11-01,M006,Business Services,7,4,61743.43,41890.3,19853.13,4426.67
S001128,2023-12-01,M006,Business Services,10,6,96872.66,68453.58,28419.08,3902.8
S001129,2024-01-01,M006,Business Services,9,7,84517.98,58065.97,26452.01,5034.42
S001130,2024-02-01,M006,Business Services,9,5,86855.23,62718.03,24137.2,7210.04
S001131,2024-03-01,M006,Business Services,8,5,70345.48,49403.48,20942.0,5547.54
S001132,2024-04-01,M006,Business Services,8,4,65790.61,47150.73,18639.88,4002.71
S001133,2024-05-01,M006,Business Services,8,6,69802.69,47434.62,22368.07,4026.84
S001134,2024-06-01,M006,Business Services,8,5,66372.78,47052.15,19320.63,2230.89
S001135,2024-07-01,M006,Business Services,8,5,81781.24,59921.67,21859.57,3702.61
S001136,2024-08-01,M006,Business Services,8,6,71453.34,50058.06,21395.28,2852.81
S001137,2024-09-01,M006,Business Services,8,6,80537.43,55043.78,25493.65,5714.11
S001138,2024-10-01,M006,Business Services,9,7,89174.63,62022.56,27152.07,6812.68
S001139,2024-11-01,M006,Business Services,11,7,111286.61,76406.5,34880.11,6799.9
S001140,2024-12-01,M006,Business Services,9,5,82510.92,60253.73,22257.19,7348.81
S001141,2025-01-01,M006,Business Services,8,6,78410.05,53593.81,24816.24,3815.61
S001142,2025-02-01,M006,Business Services,11,7,102856.39,74140.41,28715.98,7494.84
S001143,2025-03-01,M006,Business Services,9,5,80630.83,57363.35,23267.48,1850.99
S001144,2025-04-01,M006,Business Services,11,8,96621.88,68771.29,27850.59,5067.01
S001145,2025-05-01,M006,Business Services,8,4,69528.19,51142.27,18385.92,5450.8
S001146,2025-06-01,M006,Business Services,10,7,101085.45,71086.26,29999.19,5502.29
S001147,2025-07-01,M006,Business Services,11,6,92054.03,63962.18,28091.85,8248.35
S001148,2025-08-01,M006,Business Services,9,6,84666.58,60293.99,24372.59,6839.72
S001149,2025-09-01,M006,Business Services,11,7,106282.57,72843.42,33439.15,5938.73
S001150,2025-10-01,M006,Business Services,12,9,101596.88,69259.67,32337.21,4305.44
S001151,2025-11-01,M006,Business Services,13,7,110076.78,76454.95,33621.83,5434.05
S001152,2025-12-01,M006,Business Services,13,8,113778.29,80779.94,32998.35,9732.84
S001153,2023-01-01,M006,Consulting,9,5,207816.11,150325.39,57490.72,12065.77
S001154,2023-02-01,M006,Consulting,10,7,267810.45,186466.87,81343.58,18206.04
S001155,2023-03-01,M006,Consulting,10,5,261252.92,190087.33,71165.59,5460.93
S001156,2023-04-01,M006,Consulting,9,5,229775.57,160525.53,69250.04,19244.89
S001157,2023-05-01,M006,Consulting,8,4,191055.68,131733.85,59321.83,15818.26
S001158,2023-06-01,M006,Consulting,9,6,232067.97,164797.44,67270.53,13594.05
S001159,2023-07-01,M006,Consulting,10,5,253780.71,173277.41,80503.3,19622.1
S001160,2023-08-01,M006,Consulting,11,7,268920.68,188232.14,80688.54,20758.72
S001161,2023-09-01,M006,Consulting,11,7,299996.78,209614.56,90382.22,20907.57
S001162,2023-10-01,M006,Consulting,9,6,215007.63,156871.48,58136.15,6442.74
S001163,2023-11-01,M006,Consulting,10,5,233138.64,159214.18,73924.46,15936.72
S001164,2023-12-01,M006,Consulting,12,6,328101.92,237427.69,90674.23,7538.53
S001165,2024-01-01,M006,Consulting,9,6,231383.2,157746.87,73636.33,6553.83
S001166,2024-02-01,M006,Consulting,9,5,240051.74,173670.96,66380.78,17947.7
S001167,2024-03-01,M006,Consulting,13,7,365720.46,252086.33,113634.13,16313.82
S001168,2024-04-01,M006,Consulting,9,6,255478.78,187809.48,67669.3,11330.12
S001169,2024-05-01,M006,Consulting,10,6,270534.63,187401.87,83132.76,16209.48
S001170,2024-06-01,M006,Consulting,10,6,225874.02,156128.61,69745.41,7546.07
S001171,2024-07-01,M006,Consulting,10,7,258570.41,190466.79,68103.62,6957.61
S001172,2024-08-01,M006,Consulting,10,6,269234.76,188514.89,80719.87,16492.42
S001173,2024-09-01,M006,Consulting,11,8,259933.34,181820.6,78112.74,12105.89
S001174,2024-10-01,M006,Consulting,11,6,255258.13,188195.89,67062.24,7313.93
S001175,2024-11-01,M006,Consulting,11,6,299906.32,216077.66,83828.66,17694.25
S001176,2024-12-01,M006,Consulting,11,6,255455.93,177597.23,77858.7,15845.23
S001177,2025-01-01,M006,Consulting,11,8,278021.97,197794.55,80227.42,11215.75
S001178,2025-02-01,M006,Consulting,14,8,321090.8,233967.15,87123.65,17113.3
S001179,2025-03-01,M006,Consulting,14,8,402388.29,284769.75,117618.54,11010.16
S001180,2025-04-01,M006,Consulting,12,8,276375.44,189815.22,86560.22,13278.1
S001181,2025-05-01,M006,Consulting,13,7,367679.84,270932.68,96747.16,9019.09
S001182,2025-06-01,M006,Consulting,15,9,393277.58,290097.15,103180.43,11245.12
S001183,2025-07-01,M006,Consulting,15,10,363611.09,262167.1,101443.99,22083.67
S001184,2025-08-01,M006,Consulting,12,8,318287.34,223505.87,94781.47,16967.21
S001185,2025-09-01,M006,Consulting,14,9,357396.63,248366.87,109029.76,26361.56
S001186,2025-10-01,M006,Consulting,13,7,332903.49,238326.36,94577.13,9794.88
S001187,2025-11-01,M006,Consulting,13,7,298043.58,214259.49,83784.09,26241.27
S001188,2025-12-01,M006,Consulting,15,10,351819.06,251732.87,100086.19,9408.82
S001189,2023-01-01,M006,Digital Solutions,6,4,92247.36,63679.82,28567.54,6120.29
S001190,2023-02-01,M006,Digital Solutions,6,3,82815.93,60437.44,22378.49,4825.14
S001191,2023-03-01,M006,Digital Solutions,7,3,98744.96,72389.57,26355.39,4626.61
S001192,2023-04-01,M006,Digital Solutions,5,3,71043.98,48322.1,22721.88,4189.23
S001193,2023-05-01,M006,Digital Solutions,7,4,105498.45,74660.07,30838.38,3103.15
S001194,2023-06-01,M006,Digital Solutions,6,4,77897.02,55984.7,21912.32,5157.21
S001195,2023-07-01,M006,Digital Solutions,6,4,85594.13,62437.59,23156.54,4747.73
S001196,2023-08-01,M006,Digital Solutions,6,4,95988.29,68652.4,27335.89,4290.05
S001197,2023-09-01,M006,Digital Solutions,7,4,88889.6,60525.56,28364.04,6985.42
S001198,2023-10-01,M006,Digital Solutions,7,5,88859.05,65016.44,23842.61,3899.84
S001199,2023-11-01,M006,Digital Solutions,6,3,83104.69,58113.13,24991.56,5508.74
S001200,2023-12-01,M006,Digital Solutions,6,4,88043.17,64520.09,23523.08,2164.54
S001201,2024-01-01,M006,Digital Solutions,6,3,76013.95,53040.03,22973.92,3972.77
S001202,2024-02-01,M006,Digital Solutions,7,4,110284.54,76559.21,33725.33,7578.43
S001203,2024-03-01,M006,Digital Solutions,8,6,111376.65,78143.87,33232.78,6691.25
S001204,2024-04-01,M006,Digital Solutions,8,4,119703.12,83595.64,36107.48,6606.87
S001205,2024-05-01,M006,Digital Solutions,8,5,118015.18,82610.63,35404.55,5962.05
S001206,2024-06-01,M006,Digital Solutions,7,5,107485.17,78316.15,29169.02,6181.3
S001207,2024-07-01,M006,Digital Solutions,7,3,112607.58,79086.74,33520.84,4032.7
S001208,2024-08-01,M006,Digital Solutions,8,4,124437.23,85100.63,39336.6,5422.81
S001209,2024-09-01,M006,Digital Solutions,6,4,85580.64,59117.77,26462.87,6478.08
S001210,2024-10-01,M006,Digital Solutions,9,5,138729.99,97690.14,41039.85,8018.08
S001211,2024-11-01,M006,Digital Solutions,7,4,103511.61,73016.44,30495.17,7601.99
S001212,2024-12-01,M006,Digital Solutions,8,4,120493.29,87955.59,32537.7,7275.27
S001213,2025-01-01,M006,Digital Solutions,7,5,106384.1,75132.46,31251.64,9106.63
S001214,2025-02-01,M006,Digital Solutions,8,5,122335.34,86151.42,36183.92,7294.63
S001215,2025-03-01,M006,Digital Solutions,9,6,124874.65,85796.95,39077.7,3812.81
S001216,2025-04-01,M006,Digital Solutions,9,5,127114.75,88639.55,38475.2,9929.57
S001217,2025-05-01,M006,Digital Solutions,7,4,98304.74,71528.75,26775.99,6411.73
S001218,2025-06-01,M006,Digital Solutions,8,5,112164.25,76834.03,35330.22,3750.11
S001219,2025-07-01,M006,Digital Solutions,8,6,113796.47,80999.13,32797.34,5750.06
S001220,2025-08-01,M006,Digital Solutions,9,5,118419.79,81281.67,37138.12,4510.35
S001221,2025-09-01,M006,Digital Solutions,10,7,132159.48,96390.68,35768.8,11559.34
S001222,2025-10-01,M006,Digital Solutions,10,5,156085.44,106643.16,49442.28,9694.78
S001223,2025-11-01,M006,Digital Solutions,11,8,154269.76,107989.77,46279.99,10184.91
S001224,2025-12-01,M006,Digital Solutions,9,7,136213.39,93528.69,42684.7,3791.54
S001225,2023-01-01,M006,SaaS,11,7,146156.39,107451.32,38705.07,12453.82
S001226,2023-02-01,M006,SaaS,9,6,103628.08,71040.84,32587.24,7924.24
S001227,2023-03-01,M006,SaaS,10,6,119698.52,86554.29,33144.23,4370.87
S001228,2023-04-01,M006,SaaS,10,5,113254.63,83400.19,29854.44,5749.18
S001229,2023-05-01,M006,SaaS,9,6,110439.68,77383.13,33056.55,9543.07
S001230,2023-06-01,M006,SaaS,10,6,128482.15,94562.72,33919.43,10479.05
S001231,2023-07-01,M006,SaaS,12,7,155364.16,113024.62,42339.54,3336.48
S001232,2023-08-01,M006,SaaS,12,8,159893.03,114792.55,45100.48,13728.32
S001233,2023-09-01,M006,SaaS,11,8,126709.3,90136.39,36572.91,5277.29
S001234,2023-10-01,M006,SaaS,13,8,172077.76,117963.3,54114.46,13884.39
S001235,2023-11-01,M006,SaaS,13,8,175881.77,123430.05,52451.72,15558.41
S001236,2023-12-01,M006,SaaS,11,6,145949.35,101044.77,44904.58,5068.39
S001237,2024-01-01,M006,SaaS,13,10,165022.76,120626.36,44396.4,12157.53
S001238,2024-02-01,M006,SaaS,11,6,147392.67,107241.71,40150.96,12651.4
S001239,2024-03-01,M006,SaaS,12,7,159881.88,115313.71,44568.17,13010.11
S001240,2024-04-01,M006,SaaS,13,9,167640.81,118786.94,48853.87,7481.8
S001241,2024-05-01,M006,SaaS,12,9,156160.28,110154.79,46005.49,3422.18
S001242,2024-06-01,M006,SaaS,10,7,126904.69,92089.8,34814.89,3747.05
S001243,2024-07-01,M006,SaaS,12,8,140893.98,96249.46,44644.52,4374.42
S001244,2024-08-01,M006,SaaS,13,10,172794.23,125101.25,47692.98,13700.38
S001245,2024-09-01,M006,SaaS,13,9,152856.57,108054.6,44801.97,10923.44
S001246,2024-10-01,M006,SaaS,13,9,172643.98,125369.18,47274.8,5853.75
S001247,2024-11-01,M006,SaaS,14,8,188008.38,138164.62,49843.76,15398.62
S001248,2024-12-01,M006,SaaS,13,10,176401.38,126484.45,49916.93,11265.68
S001249,2025-01-01,M006,SaaS,15,11,170921.98,123110.94,47811.04,5437.53
S001250,2025-02-01,M006,SaaS,13,8,150546.15,102904.87,47641.28,6888.15
S001251,2025-03-01,M006,SaaS,17,9,220247.75,155122.59,65125.16,18588.74
S001252,2025-04-01,M006,SaaS,14,10,156177.52,112606.15,43571.37,5206.66
S001253,2025-05-01,M006,SaaS,16,11,186622.17,132100.52,54521.65,5433.31
S001254,2025-06-01,M006,SaaS,16,11,220569.96,153335.39,67234.57,14867.12
S001255,2025-07-01,M006,SaaS,14,9,157329.6,109440.29,47889.31,6029.81
S001256,2025-08-01,M006,SaaS,15,11,178633.7,128483.37,50150.33,9301.72
S001257,2025-09-01,M006,SaaS,13,7,153006.59,110131.3,42875.29,10416.64
S001258,2025-10-01,M006,SaaS,18,13,234149.62,162399.98,71749.64,6244.67
S001259,2025-11-01,M006,SaaS,15,9,172567.86,126439.37,46128.49,15491.72
S001260,2025-12-01,M006,SaaS,19,15,239299.23,173035.96,66263.27,5548.35
S001261,2023-01-01,M006,IT Services,7,4,111851.51,78346.85,33504.66,9816.54
S001262,2023-02-01,M006,IT Services,7,4,108088.17,76572.34,31515.83,9200.78
S001263,2023-03-01,M006,IT Services,8,4,125354.16,89004.64,36349.52,3751.31
S001264,2023-04-01,M006,IT Services,6,3,89468.92,65357.12,24111.8,7017.61
S001265,2023-05-01,M006,IT Services,7,5,108721.91,79455.73,29266.18,6839.17
S001266,2023-06-01,M006,IT Services,8,4,125216.33,91628.34,33587.99,5270.11
S001267,2023-07-01,M006,IT Services,8,5,120040.47,87555.36,32485.11,7925.0
S001268,2023-08-01,M006,IT Services,8,4,119955.87,83008.46,36947.41,2700.25
S001269,2023-09-01,M006,IT Services,7,5,113020.04,83398.86,29621.18,9595.9
S001270,2023-10-01,M006,IT Services,7,4,120652.82,85339.18,35313.64,6576.69
S001271,2023-11-01,M006,IT Services,9,6,134051.55,91666.42,42385.13,10827.63
S001272,2023-12-01,M006,IT Services,7,4,115044.66,79906.28,35138.38,9475.38
S001273,2024-01-01,M006,IT Services,8,5,146292.08,103832.4,42459.68,8770.96
S001274,2024-02-01,M006,IT Services,8,4,139784.11,100478.85,39305.26,11478.48
S001275,2024-03-01,M006,IT Services,7,5,119857.9,84122.29,35735.61,7350.13
S001276,2024-04-01,M006,IT Services,9,6,135135.92,92306.45,42829.47,10560.73
S001277,2024-05-01,M006,IT Services,9,5,163987.26,117062.68,46924.58,3346.39
S001278,2024-06-01,M006,IT Services,10,7,182035.84,127005.48,55030.36,12962.44
S001279,2024-07-01,M006,IT Services,9,7,150089.7,103694.27,46395.43,3513.26
S001280,2024-08-01,M006,IT Services,9,5,131599.26,89809.05,41790.21,11400.84
S001281,2024-09-01,M006,IT Services,8,5,120896.35,88992.16,31904.19,9742.56
S001282,2024-10-01,M006,IT Services,8,6,120414.1,87296.56,33117.54,4810.0
S001283,2024-11-01,M006,IT Services,11,7,163706.49,115847.01,47859.48,8228.72
S001284,2024-12-01,M006,IT Services,11,6,188538.33,129351.85,59186.48,12554.09
S001285,2025-01-01,M006,IT Services,10,6,163584.92,119633.71,43951.21,8727.38
S001286,2025-02-01,M006,IT Services,10,6,174259.63,126662.3,47597.33,10973.26
S001287,2025-03-01,M006,IT Services,10,6,145617.52,101743.64,43873.88,7637.16
S001288,2025-04-01,M006,IT Services,9,6,135182.51,95698.31,39484.2,8661.03
S001289,2025-05-01,M006,IT Services,10,6,161494.22,118315.91,43178.31,8629.09
S001290,2025-06-01,M006,IT Services,9,5,162104.53,118124.32,43980.21,9177.78
S001291,2025-07-01,M006,IT Services,9,5,132355.17,90121.39,42233.78,3644.3
S001292,2025-08-01,M006,IT Services,10,5,170434.21,121401.77,49032.44,6431.61
S001293,2025-09-01,M006,IT Services,10,5,164137.78,112440.31,51697.47,10884.06
S001294,2025-10-01,M006,IT Services,10,5,159718.29,109119.13,50599.16,12996.74
S001295,2025-11-01,M006,IT Services,11,7,178419.92,128179.65,50240.27,11359.41
S001296,2025-12-01,M006,IT Services,11,8,196739.17,135638.18,61100.99,6483.76
S001297,2023-01-01,M007,Software,48,36,800567.42,546997.74,253569.68,16339.02
S001298,2023-02-01,M007,Software,41,24,752228.62,521075.06,231153.56,60791.08
S001299,2023-03-01,M007,Software,58,40,1066634.57,734175.2,332459.37,94050.0
S001300,2023-04-01,M007,Software,46,33,888090.72,599372.28,288718.44,36576.87
S001301,2023-05-01,M007,Software,43,23,718255.07,468412.28,249842.79,63160.78
S001302,2023-06-01,M007,Software,54,32,1032415.44,712557.02,319858.42,52142.34
S001303,2023-07-01,M007,Software,51,38,870014.87,582261.86,287753.01,45623.4
S001304,2023-08-01,M007,Software,49,27,830426.26,548368.11,282058.15,57450.44
S001305,2023-09-01,M007,Software,57,38,1143937.79,785100.04,358837.75,39001.06
S001306,2023-10-01,M007,Software,55,41,903603.24,588853.34,314749.9,57946.89
S001307,2023-11-01,M007,Software,58,46,1161088.84,807449.86,353638.98,71649.36
S001308,2023-12-01,M007,Software,56,34,1030049.12,700810.46,329238.66,63216.95
S001309,2024-01-01,M007,Software,53,38,1053380.38,716798.06,336582.32,73736.97
S001310,2024-02-01,M007,Software,53,34,933930.26,611734.25,322196.01,77050.56
S001311,2024-03-01,M007,Software,55,36,1013460.23,717061.49,296398.74,44869.42
S001312,2024-04-01,M007,Software,56,31,979778.72,649330.79,330447.93,43178.18
S001313,2024-05-01,M007,Software,49,29,994249.97,667687.75,326562.22,61789.66
S001314,2024-06-01,M007,Software,60,42,1007412.81,673761.36,333651.45,70314.35
S001315,2024-07-01,M007,Software,62,47,1192196.93,828904.81,363292.12,90270.87
S001316,2024-08-01,M007,Software,60,45,1139897.44,761619.55,378277.89,82583.06
S001317,2024-09-01,M007,Software,58,33,991665.38,681814.51,309850.87,26837.7
S001318,2024-10-01,M007,Software,59,47,1036419.58,687940.05,348479.53,24141.79
S001319,2024-11-01,M007,Software,52,40,925948.27,611789.14,314159.13,72183.6
S001320,2024-12-01,M007,Software,69,38,1137568.16,770175.99,367392.17,71927.76
S001321,2025-01-01,M007,Software,51,30,885370.18,594631.84,290738.34,39723.79
S001322,2025-02-01,M007,Software,50,38,870185.53,574558.01,295627.52,59441.93
S001323,2025-03-01,M007,Software,63,45,1220865.79,862905.41,357960.38,61834.25
S001324,2025-04-01,M007,Software,58,44,968552.95,636875.39,331677.56,60767.09
S001325,2025-05-01,M007,Software,64,50,1273999.75,832836.78,441162.97,34880.55
S001326,2025-06-01,M007,Software,62,47,1258565.03,831435.69,427129.34,50907.2
S001327,2025-07-01,M007,Software,59,39,1150292.53,755923.54,394368.99,75110.09
S001328,2025-08-01,M007,Software,58,33,1161083.32,786687.95,374395.37,57012.08
S001329,2025-09-01,M007,Software,66,40,1309516.13,879574.75,429941.38,72483.8
S001330,2025-10-01,M007,Software,59,37,1156211.4,777943.66,378267.74,76945.48
S001331,2025-11-01,M007,Software,60,44,1085865.0,721981.78,363883.22,82660.18
S001332,2025-12-01,M007,Software,66,43,1205449.66,846639.65,358810.01,91159.13
S001333,2023-01-01,M007,Business Services,31,18,251793.92,176148.68,75645.24,21668.13
S001334,2023-02-01,M007,Business Services,32,20,329900.03,218083.54,111816.49,8017.49
S001335,2023-03-01,M007,Business Services,43,30,410361.81,289448.98,120912.83,9867.84
S001336,2023-04-01,M007,Business Services,39,28,373846.73,255108.04,118738.69,15215.83
S001337,2023-05-01,M007,Business Services,37,26,345788.07,231491.07,114297.0,24892.88
S001338,2023-06-01,M007,Business Services,43,23,375368.79,256327.15,119041.64,31692.97
S001339,2023-07-01,M007,Business Services,41,27,351023.57,240052.92,110970.65,26391.32
S001340,2023-08-01,M007,Business Services,41,29,413988.01,289002.46,124985.55,20002.0
S001341,2023-09-01,M007,Business Services,36,22,294594.58,197752.38,96842.2,20844.6
S001342,2023-10-01,M007,Business Services,46,26,475264.13,317588.45,157675.68,12593.25
S001343,2023-11-01,M007,Business Services,44,29,431347.59,285035.2,146312.39,9469.11
S001344,2023-12-01,M007,Business Services,47,32,406221.68,283400.34,122821.34,28783.1
S001345,2024-01-01,M007,Business Services,47,27,387039.26,260701.41,126337.85,24727.65
S001346,2024-02-01,M007,Business Services,39,21,373021.95,245703.96,127317.99,15240.66
S001347,2024-03-01,M007,Business Services,48,31,494958.66,346235.09,148723.57,44165.16
S001348,2024-04-01,M007,Business Services,42,32,399521.84,272952.25,126569.59,24645.87
S001349,2024-05-01,M007,Business Services,40,24,394631.03,273909.95,120721.08,26468.05
S001350,2024-06-01,M007,Business Services,45,30,389572.87,261353.07,128219.8,23672.72
S001351,2024-07-01,M007,Business Services,47,30,391062.21,271357.45,119704.76,30499.19
S001352,2024-08-01,M007,Business Services,38,21,383767.54,260875.65,122891.89,19660.98
S001353,2024-09-01,M007,Business Services,42,28,395788.63,270061.11,125727.52,18853.3
S001354,2024-10-01,M007,Business Services,44,29,398318.8,269902.73,128416.07,33925.81
S001355,2024-11-01,M007,Business Services,48,38,477771.68,315262.79,162508.89,13806.97
S001356,2024-12-01,M007,Business Services,51,29,493944.21,347240.95,146703.26,13960.87
S001357,2025-01-01,M007,Business Services,41,27,400964.28,283820.23,117144.05,18385.51
S001358,2025-02-01,M007,Business Services,52,36,469008.52,308819.59,160188.93,28151.55
S001359,2025-03-01,M007,Business Services,43,25,384239.47,273064.09,111175.38,15841.5
S001360,2025-04-01,M007,Business Services,46,34,387311.47,265919.32,121392.15,9065.25
S001361,2025-05-01,M007,Business Services,52,40,446423.03,312651.25,133771.78,24203.07
S001362,2025-06-01,M007,Business Services,42,26,422455.31,285687.31,136768.0,25395.54
S001363,2025-07-01,M007,Business Services,48,37,473185.73,321630.8,151554.93,33313.38
S001364,2025-08-01,M007,Business Services,49,36,452550.22,307216.51,145333.71,23304.1
S001365,2025-09-01,M007,Business Services,48,36,423923.36,296402.42,127520.94,28197.33
S001366,2025-10-01,M007,Business Services,51,31,458471.82,313438.69,145033.13,39917.11
S001367,2025-11-01,M007,Business Services,59,43,563645.42,396331.34,167314.08,39175.95
S001368,2025-12-01,M007,Business Services,55,41,533040.61,365059.61,167981.0,15279.46
S001369,2023-01-01,M007,Consulting,38,26,992003.2,649139.58,342863.62,59437.96
S001370,2023-02-01,M007,Consulting,38,25,1068005.27,703192.82,364812.45,91349.4
S001371,2023-03-01,M007,Consulting,41,22,1124106.49,748561.85,375544.64,78005.39
S001372,2023-04-01,M007,Consulting,48,31,1322076.31,909074.6,413001.71,63626.05
S001373,2023-05-01,M007,Consulting,37,28,837879.63,567597.29,270282.34,41094.27
S001374,2023-06-01,M007,Consulting,48,30,1157153.34,761497.94,395655.4,31189.16
S001375,2023-07-01,M007,Consulting,39,22,939791.42,617046.1,322745.32,38978.41
S001376,2023-08-01,M007,Consulting,43,25,1132640.27,759681.58,372958.69,24807.07
S001377,2023-09-01,M007,Consulting,39,25,955510.11,645895.57,309614.54,40795.74
S001378,2023-10-01,M007,Consulting,47,35,1093033.84,725067.9,367965.94,79408.21
S001379,2023-11-01,M007,Consulting,50,33,1360121.87,917134.15,442987.72,38159.17
S001380,2023-12-01,M007,Consulting,43,28,1076901.8,732562.76,344339.04,52256.19
S001381,2024-01-01,M007,Consulting,42,32,1015654.43,720107.6,295546.83,68309.69
S001382,2024-02-01,M007,Consulting,43,29,1178526.31,788995.99,389530.32,57125.78
S001383,2024-03-01,M007,Consulting,44,31,1045950.65,741866.32,304084.33,48251.13
S001384,2024-04-01,M007,Consulting,54,40,1396418.28,944851.72,451566.56,117026.12
S001385,2024-05-01,M007,Consulting,47,25,1193991.54,836943.06,357048.48,48055.13
S001386,2024-06-01,M007,Consulting,55,30,1558392.97,1059911.64,498481.33,96387.76
S001387,2024-07-01,M007,Consulting,54,34,1333603.55,919029.44,414574.11,81297.99
S001388,2024-08-01,M007,Consulting,49,27,1328874.78,910259.15,418615.63,54543.25
S001389,2024-09-01,M007,Consulting,48,27,1121895.08,768036.74,353858.34,44384.5
S001390,2024-10-01,M007,Consulting,53,37,1509644.44,1011912.01,497732.43,102273.99
S001391,2024-11-01,M007,Consulting,52,31,1414625.55,959629.75,454995.8,52645.26
S001392,2024-12-01,M007,Consulting,63,40,1598545.99,1098474.16,500071.83,33747.26
S001393,2025-01-01,M007,Consulting,54,38,1215691.04,826416.72,389274.32,101025.32
S001394,2025-02-01,M007,Consulting,54,35,1517153.01,1051990.83,465162.18,111317.41
S001395,2025-03-01,M007,Consulting,57,42,1513740.9,992789.07,520951.83,33554.07
S001396,2025-04-01,M007,Consulting,58,41,1548689.14,1041307.11,507382.03,119085.97
S001397,2025-05-01,M007,Consulting,58,37,1369230.16,954734.0,414496.16,94192.23
S001398,2025-06-01,M007,Consulting,45,29,1275819.71,864845.85,410973.86,45299.83
S001399,2025-07-01,M007,Consulting,46,28,1299902.12,874404.2,425497.92,34184.38
S001400,2025-08-01,M007,Consulting,56,35,1511233.34,1005356.26,505877.08,82462.88
S001401,2025-09-01,M007,Consulting,53,32,1492118.14,1034960.12,457158.02,51681.07
S001402,2025-10-01,M007,Consulting,54,40,1348679.09,948654.09,400025.0,80701.12
S001403,2025-11-01,M007,Consulting,60,41,1597439.41,1094473.51,502965.9,108253.44
S001404,2025-12-01,M007,Consulting,62,35,1444695.48,946424.28,498271.2,55149.39
S001405,2023-01-01,M007,Digital Solutions,38,25,582839.61,386254.27,196585.34,39317.49
S001406,2023-02-01,M007,Digital Solutions,48,34,694334.17,462687.12,231647.05,41110.22
S001407,2023-03-01,M007,Digital Solutions,45,35,667952.19,472766.18,195186.01,15783.97
S001408,2023-04-01,M007,Digital Solutions,48,31,771977.89,515404.97,256572.92,52195.08
S001409,2023-05-01,M007,Digital Solutions,43,27,656032.77,461996.74,194036.03,23432.42
S001410,2023-06-01,M007,Digital Solutions,40,26,566840.61,369302.07,197538.54,19058.64
S001411,2023-07-01,M007,Digital Solutions,38,26,482174.47,335326.62,146847.85,42656.38
S001412,2023-08-01,M007,Digital Solutions,43,24,579422.62,383038.27,196384.35,24194.61
S001413,2023-09-01,M007,Digital Solutions,46,26,656874.59,459604.34,197270.25,40382.78
S001414,2023-10-01,M007,Digital Solutions,50,31,673821.66,443152.59,230669.07,24719.25
S001415,2023-11-01,M007,Digital Solutions,47,26,647075.3,452206.42,194868.88,55679.75
S001416,2023-12-01,M007,Digital Solutions,53,37,809540.28,557547.33,251992.95,48997.76
S001417,2024-01-01,M007,Digital Solutions,40,22,508668.11,340805.99,167862.12,40356.94
S001418,2024-02-01,M007,Digital Solutions,40,23,632676.21,428774.22,203901.99,26004.87
S001419,2024-03-01,M007,Digital Solutions,53,30,793488.21,543345.4,250142.81,32250.67
S001420,2024-04-01,M007,Digital Solutions,46,26,700666.1,466073.78,234592.32,43420.5
S001421,2024-05-01,M007,Digital Solutions,50,27,697186.0,487270.18,209915.82,56887.36
S001422,2024-06-01,M007,Digital Solutions,50,31,794077.35,554405.55,239671.8,41121.59
S001423,2024-07-01,M007,Digital Solutions,46,27,596133.03,409490.04,186642.99,14741.24
S001424,2024-08-01,M007,Digital Solutions,53,31,774130.85,533718.19,240412.66,29370.55
S001425,2024-09-01,M007,Digital Solutions,48,35,679496.88,452401.65,227095.23,51500.29
S001426,2024-10-01,M007,Digital Solutions,47,29,663897.02,470559.9,193337.12,48335.79
S001427,2024-11-01,M007,Digital Solutions,51,39,781025.98,515511.94,265514.04,32496.31
S001428,2024-12-01,M007,Digital Solutions,52,33,656670.9,450729.97,205940.93,44312.83
S001429,2025-01-01,M007,Digital Solutions,44,29,683016.94,479971.12,203045.82,33839.58
S001430,2025-02-01,M007,Digital Solutions,47,28,741648.29,517904.74,223743.55,32564.76
S001431,2025-03-01,M007,Digital Solutions,59,42,946167.15,650192.57,295974.58,40855.67
S001432,2025-04-01,M007,Digital Solutions,54,42,796843.49,538922.56,257920.93,24988.69
S001433,2025-05-01,M007,Digital Solutions,52,38,662878.97,440393.16,222485.81,13429.13
S001434,2025-06-01,M007,Digital Solutions,49,29,724402.28,482119.52,242282.76,51737.56
S001435,2025-07-01,M007,Digital Solutions,61,38,926607.38,614821.59,311785.79,30482.71
S001436,2025-08-01,M007,Digital Solutions,62,39,797199.66,520572.22,276627.44,22372.01
S001437,2025-09-01,M007,Digital Solutions,51,30,747145.02,520858.68,226286.34,17239.13
S001438,2025-10-01,M007,Digital Solutions,51,30,673685.17,474491.92,199193.25,47372.58
S001439,2025-11-01,M007,Digital Solutions,57,39,753819.02,491859.01,261960.01,59552.98
S001440,2025-12-01,M007,Digital Solutions,68,37,1018033.67,686088.89,331944.78,76473.66
S001441,2023-01-01,M007,SaaS,35,21,403215.74,282157.98,121057.76,26718.53
S001442,2023-02-01,M007,SaaS,35,27,482757.97,339909.8,142848.17,39338.57
S001443,2023-03-01,M007,SaaS,29,16,393601.53,275085.7,118515.83,13153.25
S001444,2023-04-01,M007,SaaS,30,19,377959.42,268282.74,109676.68,14029.28
S001445,2023-05-01,M007,SaaS,27,19,306917.28,209725.2,97192.08,23102.02
S001446,2023-06-01,M007,SaaS,30,16,395605.07,278336.29,117268.78,31492.21
S001447,2023-07-01,M007,SaaS,37,28,422825.37,277409.16,145416.21,22387.21
S001448,2023-08-01,M007,SaaS,34,19,419078.61,291795.42,127283.19,27305.07
S001449,2023-09-01,M007,SaaS,33,22,402362.46,269787.81,132574.65,18577.68
S001450,2023-10-01,M007,SaaS,38,27,466806.29,311499.9,155306.39,22437.62
S001451,2023-11-01,M007,SaaS,41,28,447302.35,297174.97,150127.38,15302.23
S001452,2023-12-01,M007,SaaS,40,25,468719.88,330223.72,138496.16,28121.28
S001453,2024-01-01,M007,SaaS,38,24,473162.93,311937.31,161225.62,12246.39
S001454,2024-02-01,M007,SaaS,34,21,426764.15,289822.02,136942.13,27090.48
S001455,2024-03-01,M007,SaaS,36,24,432966.9,302847.47,130119.43,18267.49
S001456,2024-04-01,M007,SaaS,34,20,391046.62,269791.39,121255.23,17650.48
S001457,2024-05-01,M007,SaaS,31,23,382489.56,263848.67,118640.89,28690.97
S001458,2024-06-01,M007,SaaS,40,22,440561.84,287905.79,152656.05,14988.56
S001459,2024-07-01,M007,SaaS,32,20,374660.7,262312.65,112348.05,25419.89
S001460,2024-08-01,M007,SaaS,34,24,468995.56,333504.76,135490.8,34080.42
S001461,2024-09-01,M007,SaaS,39,30,422198.46,282521.89,139676.57,32746.4
S001462,2024-10-01,M007,SaaS,43,27,516742.84,354484.16,162258.68,34038.68
S001463,2024-11-01,M007,SaaS,40,27,523339.26,345486.01,177853.25,25028.89
S001464,2024-12-01,M007,SaaS,37,27,452262.65,308510.75,143751.9,33927.94
S001465,2025-01-01,M007,SaaS,41,29,499552.34,349044.66,150507.68,20938.86
S001466,2025-02-01,M007,SaaS,34,25,438390.01,290992.37,147397.64,22576.22
S001467,2025-03-01,M007,SaaS,42,27,526366.06,346822.99,179543.07,45285.79
S001468,2025-04-01,M007,SaaS,33,24,438995.59,294824.76,144170.83,21660.18
S001469,2025-05-01,M007,SaaS,41,26,538573.14,368091.17,170481.97,23064.7
S001470,2025-06-01,M007,SaaS,34,25,461258.71,304625.16,156633.55,39984.04
S001471,2025-07-01,M007,SaaS,38,26,479142.32,329491.91,149650.41,38660.14
S001472,2025-08-01,M007,SaaS,46,27,550707.79,376281.8,174425.99,18274.53
S001473,2025-09-01,M007,SaaS,36,24,437565.82,308433.42,129132.4,11607.27
S001474,2025-10-01,M007,SaaS,39,26,424950.92,294296.14,130654.78,23033.59
S001475,2025-11-01,M007,SaaS,40,22,547559.35,365895.07,181664.28,19883.39
S001476,2025-12-01,M007,SaaS,47,26,515700.9,351868.86,163832.04,16516.77
S001477,2023-01-01,M007,IT Services,48,28,712462.84,486887.97,225574.87,38100.79
S001478,2023-02-01,M007,IT Services,43,33,768100.31,506174.98,261925.33,26420.65
S001479,2023-03-01,M007,IT Services,53,38,863853.37,593832.3,270021.07,74067.48
S001480,2023-04-01,M007,IT Services,52,35,891245.87,595108.45,296137.42,18289.28
S001481,2023-05-01,M007,IT Services,46,26,735859.59,514847.07,221012.52,41804.15
S001482,2023-06-01,M007,IT Services,58,44,941967.46,645971.11,295996.35,67454.62
S001483,2023-07-01,M007,IT Services,49,37,795036.1,551134.12,243901.98,55505.73
S001484,2023-08-01,M007,IT Services,49,34,864357.01,571951.58,292405.43,32361.04
S001485,2023-09-01,M007,IT Services,59,43,957647.44,675955.43,281692.01,31450.2
S001486,2023-10-01,M007,IT Services,59,38,1072782.22,714024.23,358757.99,86828.6
S001487,2023-11-01,M007,IT Services,54,38,840648.15,593647.04,247001.11,57889.62
S001488,2023-12-01,M007,IT Services,63,38,1031558.87,733173.64,298385.23,60550.1
S001489,2024-01-01,M007,IT Services,63,35,933716.59,650980.06,282736.53,39982.6
S001490,2024-02-01,M007,IT Services,55,33,903334.21,613300.74,290033.47,22695.08
S001491,2024-03-01,M007,IT Services,64,47,1019175.83,709303.01,309872.82,81436.35
S001492,2024-04-01,M007,IT Services,55,30,817230.2,577151.03,240079.17,35057.32
S001493,2024-05-01,M007,IT Services,61,40,895049.87,612308.73,282741.14,33081.54
S001494,2024-06-01,M007,IT Services,65,38,1149310.94,806464.31,342846.63,36710.41
S001495,2024-07-01,M007,IT Services,49,28,763252.35,521514.48,241737.87,36147.22
S001496,2024-08-01,M007,IT Services,51,37,872586.16,576264.44,296321.72,39324.05
S001497,2024-09-01,M007,IT Services,54,30,923409.53,613300.9,310108.63,63504.69
S001498,2024-10-01,M007,IT Services,71,53,1204447.46,836108.91,368338.55,99717.04
S001499,2024-11-01,M007,IT Services,63,39,920408.64,599627.77,320780.87,68173.45
S001500,2024-12-01,M007,IT Services,71,55,1128799.1,751229.82,377569.28,29796.97
S001501,2025-01-01,M007,IT Services,60,47,944907.99,626218.03,318689.96,63144.86
S001502,2025-02-01,M007,IT Services,56,43,984911.01,690449.25,294461.76,31272.7
S001503,2025-03-01,M007,IT Services,60,39,889844.12,596932.79,292911.33,52806.72
S001504,2025-04-01,M007,IT Services,57,34,944308.2,668131.47,276176.73,26871.5
S001505,2025-05-01,M007,IT Services,58,37,875480.2,591236.62,284243.58,36889.95
S001506,2025-06-01,M007,IT Services,62,41,909172.04,636515.98,272656.06,59547.27
S001507,2025-07-01,M007,IT Services,62,35,947003.09,633821.64,313181.45,58639.22
S001508,2025-08-01,M007,IT Services,74,42,1224309.73,870033.52,354276.21,97372.48
S001509,2025-09-01,M007,IT Services,59,46,991168.65,703813.94,287354.71,68134.99
S001510,2025-10-01,M007,IT Services,75,59,1288116.22,864484.16,423632.06,83050.96
S001511,2025-11-01,M007,IT Services,80,50,1424497.35,968840.28,455657.07,61904.9
S001512,2025-12-01,M007,IT Services,75,52,1194711.42,823915.43,370795.99,43331.92
S001513,2023-01-01,M008,Software,6,3,113841.41,85609.51,28231.9,4738.01
S001514,2023-02-01,M008,Software,6,4,113933.69,79958.14,33975.55,5265.63
S001515,2023-03-01,M008,Software,6,3,102718.4,71951.61,30766.79,8693.95
S001516,2023-04-01,M008,Software,6,4,117159.9,84111.6,33048.3,4624.17
S001517,2023-05-01,M008,Software,6,4,111263.57,84210.28,27053.29,7272.55
S001518,2023-06-01,M008,Software,6,3,120067.24,86217.43,33849.81,4437.38
S001519,2023-07-01,M008,Software,6,4,115155.16,82117.18,33037.98,7843.73
S001520,2023-08-01,M008,Software,7,4,125416.81,89986.34,35430.47,6391.9
S001521,2023-09-01,M008,Software,5,3,82574.66,58607.19,23967.47,5318.28
S001522,2023-10-01,M008,Software,6,3,99677.5,73139.15,26538.35,7793.33
S001523,2023-11-01,M008,Software,8,4,132413.92,98211.32,34202.6,5535.22
S001524,2023-12-01,M008,Software,8,4,135951.68,96952.33,38999.35,5434.63
S001525,2024-01-01,M008,Software,7,4,121963.61,90872.32,31091.29,3122.4
S001526,2024-02-01,M008,Software,8,5,135639.58,98295.64,37343.94,7510.43
S001527,2024-03-01,M008,Software,8,5,159105.74,118663.21,40442.53,3402.76
S001528,2024-04-01,M008,Software,7,5,137304.04,103457.49,33846.55,8466.56
S001529,2024-05-01,M008,Software,6,4,104146.88,75612.62,28534.26,5389.83
S001530,2024-06-01,M008,Software,7,4,115666.1,81706.46,33959.64,6112.73
S001531,2024-07-01,M008,Software,7,4,113804.28,82877.06,30927.22,8054.4
S001532,2024-08-01,M008,Software,7,5,143018.98,108183.78,34835.2,6596.06
S001533,2024-09-01,M008,Software,8,5,150779.12,108972.18,41806.94,3425.38
S001534,2024-10-01,M008,Software,10,6,187452.39,133063.77,54388.62,9474.0
S001535,2024-11-01,M008,Software,8,6,155600.83,113398.23,42202.6,8434.11
S001536,2024-12-01,M008,Software,9,6,172161.71,129773.97,42387.74,12308.96
S001537,2025-01-01,M008,Software,7,3,139013.48,102321.87,36691.61,9362.53
S001538,2025-02-01,M008,Software,9,6,156383.89,113460.93,42922.96,10583.23
S001539,2025-03-01,M008,Software,8,5,163864.02,122683.51,41180.51,3418.8
S001540,2025-04-01,M008,Software,9,6,182933.76,132089.15,50844.61,11164.67
S001541,2025-05-01,M008,Software,10,6,170497.05,123367.69,47129.36,13312.83
S001542,2025-06-01,M008,Software,8,5,164436.6,121306.39,43130.21,7694.84
S001543,2025-07-01,M008,Software,8,5,161150.42,119550.91,41599.51,4225.55
S001544,2025-08-01,M008,Software,10,7,177497.68,125448.76,52048.92,12852.8
S001545,2025-09-01,M008,Software,11,7,193450.97,146523.93,46927.04,14924.21
S001546,2025-10-01,M008,Software,9,5,174000.83,126968.01,47032.82,11452.12
S001547,2025-11-01,M008,Software,11,6,196745.24,145678.6,51066.64,6662.08
S001548,2025-12-01,M008,Software,9,7,164051.76,122556.87,41494.89,5412.83
S001549,2023-01-01,M008,Business Services,5,3,43417.71,32664.72,10752.99,2110.77
S001550,2023-02-01,M008,Business Services,6,4,60322.89,42718.71,17604.18,2444.21
S001551,2023-03-01,M008,Business Services,6,3,53219.05,39027.59,14191.46,2844.71
S001552,2023-04-01,M008,Business Services,6,3,49424.26,36737.44,12686.82,1013.49
S001553,2023-05-01,M008,Business Services,6,4,49907.36,36409.42,13497.94,1023.52
S001554,2023-06-01,M008,Business Services,6,4,58878.41,44401.84,14476.57,3127.99
S001555,2023-07-01,M008,Business Services,6,3,53605.6,40290.46,13315.14,4822.42
S001556,2023-08-01,M008,Business Services,7,5,67174.98,48426.86,18748.12,1612.66
S001557,2023-09-01,M008,Business Services,6,3,49952.39,36246.21,13706.18,3440.8
S001558,2023-10-01,M008,Business Services,7,5,58887.09,43241.65,15645.44,4759.87
S001559,2023-11-01,M008,Business Services,7,5,69537.07,50087.95,19449.12,4400.63
S001560,2023-12-01,M008,Business Services,8,5,72236.28,51249.91,20986.37,6431.39
S001561,2024-01-01,M008,Business Services,8,6,65099.35,46859.32,18240.03,1510.49
S001562,2024-02-01,M008,Business Services,7,4,63697.82,46792.79,16905.03,3058.23
S001563,2024-03-01,M008,Business Services,8,4,72502.49,54673.33,17829.16,6174.25
S001564,2024-04-01,M008,Business Services,8,6,81093.65,60192.3,20901.35,3290.0
S001565,2024-05-01,M008,Business Services,6,3,55620.73,40742.94,14877.79,4448.33
S001566,2024-06-01,M008,Business Services,7,4,69249.93,49602.4,19647.53,4647.66
S001567,2024-07-01,M008,Business Services,8,6,67824.95,49171.54,18653.41,1905.71
S001568,2024-08-01,M008,Business Services,8,4,68609.53,51003.99,17605.54,4540.73
S001569,2024-09-01,M008,Business Services,7,4,67973.3,48112.46,19860.84,5779.61
S001570,2024-10-01,M008,Business Services,9,6,77362.61,55210.42,22152.19,4126.61
S001571,2024-11-01,M008,Business Services,10,5,84054.52,61382.71,22671.81,5949.3
S001572,2024-12-01,M008,Business Services,8,5,80494.93,60701.77,19793.16,5927.94
S001573,2025-01-01,M008,Business Services,8,5,71586.19,53063.02,18523.17,5119.86
S001574,2025-02-01,M008,Business Services,8,5,74914.2,56153.32,18760.88,5737.78
S001575,2025-03-01,M008,Business Services,8,4,66378.25,46700.31,19677.94,4768.66
S001576,2025-04-01,M008,Business Services,10,7,83612.39,60223.01,23389.38,6666.68
S001577,2025-05-01,M008,Business Services,10,6,81037.77,56881.47,24156.3,4659.04
S001578,2025-06-01,M008,Business Services,10,7,88191.97,63507.16,24684.81,5957.47
S001579,2025-07-01,M008,Business Services,10,6,94536.4,67265.34,27271.06,4506.73
S001580,2025-08-01,M008,Business Services,9,5,75830.19,57234.61,18595.58,5960.64
S001581,2025-09-01,M008,Business Services,9,5,85079.67,60147.26,24932.41,5664.14
S001582,2025-10-01,M008,Business Services,11,7,103922.29,74484.59,29437.7,9282.7
S001583,2025-11-01,M008,Business Services,9,7,87207.08,63390.56,23816.52,6802.86
S001584,2025-12-01,M008,Business Services,11,7,98423.54,74513.37,23910.17,4263.72
S001585,2023-01-01,M008,Consulting,5,3,137825.58,102021.86,35803.72,3263.66
S001586,2023-02-01,M008,Consulting,6,3,153281.42,110624.5,42656.92,13627.83
S001587,2023-03-01,M008,Consulting,6,4,172164.87,125865.7,46299.17,7509.61
S001588,2023-04-01,M008,Consulting,6,4,163414.28,117930.17,45484.11,9306.3
S001589,2023-05-01,M008,Consulting,5,3,118596.63,88897.08,29699.55,5640.94
S001590,2023-06-01,M008,Consulting,5,3,130636.99,97521.08,33115.91,10383.9
S001591,2023-07-01,M008,Consulting,6,3,141138.54,99707.84,41430.7,9698.6
S001592,2023-08-01,M008,Consulting,6,3,143180.12,106397.57,36782.55,10233.42
S001593,2023-09-01,M008,Consulting,5,3,130490.07,96418.99,34071.08,11638.92
S001594,2023-10-01,M008,Consulting,6,4,151016.66,113066.11,37950.55,12809.08
S001595,2023-11-01,M008,Consulting,6,4,141736.23,99406.47,42329.76,12560.58
S001596,2023-12-01,M008,Consulting,8,5,228486.35,168124.45,60361.9,11031.22
S001597,2024-01-01,M008,Consulting,6,3,153323.47,113379.49,39943.98,13311.37
S001598,2024-02-01,M008,Consulting,7,4,187766.02,140058.34,47707.68,12410.64
S001599,2024-03-01,M008,Consulting,8,6,212515.55,151887.62,60627.93,13967.3
S001600,2024-04-01,M008,Consulting,7,4,161115.37,117219.99,43895.38,10765.0
S001601,2024-05-01,M008,Consulting,7,3,182567.96,133741.59,48826.37,7149.5
S001602,2024-06-01,M008,Consulting,8,5,189054.83,137490.41,51564.42,12311.58
S001603,2024-07-01,M008,Consulting,7,4,161850.55,113620.69,48229.86,13534.21
S001604,2024-08-01,M008,Consulting,8,4,220643.4,154314.64,66328.76,13001.24
S001605,2024-09-01,M008,Consulting,8,6,204428.16,149096.42,55331.74,12455.91
S001606,2024-10-01,M008,Consulting,9,6,209480.02,155723.11,53756.91,18349.96
S001607,2024-11-01,M008,Consulting,10,5,262443.91,186071.75,76372.16,15439.71
S001608,2024-12-01,M008,Consulting,10,5,233051.0,165599.93,67451.07,7290.93
S001609,2025-01-01,M008,Consulting,8,6,181750.26,137584.17,44166.09,10074.49
S001610,2025-02-01,M008,Consulting,8,5,201152.57,151852.83,49299.74,4024.26
S001611,2025-03-01,M008,Consulting,9,7,231718.67,172669.36,59049.31,15326.11
S001612,2025-04-01,M008,Consulting,8,5,214755.07,156676.7,58078.37,19117.79
S001613,2025-05-01,M008,Consulting,8,5,190491.98,134133.13,56358.85,14740.92
S001614,2025-06-01,M008,Consulting,8,4,194985.46,145879.87,49105.59,16967.56
S001615,2025-07-01,M008,Consulting,9,5,222697.42,157204.23,65493.19,14155.07
S001616,2025-08-01,M008,Consulting,8,4,199089.12,149798.56,49290.56,9557.11
S001617,2025-09-01,M008,Consulting,8,4,201267.17,148911.73,52355.44,11575.54
S001618,2025-10-01,M008,Consulting,9,6,258488.96,191283.94,67205.02,8655.22
S001619,2025-11-01,M008,Consulting,10,7,276281.76,202928.04,73353.72,13642.26
S001620,2025-12-01,M008,Consulting,9,7,226891.53,158768.39,68123.14,14124.57
S001621,2023-01-01,M008,Digital Solutions,5,2,72596.45,50974.15,21622.3,4705.15
S001622,2023-02-01,M008,Digital Solutions,5,3,67781.93,50858.91,16923.02,2426.84
S001623,2023-03-01,M008,Digital Solutions,5,3,79953.54,57639.94,22313.6,2186.74
S001624,2023-04-01,M008,Digital Solutions,7,4,106044.02,75990.4,30053.62,8217.78
S001625,2023-05-01,M008,Digital Solutions,6,4,90309.57,67743.37,22566.2,5292.86
S001626,2023-06-01,M008,Digital Solutions,6,4,79185.7,59784.46,19401.24,3743.06
S001627,2023-07-01,M008,Digital Solutions,6,4,95928.01,70037.13,25890.88,5911.39
S001628,2023-08-01,M008,Digital Solutions,7,4,91325.52,63815.52,27510.0,5109.62
S001629,2023-09-01,M008,Digital Solutions,6,3,83554.81,62024.85,21529.96,1980.29
S001630,2023-10-01,M008,Digital Solutions,7,5,105533.81,75261.09,30272.72,6607.39
S001631,2023-11-01,M008,Digital Solutions,8,4,128414.9,95811.4,32603.5,7082.86
S001632,2023-12-01,M008,Digital Solutions,7,4,111271.09,83573.85,27697.24,8565.83
S001633,2024-01-01,M008,Digital Solutions,6,4,95496.55,69004.94,26491.61,4000.5
S001634,2024-02-01,M008,Digital Solutions,6,3,90929.01,68641.58,22287.43,2869.53
S001635,2024-03-01,M008,Digital Solutions,6,4,87237.36,63488.82,23748.54,7084.08
S001636,2024-04-01,M008,Digital Solutions,8,5,115043.11,85367.49,29675.62,6163.54
S001637,2024-05-01,M008,Digital Solutions,7,5,109957.97,81376.92,28581.05,5320.1
S001638,2024-06-01,M008,Digital Solutions,8,6,121685.68,90175.13,31510.55,8418.39
S001639,2024-07-01,M008,Digital Solutions,8,4,121491.53,91756.73,29734.8,9432.05
S001640,2024-08-01,M008,Digital Solutions,8,5,117857.42,86583.06,31274.36,10315.51
S001641,2024-09-01,M008,Digital Solutions,8,6,115458.46,82172.26,33286.2,2916.32
S001642,2024-10-01,M008,Digital Solutions,9,6,143403.23,103761.32,39641.91,6673.5
S001643,2024-11-01,M008,Digital Solutions,8,4,126393.26,90141.89,36251.37,7297.74
S001644,2024-12-01,M008,Digital Solutions,9,5,122824.11,87919.06,34905.05,4288.36
S001645,2025-01-01,M008,Digital Solutions,9,6,120250.09,86157.89,34092.2,10259.47
S001646,2025-02-01,M008,Digital Solutions,9,6,114516.02,83136.73,31379.29,7242.27
S001647,2025-03-01,M008,Digital Solutions,9,5,132789.2,95331.11,37458.09,5945.3
S001648,2025-04-01,M008,Digital Solutions,7,5,92760.86,66738.84,26022.02,2513.23
S001649,2025-05-01,M008,Digital Solutions,9,5,129601.04,91682.71,37918.33,3715.53
S001650,2025-06-01,M008,Digital Solutions,9,5,134083.95,95436.36,38647.59,6392.47
S001651,2025-07-01,M008,Digital Solutions,8,5,105901.1,79096.75,26804.35,2923.79
S001652,2025-08-01,M008,Digital Solutions,9,6,118497.78,85250.18,33247.6,5969.59
S001653,2025-09-01,M008,Digital Solutions,9,6,119651.64,84901.7,34749.94,2730.2
S001654,2025-10-01,M008,Digital Solutions,10,7,157534.92,111506.17,46028.75,5345.07
S001655,2025-11-01,M008,Digital Solutions,10,7,135302.99,97887.07,37415.92,7916.4
S001656,2025-12-01,M008,Digital Solutions,12,8,164845.28,122655.37,42189.91,13471.76
S001657,2023-01-01,M008,SaaS,6,4,71799.27,50602.97,21196.3,1978.18
S001658,2023-02-01,M008,SaaS,5,2,61500.01,45770.96,15729.05,2248.15
S001659,2023-03-01,M008,SaaS,7,4,96105.21,71352.92,24752.29,4843.99
S001660,2023-04-01,M008,SaaS,5,3,65413.5,46644.07,18769.43,2006.54
S001661,2023-05-01,M008,SaaS,6,3,78601.1,58954.76,19646.34,7042.5
S001662,2023-06-01,M008,SaaS,5,3,56976.19,42195.86,14780.33,4369.88
S001663,2023-07-01,M008,SaaS,6,4,68061.39,51573.73,16487.66,4177.86
S001664,2023-08-01,M008,SaaS,6,3,67181.32,47060.65,20120.67,6001.17
S001665,2023-09-01,M008,SaaS,7,4,88545.81,62305.8,26240.01,2086.75
S001666,2023-10-01,M008,SaaS,7,4,88899.51,63304.07,25595.44,3870.01
S001667,2023-11-01,M008,SaaS,7,4,89121.34,63851.64,25269.7,3462.12
S001668,2023-12-01,M008,SaaS,7,4,84379.56,60533.09,23846.47,1968.49
S001669,2024-01-01,M008,SaaS,6,3,78205.58,55597.81,22607.77,4148.34
S001670,2024-02-01,M008,SaaS,8,4,90836.16,68590.36,22245.8,4128.57
S001671,2024-03-01,M008,SaaS,7,4,75886.89,55496.55,20390.34,6096.62
S001672,2024-04-01,M008,SaaS,7,5,83189.08,61969.92,21219.16,4743.47
S001673,2024-05-01,M008,SaaS,7,4,80010.7,57707.15,22303.55,6569.16
S001674,2024-06-01,M008,SaaS,6,4,66966.38,49112.72,17853.66,5615.29
S001675,2024-07-01,M008,SaaS,8,4,103311.84,77869.24,25442.6,2607.75
S001676,2024-08-01,M008,SaaS,8,5,103808.42,78643.05,25165.37,3544.01
S001677,2024-09-01,M008,SaaS,8,4,91000.96,66542.61,24458.35,3428.62
S001678,2024-10-01,M008,SaaS,9,6,121684.0,92079.2,29604.8,10056.44
S001679,2024-11-01,M008,SaaS,8,5,108260.38,76027.21,32233.17,5340.52
S001680,2024-12-01,M008,SaaS,10,6,108656.25,79769.9,28886.35,7472.23
S001681,2025-01-01,M008,SaaS,7,3,87489.67,65255.34,22234.33,5998.84
S001682,2025-02-01,M008,SaaS,9,5,115686.75,86813.11,28873.64,10181.32
S001683,2025-03-01,M008,SaaS,8,5,95619.61,71233.01,24386.6,4595.42
S001684,2025-04-01,M008,SaaS,8,4,90240.07,64184.92,26055.15,6205.86
S001685,2025-05-01,M008,SaaS,10,7,121663.23,90111.73,31551.5,6905.01
S001686,2025-06-01,M008,SaaS,8,4,103398.11,75618.04,27780.07,3306.43
S001687,2025-07-01,M008,SaaS,8,4,87338.18,61755.81,25582.37,7148.82
S001688,2025-08-01,M008,SaaS,10,6,131718.64,97043.02,34675.62,4930.3
S001689,2025-09-01,M008,SaaS,10,6,108042.0,77687.35,30354.65,6737.63
S001690,2025-10-01,M008,SaaS,10,5,129163.85,94438.99,34724.86,9111.94
S001691,2025-11-01,M008,SaaS,10,7,117739.05,82609.93,35129.12,9079.39
S001692,2025-12-01,M008,SaaS,12,7,164348.19,116490.67,47857.52,14464.67
S001693,2023-01-01,M008,IT Services,6,4,105132.32,74074.82,31057.5,7590.96
S001694,2023-02-01,M008,IT Services,5,3,89400.52,65821.88,23578.64,5235.42
S001695,2023-03-01,M008,IT Services,7,4,108326.22,79413.93,28912.29,8291.43
S001696,2023-04-01,M008,IT Services,6,3,91961.36,68214.84,23746.52,4212.27
S001697,2023-05-01,M008,IT Services,7,4,105882.38,75102.55,30779.83,8509.2
S001698,2023-06-01,M008,IT Services,5,3,86589.6,63821.2,22768.4,1859.37
S001699,2023-07-01,M008,IT Services,5,2,79883.95,58688.29,21195.66,1986.06
S001700,2023-08-01,M008,IT Services,5,3,90182.62,68216.22,21966.4,2436.41
S001701,2023-09-01,M008,IT Services,6,4,105791.83,77693.27,28098.56,4914.16
S001702,2023-10-01,M008,IT Services,6,4,104722.7,77166.9,27555.8,2415.09
S001703,2023-11-01,M008,IT Services,6,3,89823.25,66095.82,23727.43,1881.33
S001704,2023-12-01,M008,IT Services,8,6,118602.85,88046.95,30555.9,5181.44
S001705,2024-01-01,M008,IT Services,7,4,114251.91,83629.09,30622.82,5838.6
S001706,2024-02-01,M008,IT Services,6,3,90108.32,63215.72,26892.6,6167.27
S001707,2024-03-01,M008,IT Services,8,4,141597.6,99736.95,41860.65,5773.17
S001708,2024-04-01,M008,IT Services,7,5,104771.38,78885.52,25885.86,2271.45
S001709,2024-05-01,M008,IT Services,7,4,119150.21,84805.53,34344.68,9714.23
S001710,2024-06-01,M008,IT Services,7,5,123837.98,87298.91,36539.07,3946.61
S001711,2024-07-01,M008,IT Services,6,3,109340.38,78685.54,30654.84,6899.24
S001712,2024-08-01,M008,IT Services,7,5,126556.46,95162.26,31394.2,7886.42
S001713,2024-09-01,M008,IT Services,7,4,117589.12,86894.36,30694.76,3588.28
S001714,2024-10-01,M008,IT Services,9,5,159032.25,114360.59,44671.66,4337.54
S001715,2024-11-01,M008,IT Services,10,7,181315.27,135414.07,45901.2,12654.26
S001716,2024-12-01,M008,IT Services,8,4,145059.04,102573.94,42485.1,9560.81
S001717,2025-01-01,M008,IT Services,8,5,138282.99,103066.84,35216.15,7396.79
S001718,2025-02-01,M008,IT Services,7,4,127668.39,91271.23,36397.16,3361.67
S001719,2025-03-01,M008,IT Services,11,6,175340.77,125782.27,49558.5,8708.87
S001720,2025-04-01,M008,IT Services,9,5,158166.06,113596.12,44569.94,12044.32
S001721,2025-05-01,M008,IT Services,9,5,144671.75,105324.82,39346.93,8298.94
S001722,2025-06-01,M008,IT Services,9,6,143446.58,105154.64,38291.94,7104.74
S001723,2025-07-01,M008,IT Services,9,6,156538.21,115898.64,40639.57,5707.93
S001724,2025-08-01,M008,IT Services,8,6,115748.95,84693.79,31055.16,10073.99
S001725,2025-09-01,M008,IT Services,10,5,157973.9,118342.21,39631.69,12744.4
S001726,2025-10-01,M008,IT Services,11,6,164742.17,123457.57,41284.6,14501.82
S001727,2025-11-01,M008,IT Services,12,7,212535.45,149104.66,63430.79,6300.85
S001728,2025-12-01,M008,IT Services,12,8,190918.12,133600.84,57317.28,16713.72
S001729,2023-01-01,M009,Software,6,4,99191.8,74160.38,25031.42,8027.93
S001730,2023-02-01,M009,Software,5,3,82777.35,58111.68,24665.67,4953.63
S001731,2023-03-01,M009,Software,7,4,119146.37,88408.21,30738.16,8622.32
S001732,2023-04-01,M009,Software,6,3,108311.11,77728.41,30582.7,8090.6
S001733,2023-05-01,M009,Software,6,3,101408.96,76084.04,25324.92,2256.18
S001734,2023-06-01,M009,Software,6,4,97493.42,72862.76,24630.66,6589.9
S001735,2023-07-01,M009,Software,7,4,139529.82,105003.03,34526.79,7692.43
S001736,2023-08-01,M009,Software,6,3,101433.62,76662.25,24771.37,5731.51
S001737,2023-09-01,M009,Software,7,4,120073.72,88199.27,31874.45,4241.42
S001738,2023-10-01,M009,Software,6,4,112300.95,83990.19,28310.76,8665.04
S001739,2023-11-01,M009,Software,7,4,133619.56,99818.52,33801.04,4214.05
S001740,2023-12-01,M009,Software,8,5,136610.3,96160.54,40449.76,3476.27
S001741,2024-01-01,M009,Software,7,5,114283.54,81636.44,32647.1,6618.13
S001742,2024-02-01,M009,Software,6,4,117626.08,84214.06,33412.02,6895.05
S001743,2024-03-01,M009,Software,7,3,121878.79,92140.34,29738.45,7256.15
S001744,2024-04-01,M009,Software,7,5,114838.94,82256.24,32582.7,9881.39
S001745,2024-05-01,M009,Software,6,3,104824.86,75608.93,29215.93,3526.5
S001746,2024-06-01,M009,Software,7,5,144076.3,106552.98,37523.32,3863.63
S001747,2024-07-01,M009,Software,7,5,116581.59,86952.34,29629.25,3557.26
S001748,2024-08-01,M009,Software,7,4,131870.28,98707.76,33162.52,5315.47
S001749,2024-09-01,M009,Software,6,3,121100.5,85133.34,35967.16,8512.44
S001750,2024-10-01,M009,Software,9,6,172295.92,128107.11,44188.81,5388.26
S001751,2024-11-01,M009,Software,9,6,175313.19,129115.31,46197.88,14921.94
S001752,2024-12-01,M009,Software,8,5,141804.75,101960.31,39844.44,11332.56
S001753,2025-01-01,M009,Software,7,5,137786.51,99296.96,38489.55,4769.82
S001754,2025-02-01,M009,Software,8,4,135086.45,99297.64,35788.81,7406.33
S001755,2025-03-01,M009,Software,9,5,181053.53,132210.39,48843.14,15901.26
S001756,2025-04-01,M009,Software,8,4,132988.1,95249.15,37738.95,11355.05
S001757,2025-05-01,M009,Software,7,4,124844.84,87735.18,37109.66,4062.83
S001758,2025-06-01,M009,Software,9,5,164967.07,117582.19,47384.88,13422.72
S001759,2025-07-01,M009,Software,8,4,134062.78,98070.14,35992.64,3052.81
S001760,2025-08-01,M009,Software,9,5,180508.54,135819.75,44688.79,5239.96
S001761,2025-09-01,M009,Software,8,6,163873.62,117959.67,45913.95,11103.1
S001762,2025-10-01,M009,Software,9,5,181259.23,133833.36,47425.87,11499.62
S001763,2025-11-01,M009,Software,10,7,173016.76,129187.13,43829.63,3556.53
S001764,2025-12-01,M009,Software,10,6,169119.26,121995.33,47123.93,4246.33
S001765,2023-01-01,M009,Business Services,5,2,45741.12,33663.13,12077.99,3796.92
S001766,2023-02-01,M009,Business Services,6,3,58479.0,44002.38,14476.62,4945.82
S001767,2023-03-01,M009,Business Services,7,4,61877.35,44331.23,17546.12,5553.53
S001768,2023-04-01,M009,Business Services,6,4,55028.96,39296.32,15732.64,1248.04
S001769,2023-05-01,M009,Business Services,5,3,47702.43,34184.1,13518.33,1058.64
S001770,2023-06-01,M009,Business Services,6,3,61242.21,44038.63,17203.58,3068.71
S001771,2023-07-01,M009,Business Services,6,3,60318.28,45513.68,14804.6,4093.02
S001772,2023-08-01,M009,Business Services,6,4,49728.48,34887.29,14841.19,2404.61
S001773,2023-09-01,M009,Business Services,6,4,60362.4,43997.35,16365.05,4036.74
S001774,2023-10-01,M009,Business Services,6,4,49847.96,37460.67,12387.29,2190.39
S001775,2023-11-01,M009,Business Services,7,4,62201.1,44943.16,17257.94,3314.38
S001776,2023-12-01,M009,Business Services,7,4,67672.87,48635.24,19037.63,4635.8
S001777,2024-01-01,M009,Business Services,6,3,59171.48,43386.17,15785.31,1505.71
S001778,2024-02-01,M009,Business Services,7,4,61798.79,46755.86,15042.93,5297.88
S001779,2024-03-01,M009,Business Services,8,5,70497.28,49801.42,20695.86,3673.34
S001780,2024-04-01,M009,Business Services,6,4,50133.69,37880.94,12252.75,2428.83
S001781,2024-05-01,M009,Business Services,7,3,63796.3,47678.21,16118.09,1837.35
S001782,2024-06-01,M009,Business Services,7,5,58234.78,41376.82,16857.96,5155.66
S001783,2024-07-01,M009,Business Services,7,4,59316.09,42710.75,16605.34,2631.62
S001784,2024-08-01,M009,Business Services,8,6,75183.06,52497.49,22685.57,5786.43
S001785,2024-09-01,M009,Business Services,6,4,55378.15,41504.01,13874.14,3818.45
S001786,2024-10-01,M009,Business Services,8,5,72186.96,51868.69,20318.27,4184.87
S001787,2024-11-01,M009,Business Services,8,5,66840.84,47319.89,19520.95,3341.16
S001788,2024-12-01,M009,Business Services,7,4,65248.52,46998.1,18250.42,5164.84
S001789,2025-01-01,M009,Business Services,8,5,69898.47,51349.0,18549.47,5924.56
S001790,2025-02-01,M009,Business Services,8,6,79306.92,55802.63,23504.29,5192.52
S001791,2025-03-01,M009,Business Services,9,5,82952.2,61592.31,21359.89,7043.14
S001792,2025-04-01,M009,Business Services,7,4,65854.43,46055.83,19798.6,2653.49
S001793,2025-05-01,M009,Business Services,8,4,72983.34,52567.33,20416.01,2458.75
S001794,2025-06-01,M009,Business Services,8,4,82217.09,61847.13,20369.96,4020.86
S001795,2025-07-01,M009,Business Services,9,6,87908.35,61347.4,26560.95,4063.57
S001796,2025-08-01,M009,Business Services,7,4,70553.81,50323.91,20229.9,5552.15
S001797,2025-09-01,M009,Business Services,9,5,77791.48,58453.39,19338.09,3813.26
S001798,2025-10-01,M009,Business Services,8,4,71539.3,53397.11,18142.19,5537.31
S001799,2025-11-01,M009,Business Services,9,5,92323.0,69885.72,22437.28,3409.32
S001800,2025-12-01,M009,Business Services,11,6,105049.75,78484.03,26565.72,7993.57
S001801,2023-01-01,M009,Consulting,5,3,143042.36,101248.68,41793.68,11914.28
S001802,2023-02-01,M009,Consulting,6,3,138734.17,103422.21,35311.96,7671.72
S001803,2023-03-01,M009,Consulting,6,4,166613.65,122467.55,44146.1,6367.33
S001804,2023-04-01,M009,Consulting,6,4,142641.1,100276.11,42364.99,7220.42
S001805,2023-05-01,M009,Consulting,6,4,136043.19,100652.17,35391.02,11487.71
S001806,2023-06-01,M009,Consulting,5,3,135698.11,95698.77,39999.34,7023.66
S001807,2023-07-01,M009,Consulting,6,3,143989.57,108175.7,35813.87,5872.55
S001808,2023-08-01,M009,Consulting,6,3,164251.09,122295.27,41955.82,12142.66
S001809,2023-09-01,M009,Consulting,6,3,170061.6,125003.15,45058.45,11000.78
S001810,2023-10-01,M009,Consulting,7,4,177586.84,130198.44,47388.4,4882.82
S001811,2023-11-01,M009,Consulting,6,4,138479.14,100681.91,37797.23,6272.8
S001812,2023-12-01,M009,Consulting,8,5,204551.85,142923.94,61627.91,5144.54
S001813,2024-01-01,M009,Consulting,7,3,187570.97,135035.2,52535.77,7868.78
S001814,2024-02-01,M009,Consulting,7,5,165366.53,115427.23,49939.3,5375.64
S001815,2024-03-01,M009,Consulting,7,4,158875.96,120103.07,38772.89,14229.21
S001816,2024-04-01,M009,Consulting,7,4,181408.62,128238.35,53170.27,13046.69
S001817,2024-05-01,M009,Consulting,8,4,181477.76,126813.44,54664.32,10130.48
S001818,2024-06-01,M009,Consulting,6,4,139304.57,98964.4,40340.17,5980.04
S001819,2024-07-01,M009,Consulting,6,4,170244.3,121461.72,48782.58,9143.86
S001820,2024-08-01,M009,Consulting,8,5,207574.86,148428.32,59146.54,14979.35
S001821,2024-09-01,M009,Consulting,7,4,174997.47,124070.28,50927.19,5618.67
S001822,2024-10-01,M009,Consulting,8,6,194054.14,139907.13,54147.01,11809.24
S001823,2024-11-01,M009,Consulting,9,5,247168.1,186519.41,60648.69,13383.71
S001824,2024-12-01,M009,Consulting,9,5,244523.21,182500.76,62022.45,15552.6
S001825,2025-01-01,M009,Consulting,8,5,208357.1,149983.28,58373.82,13395.05
S001826,2025-02-01,M009,Consulting,6,3,136266.0,99212.74,37053.26,8323.24
S001827,2025-03-01,M009,Consulting,8,6,212254.9,160317.98,51936.92,9478.82
S001828,2025-04-01,M009,Consulting,7,4,171617.3,127829.8,43787.5,7730.01
S001829,2025-05-01,M009,Consulting,7,4,173773.44,129317.13,44456.31,4963.19
S001830,2025-06-01,M009,Consulting,7,3,171888.04,124674.28,47213.76,13006.21
S001831,2025-07-01,M009,Consulting,9,6,224189.49,164444.81,59744.68,12758.26
S001832,2025-08-01,M009,Consulting,7,4,184095.82,138145.8,45950.02,14763.36
S001833,2025-09-01,M009,Consulting,7,5,175951.57,130691.91,45259.66,7433.04
S001834,2025-10-01,M009,Consulting,9,5,247653.29,180122.96,67530.33,22119.94
S001835,2025-11-01,M009,Consulting,9,5,212126.61,152097.43,60029.18,9927.53
S001836,2025-12-01,M009,Consulting,9,5,238706.25,178735.17,59971.08,21282.29
S001837,2023-01-01,M009,Digital Solutions,7,5,98068.86,73664.4,24404.46,8263.52
S001838,2023-02-01,M009,Digital Solutions,6,4,77058.54,54180.41,22878.13,5870.01
S001839,2023-03-01,M009,Digital Solutions,9,5,137141.31,98936.57,38204.74,8084.69
S001840,2023-04-01,M009,Digital Solutions,7,4,97836.52,72319.52,25517.0,5069.96
S001841,2023-05-01,M009,Digital Solutions,9,7,117224.51,84382.23,32842.28,7415.43
S001842,2023-06-01,M009,Digital Solutions,7,3,88454.7,62246.29,26208.41,3768.18
S001843,2023-07-01,M009,Digital Solutions,9,5,118761.03,84186.08,34574.95,9876.09
S001844,2023-08-01,M009,Digital Solutions,8,6,128507.82,96823.78,31684.04,10378.43
S001845,2023-09-01,M009,Digital Solutions,8,5,103902.5,78366.25,25536.25,2623.84
S001846,2023-10-01,M009,Digital Solutions,9,6,138993.29,99184.88,39808.41,4437.18
S001847,2023-11-01,M009,Digital Solutions,8,5,104336.08,78159.59,26176.49,7586.53
S001848,2023-12-01,M009,Digital Solutions,10,7,140465.29,101725.92,38739.37,4012.55
S001849,2024-01-01,M009,Digital Solutions,9,6,134229.97,101475.3,32754.67,5709.31
S001850,2024-02-01,M009,Digital Solutions,9,5,121710.08,87043.89,34666.19,3139.58
S001851,2024-03-01,M009,Digital Solutions,10,7,149081.83,110546.58,38535.25,5130.26
S001852,2024-04-01,M009,Digital Solutions,8,6,102487.47,71555.49,30931.98,3600.33
S001853,2024-05-01,M009,Digital Solutions,10,5,129658.72,92047.28,37611.44,7952.83
S001854,2024-06-01,M009,Digital Solutions,9,6,137355.37,98361.49,38993.88,7112.47
S001855,2024-07-01,M009,Digital Solutions,8,5,126395.51,89807.43,36588.08,5745.32
S001856,2024-08-01,M009,Digital Solutions,11,8,158368.37,117857.94,40510.43,5250.98
S001857,2024-09-01,M009,Digital Solutions,9,5,123075.12,92255.86,30819.26,8047.49
S001858,2024-10-01,M009,Digital Solutions,9,6,136868.32,97427.49,39440.83,11303.53
S001859,2024-11-01,M009,Digital Solutions,10,5,149165.99,108079.48,41086.51,5756.39
S001860,2024-12-01,M009,Digital Solutions,12,6,169321.89,119615.28,49706.61,9338.67
S001861,2025-01-01,M009,Digital Solutions,10,5,135540.61,95321.48,40219.13,8864.83
S001862,2025-02-01,M009,Digital Solutions,11,7,149919.23,108175.95,41743.28,9232.54
S001863,2025-03-01,M009,Digital Solutions,11,7,155292.27,114647.57,40644.7,10131.91
S001864,2025-04-01,M009,Digital Solutions,12,7,153431.79,107331.87,46099.92,5927.45
S001865,2025-05-01,M009,Digital Solutions,9,5,120533.65,88545.62,31988.03,8450.33
S001866,2025-06-01,M009,Digital Solutions,10,5,151687.35,113791.55,37895.8,5882.24
S001867,2025-07-01,M009,Digital Solutions,10,7,138167.16,98745.24,39421.92,8530.71
S001868,2025-08-01,M009,Digital Solutions,12,6,172336.09,127430.18,44905.91,9198.11
S001869,2025-09-01,M009,Digital Solutions,10,7,134351.68,96237.02,38114.66,3340.23
S001870,2025-10-01,M009,Digital Solutions,11,8,144060.6,100577.94,43482.66,7667.2
S001871,2025-11-01,M009,Digital Solutions,12,7,162280.95,113924.25,48356.7,10961.14
S001872,2025-12-01,M009,Digital Solutions,14,9,223907.54,163987.54,59920.0,12131.65
S001873,2023-01-01,M009,SaaS,5,3,62509.0,47308.36,15200.64,4905.4
S001874,2023-02-01,M009,SaaS,6,3,67438.49,47411.59,20026.9,2786.7
S001875,2023-03-01,M009,SaaS,7,4,91031.12,68891.22,22139.9,3460.44
S001876,2023-04-01,M009,SaaS,6,3,65044.1,46737.93,18306.17,4534.29
S001877,2023-05-01,M009,SaaS,7,5,93596.08,70340.26,23255.82,5775.07
S001878,2023-06-01,M009,SaaS,5,3,64923.23,45358.2,19565.03,5746.01
S001879,2023-07-01,M009,SaaS,7,5,78574.3,57144.73,21429.57,2915.56
S001880,2023-08-01,M009,SaaS,6,4,71269.56,52886.43,18383.13,2392.44
S001881,2023-09-01,M009,SaaS,7,4,95874.51,71908.63,23965.88,6473.07
S001882,2023-10-01,M009,SaaS,8,5,109399.35,79753.7,29645.65,4219.71
S001883,2023-11-01,M009,SaaS,7,5,83811.55,60548.62,23262.93,7507.51
S001884,2023-12-01,M009,SaaS,6,3,74161.4,53247.62,20913.78,4662.21
S001885,2024-01-01,M009,SaaS,6,3,82226.75,61254.03,20972.72,3304.58
S001886,2024-02-01,M009,SaaS,7,4,89996.06,65281.26,24714.8,2746.31
S001887,2024-03-01,M009,SaaS,8,5,102343.69,73239.06,29104.63,4111.98
S001888,2024-04-01,M009,SaaS,7,3,76460.01,54621.58,21838.43,4703.44
S001889,2024-05-01,M009,SaaS,6,3,72545.81,53467.36,19078.45,1454.17
S001890,2024-06-01,M009,SaaS,6,3,69898.78,52350.04,17548.74,4653.36
S001891,2024-07-01,M009,SaaS,7,4,77406.07,55240.08,22165.99,6944.41
S001892,2024-08-01,M009,SaaS,6,4,66252.92,47074.78,19178.14,3519.52
S001893,2024-09-01,M009,SaaS,7,5,88977.94,64309.14,24668.8,7801.9
S001894,2024-10-01,M009,SaaS,7,4,81942.48,58674.43,23268.05,4873.41
S001895,2024-11-01,M009,SaaS,8,5,100276.02,74043.74,26232.28,3405.92
S001896,2024-12-01,M009,SaaS,7,4,81922.31,57553.36,24368.95,4888.02
S001897,2025-01-01,M009,SaaS,8,5,95423.18,71563.12,23860.06,4826.74
S001898,2025-02-01,M009,SaaS,7,4,82178.47,61920.88,20257.59,5742.79
S001899,2025-03-01,M009,SaaS,8,5,96492.14,69668.82,26823.32,2116.76
S001900,2025-04-01,M009,SaaS,8,6,96502.05,71677.03,24825.02,6085.86
S001901,2025-05-01,M009,SaaS,7,4,86356.34,60884.37,25471.97,5011.16
S001902,2025-06-01,M009,SaaS,8,4,104528.04,75360.49,29167.55,5038.87
S001903,2025-07-01,M009,SaaS,7,5,93973.13,68131.76,25841.37,2236.96
S001904,2025-08-01,M009,SaaS,7,5,89247.48,64026.95,25220.53,2393.43
S001905,2025-09-01,M009,SaaS,8,5,94351.38,66145.21,28206.17,6777.55
S001906,2025-10-01,M009,SaaS,10,7,109590.61,77776.88,31813.73,3297.65
S001907,2025-11-01,M009,SaaS,10,6,114706.31,84646.47,30059.84,9137.26
S001908,2025-12-01,M009,SaaS,9,5,123907.28,86460.9,37446.38,6684.41
S001909,2023-01-01,M009,IT Services,6,3,100890.98,71094.05,29796.93,2701.91
S001910,2023-02-01,M009,IT Services,6,4,106385.43,77026.13,29359.3,2542.16
S001911,2023-03-01,M009,IT Services,6,3,109984.71,82116.37,27868.34,8680.04
S001912,2023-04-01,M009,IT Services,7,5,119876.97,89782.92,30094.05,7576.36
S001913,2023-05-01,M009,IT Services,7,4,105974.62,79111.43,26863.19,6996.72
S001914,2023-06-01,M009,IT Services,6,4,99520.34,72248.73,27271.61,4010.92
S001915,2023-07-01,M009,IT Services,7,5,114603.0,84515.36,30087.64,5430.26
S001916,2023-08-01,M009,IT Services,8,4,128540.69,92920.78,35619.91,2822.49
S001917,2023-09-01,M009,IT Services,7,4,101108.55,72349.81,28758.74,6587.99
S001918,2023-10-01,M009,IT Services,9,6,131134.74,98590.18,32544.56,11460.62
S001919,2023-11-01,M009,IT Services,8,5,124060.93,93827.93,30233.0,5587.99
S001920,2023-12-01,M009,IT Services,9,6,142158.03,105164.74,36993.29,6730.29
S001921,2024-01-01,M009,IT Services,6,4,94844.81,70237.57,24607.24,4149.5
S001922,2024-02-01,M009,IT Services,8,5,124106.88,92230.83,31876.05,5113.84
S001923,2024-03-01,M009,IT Services,8,6,135844.29,97806.72,38037.57,7202.83
S001924,2024-04-01,M009,IT Services,8,5,144877.19,107777.6,37099.59,8226.18
S001925,2024-05-01,M009,IT Services,7,4,127545.45,91614.07,35931.38,8063.84
S001926,2024-06-01,M009,IT Services,8,4,142465.0,100715.74,41749.26,3812.05
S001927,2024-07-01,M009,IT Services,7,5,114139.56,84805.07,29334.49,10123.38
S001928,2024-08-01,M009,IT Services,9,6,138118.22,103780.33,34337.89,4444.62
S001929,2024-09-01,M009,IT Services,9,6,144722.02,101488.08,43233.94,9093.36
S001930,2024-10-01,M009,IT Services,8,6,117532.21,87350.07,30182.14,7340.75
S001931,2024-11-01,M009,IT Services,10,7,156846.37,115960.21,40886.16,7283.01
S001932,2024-12-01,M009,IT Services,11,7,167188.31,119129.98,48058.33,8464.08
S001933,2025-01-01,M009,IT Services,8,4,120386.87,89836.33,30550.54,9222.48
S001934,2025-02-01,M009,IT Services,8,5,135331.7,99809.77,35521.93,4634.81
S001935,2025-03-01,M009,IT Services,11,8,174220.68,125766.71,48453.97,10150.21
S001936,2025-04-01,M009,IT Services,8,4,138559.27,104204.79,34354.48,9000.29
S001937,2025-05-01,M009,IT Services,9,6,150133.32,108970.36,41162.96,6703.07
S001938,2025-06-01,M009,IT Services,10,6,149514.94,104874.16,44640.78,7464.66
S001939,2025-07-01,M009,IT Services,9,5,132413.18,98560.86,33852.32,5412.51
S001940,2025-08-01,M009,IT Services,8,4,134447.67,96433.29,38014.38,4797.29
S001941,2025-09-01,M009,IT Services,11,8,169460.8,125332.6,44128.2,4195.29
S001942,2025-10-01,M009,IT Services,12,9,176389.3,129103.1,47286.2,14062.4
S001943,2025-11-01,M009,IT Services,12,8,191962.54,134527.14,57435.4,13212.06
S001944,2025-12-01,M009,IT Services,10,6,180695.65,128869.1,51826.55,3993.1
S001945,2023-01-01,M010,Software,20,12,392826.23,260662.72,132163.51,22900.24
S001946,2023-02-01,M010,Software,23,17,441255.29,312362.95,128892.34,16102.82
S001947,2023-03-01,M010,Software,21,16,425658.61,296848.12,128810.49,31324.3
S001948,2023-04-01,M010,Software,19,15,389017.12,268845.4,120171.72,24457.62
S001949,2023-05-01,M010,Software,19,13,388734.36,261008.11,127726.25,8910.52
S001950,2023-06-01,M010,Software,19,12,363403.81,247511.04,115892.77,14986.51
S001951,2023-07-01,M010,Software,25,19,407412.37,268289.76,139122.61,30210.82
S001952,2023-08-01,M010,Software,25,17,501783.13,349299.5,152483.63,35955.09
S001953,2023-09-01,M010,Software,23,12,451848.04,314904.84,136943.2,22628.69
S001954,2023-10-01,M010,Software,24,14,436098.91,309206.69,126892.22,38715.74
S001955,2023-11-01,M010,Software,24,14,435944.68,287146.01,148798.67,15799.66
S001956,2023-12-01,M010,Software,26,15,508654.66,360381.89,148272.77,38414.95
S001957,2024-01-01,M010,Software,24,19,390409.04,272657.62,117751.42,30016.03
S001958,2024-02-01,M010,Software,21,12,357266.08,235017.9,122248.18,15890.02
S001959,2024-03-01,M010,Software,27,16,472928.15,327061.71,145866.44,25305.96
S001960,2024-04-01,M010,Software,21,11,363843.79,250258.59,113585.2,19882.26
S001961,2024-05-01,M010,Software,26,16,528266.8,353102.64,175164.16,36936.08
S001962,2024-06-01,M010,Software,28,20,490478.11,340597.14,149880.97,27897.95
S001963,2024-07-01,M010,Software,23,16,424706.6,279643.75,145062.85,35263.29
S001964,2024-08-01,M010,Software,26,18,453934.71,302962.06,150972.65,13436.11
S001965,2024-09-01,M010,Software,29,17,566619.08,378414.39,188204.69,26102.61
S001966,2024-10-01,M010,Software,30,17,618017.81,430820.53,187197.28,40476.19
S001967,2024-11-01,M010,Software,27,15,498017.26,327309.58,170707.68,19650.62
S001968,2024-12-01,M010,Software,27,20,447665.94,300807.14,146858.8,28060.75
S001969,2025-01-01,M010,Software,26,19,466205.6,306700.32,159505.28,16037.99
S001970,2025-02-01,M010,Software,23,15,378008.87,254592.33,123416.54,21889.9
S001971,2025-03-01,M010,Software,27,15,511361.82,362448.23,148913.59,43255.54
S001972,2025-04-01,M010,Software,29,21,546920.1,383191.44,163728.66,23991.26
S001973,2025-05-01,M010,Software,29,19,525595.17,367366.62,158228.55,37569.02
S001974,2025-06-01,M010,Software,23,13,412769.44,288310.3,124459.14,27844.55
S001975,2025-07-01,M010,Software,30,23,548572.84,378271.78,170301.06,32794.35
S001976,2025-08-01,M010,Software,27,15,483726.86,338578.83,145148.03,40984.38
S001977,2025-09-01,M010,Software,24,13,475155.6,338433.39,136722.21,12348.14
S001978,2025-10-01,M010,Software,27,18,478410.18,324781.22,153628.96,30182.09
S001979,2025-11-01,M010,Software,29,20,571906.63,402516.79,169389.84,35778.45
S001980,2025-12-01,M010,Software,27,18,476400.21,319698.39,156701.82,15490.11
S001981,2023-01-01,M010,Business Services,23,15,236284.57,161621.59,74662.98,18690.76
S001982,2023-02-01,M010,Business Services,22,12,224672.3,150931.87,73740.43,14092.12
S001983,2023-03-01,M010,Business Services,24,13,204109.41,143113.07,60996.34,8027.64
S001984,2023-04-01,M010,Business Services,27,15,256993.04,170647.0,86346.04,16256.47
S001985,2023-05-01,M010,Business Services,21,12,171919.21,119701.58,52217.63,13794.78
S001986,2023-06-01,M010,Business Services,25,14,242851.37,160002.33,82849.04,17004.08
S001987,2023-07-01,M010,Business Services,23,14,221406.57,156456.82,64949.75,9904.28
S001988,2023-08-01,M010,Business Services,26,18,231059.18,152464.11,78595.07,11799.47
S001989,2023-09-01,M010,Business Services,25,15,220825.63,149605.29,71220.34,17133.53
S001990,2023-10-01,M010,Business Services,26,18,261837.41,173803.68,88033.73,11221.79
S001991,2023-11-01,M010,Business Services,30,19,270549.28,187847.42,82701.86,14325.03
S001992,2023-12-01,M010,Business Services,32,22,270742.52,178115.18,92627.34,23046.04
S001993,2024-01-01,M010,Business Services,29,16,274639.74,193259.06,81380.68,15312.74
S001994,2024-02-01,M010,Business Services,28,18,263433.65,178039.83,85393.82,9230.93
S001995,2024-03-01,M010,Business Services,31,17,301756.62,204610.72,97145.9,27112.07
S001996,2024-04-01,M010,Business Services,23,13,234713.05,156946.72,77766.33,12966.65
S001997,2024-05-01,M010,Business Services,27,18,244098.37,170669.37,73429.0,19364.73
S001998,2024-06-01,M010,Business Services,27,15,247394.0,169877.27,77516.73,12585.23
S001999,2024-07-01,M010,Business Services,25,18,218984.92,146685.24,72299.68,8105.76
S002000,2024-08-01,M010,Business Services,29,18,264642.33,185273.79,79368.54,7430.94
S002001,2024-09-01,M010,Business Services,25,18,252012.76,170590.68,81422.08,11249.58
S002002,2024-10-01,M010,Business Services,30,23,287099.77,198533.26,88566.51,14764.9
S002003,2024-11-01,M010,Business Services,29,20,288847.65,191424.21,97423.44,16647.19
S002004,2024-12-01,M010,Business Services,33,21,310718.08,206157.84,104560.24,11875.5
S002005,2025-01-01,M010,Business Services,26,16,215368.1,146549.67,68818.43,19130.58
S002006,2025-02-01,M010,Business Services,29,20,285315.08,202343.27,82971.81,23209.92
S002007,2025-03-01,M010,Business Services,26,15,226007.5,155600.45,70407.05,19235.22
S002008,2025-04-01,M010,Business Services,31,18,253476.78,172639.28,80837.5,17313.29
S002009,2025-05-01,M010,Business Services,33,19,331665.84,235588.01,96077.83,27627.18
S002010,2025-06-01,M010,Business Services,28,18,261887.27,182776.1,79111.17,7419.81
S002011,2025-07-01,M010,Business Services,33,25,311217.24,215423.88,95793.36,27881.76
S002012,2025-08-01,M010,Business Services,25,18,222466.37,151751.81,70714.56,10816.59
S002013,2025-09-01,M010,Business Services,29,22,253776.25,173538.89,80237.36,7466.7
S002014,2025-10-01,M010,Business Services,29,21,294691.31,209642.6,85048.71,7622.27
S002015,2025-11-01,M010,Business Services,37,25,330492.0,229415.74,101076.26,15386.46
S002016,2025-12-01,M010,Business Services,32,21,301541.82,214663.43,86878.39,8076.17
S002017,2023-01-01,M010,Consulting,19,13,534054.57,368492.15,165562.42,42235.48
S002018,2023-02-01,M010,Consulting,20,12,489822.29,326175.09,163647.2,14706.31
S002019,2023-03-01,M010,Consulting,25,18,717063.34,478884.18,238179.16,40398.95
S002020,2023-04-01,M010,Consulting,21,14,485554.98,326432.52,159122.46,13740.51
S002021,2023-05-01,M010,Consulting,20,13,560668.65,377054.56,183614.09,47229.89
S002022,2023-06-01,M010,Consulting,24,17,678677.38,471807.02,206870.36,20272.24
S002023,2023-07-01,M010,Consulting,19,14,517140.19,339678.88,177461.31,43014.63
S002024,2023-08-01,M010,Consulting,25,17,687342.5,450621.68,236720.82,53801.95
S002025,2023-09-01,M010,Consulting,19,11,539339.46,371858.33,167481.13,38425.92
S002026,2023-10-01,M010,Consulting,24,18,584241.24,386637.35,197603.89,40571.2
S002027,2023-11-01,M010,Consulting,26,17,655243.22,439657.32,215585.9,52757.03
S002028,2023-12-01,M010,Consulting,28,20,650380.96,439932.82,210448.14,16607.28
S002029,2024-01-01,M010,Consulting,24,17,589067.36,403878.49,185188.87,23166.58
S002030,2024-02-01,M010,Consulting,23,15,629200.3,438935.53,190264.77,26449.5
S002031,2024-03-01,M010,Consulting,28,18,793164.4,557477.06,235687.34,33492.88
S002032,2024-04-01,M010,Consulting,25,17,699620.86,459887.5,239733.36,45065.94
S002033,2024-05-01,M010,Consulting,20,11,497026.13,353778.1,143248.03,33367.52
S002034,2024-06-01,M010,Consulting,22,12,606906.97,424357.63,182549.34,24143.96
S002035,2024-07-01,M010,Consulting,21,16,597296.8,422067.48,175229.32,43280.85
S002036,2024-08-01,M010,Consulting,20,11,519717.15,347021.8,172695.35,16874.2
S002037,2024-09-01,M010,Consulting,23,14,572166.72,394928.89,177237.83,36984.87
S002038,2024-10-01,M010,Consulting,26,18,614260.45,413523.84,200736.61,22256.21
S002039,2024-11-01,M010,Consulting,24,16,659511.93,447632.25,211879.68,29677.35
S002040,2024-12-01,M010,Consulting,26,14,603259.71,427140.28,176119.43,43945.83
S002041,2025-01-01,M010,Consulting,23,18,564275.83,392140.72,172135.11,15860.29
S002042,2025-02-01,M010,Consulting,24,15,557030.44,388260.31,168770.13,38623.0
S002043,2025-03-01,M010,Consulting,29,19,798355.74,546514.79,251840.95,38991.86
S002044,2025-04-01,M010,Consulting,23,14,590451.31,418387.09,172064.22,44164.55
S002045,2025-05-01,M010,Consulting,22,16,530970.72,358010.78,172959.94,25166.15
S002046,2025-06-01,M010,Consulting,25,16,705057.61,473304.49,231753.12,50040.11
S002047,2025-07-01,M010,Consulting,24,18,586276.6,398544.2,187732.4,35220.8
S002048,2025-08-01,M010,Consulting,23,13,607384.94,432502.21,174882.73,38223.51
S002049,2025-09-01,M010,Consulting,25,17,565612.49,395099.4,170513.09,43082.08
S002050,2025-10-01,M010,Consulting,25,18,705035.71,494378.46,210657.25,41387.42
S002051,2025-11-01,M010,Consulting,30,20,742893.33,495588.89,247304.44,23021.9
S002052,2025-12-01,M010,Consulting,29,22,694066.87,488121.35,205945.52,58125.16
S002053,2023-01-01,M010,Digital Solutions,20,14,317800.97,208911.08,108889.89,6801.57
S002054,2023-02-01,M010,Digital Solutions,25,14,349819.52,239379.4,110440.12,10839.57
S002055,2023-03-01,M010,Digital Solutions,22,13,336675.7,225585.69,111090.01,13154.62
S002056,2023-04-01,M010,Digital Solutions,19,14,282975.85,187633.25,95342.6,20328.08
S002057,2023-05-01,M010,Digital Solutions,21,11,270030.93,188623.83,81407.1,19811.36
S002058,2023-06-01,M010,Digital Solutions,22,12,341129.37,235888.34,105241.03,10448.56
S002059,2023-07-01,M010,Digital Solutions,24,17,318719.86,220408.01,98311.85,13339.47
S002060,2023-08-01,M010,Digital Solutions,21,14,266322.25,178873.47,87448.78,9104.67
S002061,2023-09-01,M010,Digital Solutions,21,14,299247.93,201296.4,97951.53,7934.37
S002062,2023-10-01,M010,Digital Solutions,28,19,400168.25,283983.38,116184.87,22939.35
S002063,2023-11-01,M010,Digital Solutions,23,12,329811.31,223882.09,105929.22,15201.54
S002064,2023-12-01,M010,Digital Solutions,26,15,347989.54,248364.11,99625.43,16638.91
S002065,2024-01-01,M010,Digital Solutions,22,14,320562.8,222396.57,98166.23,13870.91
S002066,2024-02-01,M010,Digital Solutions,26,20,336280.4,223745.96,112534.44,27083.33
S002067,2024-03-01,M010,Digital Solutions,26,15,340461.08,235663.52,104797.56,18094.15
S002068,2024-04-01,M010,Digital Solutions,26,17,348751.11,244559.8,104191.31,13127.57
S002069,2024-05-01,M010,Digital Solutions,23,14,301924.26,203643.86,98280.4,17986.19
S002070,2024-06-01,M010,Digital Solutions,24,13,360393.38,252456.38,107937.0,27256.08
S002071,2024-07-01,M010,Digital Solutions,25,15,372050.75,250952.05,121098.7,25902.46
S002072,2024-08-01,M010,Digital Solutions,25,19,401866.09,265266.2,136599.89,10992.27
S002073,2024-09-01,M010,Digital Solutions,26,16,396476.69,263627.5,132849.19,28693.18
S002074,2024-10-01,M010,Digital Solutions,24,15,384040.97,252523.73,131517.24,19084.05
S002075,2024-11-01,M010,Digital Solutions,25,18,357629.42,250390.52,107238.9,20848.35
S002076,2024-12-01,M010,Digital Solutions,27,16,381352.8,256594.54,124758.26,32238.77
S002077,2025-01-01,M010,Digital Solutions,27,18,398327.0,269865.71,128461.29,26096.57
S002078,2025-02-01,M010,Digital Solutions,23,15,306259.18,211943.6,94315.58,21442.2
S002079,2025-03-01,M010,Digital Solutions,28,17,398162.26,283241.54,114920.72,33802.21
S002080,2025-04-01,M010,Digital Solutions,28,21,366063.25,251361.98,114701.27,28574.37
S002081,2025-05-01,M010,Digital Solutions,22,14,288776.88,190368.33,98408.55,25524.51
S002082,2025-06-01,M010,Digital Solutions,25,14,375728.95,258300.09,117428.86,16221.14
S002083,2025-07-01,M010,Digital Solutions,23,15,302394.47,204487.36,97907.11,17883.89
S002084,2025-08-01,M010,Digital Solutions,25,17,396189.46,266110.49,130078.97,30685.99
S002085,2025-09-01,M010,Digital Solutions,30,20,410103.78,284066.61,126037.17,19778.81
S002086,2025-10-01,M010,Digital Solutions,27,18,402510.24,265595.81,136914.43,12344.8
S002087,2025-11-01,M010,Digital Solutions,32,19,432649.01,286127.81,146521.2,32786.97
S002088,2025-12-01,M010,Digital Solutions,31,22,426422.38,299143.28,127279.1,26204.46
S002089,2023-01-01,M010,SaaS,22,16,281720.8,192585.58,89135.22,8949.41
S002090,2023-02-01,M010,SaaS,22,17,243628.33,171368.47,72259.86,7370.83
S002091,2023-03-01,M010,SaaS,20,15,235400.27,166888.72,68511.55,5567.98
S002092,2023-04-01,M010,SaaS,21,13,268685.06,181315.49,87369.57,14784.73
S002093,2023-05-01,M010,SaaS,19,13,226706.64,153782.32,72924.32,12063.84
S002094,2023-06-01,M010,SaaS,20,13,247841.13,175520.38,72320.75,19567.9
S002095,2023-07-01,M010,SaaS,24,18,319219.56,222777.22,96442.34,25151.73
S002096,2023-08-01,M010,SaaS,22,14,289671.69,201704.79,87966.9,17106.09
S002097,2023-09-01,M010,SaaS,21,13,228393.62,154654.74,73738.88,12019.29
S002098,2023-10-01,M010,SaaS,25,18,286033.5,197016.34,89017.16,25700.97
S002099,2023-11-01,M010,SaaS,27,17,306099.45,214287.28,91812.17,6350.67
S002100,2023-12-01,M010,SaaS,24,16,259604.25,174927.43,84676.82,6902.25
S002101,2024-01-01,M010,SaaS,21,12,284858.53,197010.0,87848.53,6365.73
S002102,2024-02-01,M010,SaaS,21,14,229566.8,159991.98,69574.82,8657.57
S002103,2024-03-01,M010,SaaS,26,20,345019.41,243925.66,101093.75,29302.58
S002104,2024-04-01,M010,SaaS,26,18,319043.44,218100.3,100943.14,25920.87
S002105,2024-05-01,M010,SaaS,25,18,272864.52,179252.95,93611.57,22538.22
S002106,2024-06-01,M010,SaaS,21,15,281667.53,186773.43,94894.1,13905.95
S002107,2024-07-01,M010,SaaS,26,14,330523.3,217794.87,112728.43,8865.72
S002108,2024-08-01,M010,SaaS,24,19,273181.13,189052.33,84128.8,5782.48
S002109,2024-09-01,M010,SaaS,26,19,305485.46,213155.09,92330.37,25477.71
S002110,2024-10-01,M010,SaaS,27,21,333423.58,237275.13,96148.45,16078.39
S002111,2024-11-01,M010,SaaS,29,20,318851.08,224695.27,94155.81,17570.86
S002112,2024-12-01,M010,SaaS,28,15,339645.51,228150.6,111494.91,11516.64
S002113,2025-01-01,M010,SaaS,24,14,312971.65,220792.6,92179.05,6330.07
S002114,2025-02-01,M010,SaaS,23,14,271960.22,187459.57,84500.65,18694.67
S002115,2025-03-01,M010,SaaS,27,17,301017.2,198862.11,102155.09,21392.85
S002116,2025-04-01,M010,SaaS,23,16,315037.83,220905.58,94132.25,23694.49
S002117,2025-05-01,M010,SaaS,23,14,254007.97,177464.35,76543.62,9467.19
S002118,2025-06-01,M010,SaaS,28,19,378124.25,252082.26,126041.99,27568.39
S002119,2025-07-01,M010,SaaS,23,12,297108.06,197838.39,99269.67,8862.68
S002120,2025-08-01,M010,SaaS,24,14,272753.66,193167.99,79585.67,8836.63
S002121,2025-09-01,M010,SaaS,24,17,278247.25,190486.16,87761.09,16836.39
S002122,2025-10-01,M010,SaaS,27,19,328023.52,227340.5,100683.02,25658.37
S002123,2025-11-01,M010,SaaS,24,18,286969.01,197284.57,89684.44,9971.14
S002124,2025-12-01,M010,SaaS,30,19,396981.75,279068.76,117912.99,13704.32
S002125,2023-01-01,M010,IT Services,27,20,474583.86,313531.67,161052.19,35185.0
S002126,2023-02-01,M010,IT Services,25,16,363144.81,240444.68,122700.13,23997.79
S002127,2023-03-01,M010,IT Services,26,15,435429.36,295019.49,140409.87,20227.31
S002128,2023-04-01,M010,IT Services,28,15,481744.29,333833.53,147910.76,38950.49
S002129,2023-05-01,M010,IT Services,23,15,361993.55,251249.91,110743.64,9779.09
S002130,2023-06-01,M010,IT Services,31,19,504288.31,336042.42,168245.89,10853.54
S002131,2023-07-01,M010,IT Services,30,19,501115.82,341409.26,159706.56,24030.18
S002132,2023-08-01,M010,IT Services,31,19,492678.63,332790.96,159887.67,33255.27
S002133,2023-09-01,M010,IT Services,26,20,465653.0,326418.27,139234.73,38677.41
S002134,2023-10-01,M010,IT Services,31,20,542384.98,386416.17,155968.81,26062.96
S002135,2023-11-01,M010,IT Services,26,17,470324.77,333176.05,137148.72,41184.69
S002136,2023-12-01,M010,IT Services,35,20,640139.89,448297.01,191842.88,18623.18
S002137,2024-01-01,M010,IT Services,27,21,493595.11,332562.87,161032.24,36332.36
S002138,2024-02-01,M010,IT Services,32,21,481963.79,315807.06,166156.73,14615.25
S002139,2024-03-01,M010,IT Services,35,21,515252.54,344895.12,170357.42,17638.4
S002140,2024-04-01,M010,IT Services,26,15,445610.21,314574.12,131036.09,20586.32
S002141,2024-05-01,M010,IT Services,30,19,488496.08,340192.18,148303.9,33664.5
S002142,2024-06-01,M010,IT Services,34,24,602663.19,420401.84,182261.35,44243.87
S002143,2024-07-01,M010,IT Services,27,15,471208.78,312511.12,158697.66,34929.87
S002144,2024-08-01,M010,IT Services,34,25,588930.61,400870.66,188059.95,28015.15
S002145,2024-09-01,M010,IT Services,27,18,468766.34,323629.6,145136.74,16649.92
S002146,2024-10-01,M010,IT Services,35,25,555678.56,375411.47,180267.09,43135.48
S002147,2024-11-01,M010,IT Services,35,25,632042.04,438595.86,193446.18,18749.9
S002148,2024-12-01,M010,IT Services,31,18,500389.68,338050.86,162338.82,32917.21
S002149,2025-01-01,M010,IT Services,31,19,494365.12,348268.61,146096.51,11092.5
S002150,2025-02-01,M010,IT Services,36,23,541950.17,377273.4,164676.77,42486.87
S002151,2025-03-01,M010,IT Services,34,19,582904.92,385465.88,197439.04,46849.62
S002152,2025-04-01,M010,IT Services,35,19,548663.61,378402.83,170260.78,25720.98
S002153,2025-05-01,M010,IT Services,32,21,583669.89,396488.24,187181.65,43188.76
S002154,2025-06-01,M010,IT Services,31,19,525030.53,363015.64,162014.89,39991.2
S002155,2025-07-01,M010,IT Services,32,20,521414.05,352112.89,169301.16,29956.12
S002156,2025-08-01,M010,IT Services,32,23,586334.02,402871.69,183462.33,27465.66
S002157,2025-09-01,M010,IT Services,35,20,551196.2,392038.64,159157.56,33794.23
S002158,2025-10-01,M010,IT Services,33,24,571247.0,389875.71,181371.29,13366.07
S002159,2025-11-01,M010,IT Services,34,19,556188.51,376665.46,179523.05,45741.84
S002160,2025-12-01,M010,IT Services,39,23,614244.03,413366.99,200877.04,47506.77
S002161,2023-01-01,M011,Software,5,3,81394.18,57128.78,24265.4,5251.45
S002162,2023-02-01,M011,Software,6,3,98188.53,71355.65,26832.88,3672.63
S002163,2023-03-01,M011,Software,5,2,97352.72,70130.49,27222.23,4884.87
S002164,2023-04-01,M011,Software,5,3,96502.32,67266.56,29235.76,7506.92
S002165,2023-05-01,M011,Software,6,4,111336.09,79038.07,32298.02,2823.21
S002166,2023-06-01,M011,Software,6,3,123574.77,89056.49,34518.28,10101.32
S002167,2023-07-01,M011,Software,6,4,99326.65,73307.68,26018.97,7196.09
S002168,2023-08-01,M011,Software,6,3,122859.69,85732.9,37126.79,8072.21
S002169,2023-09-01,M011,Software,7,5,127053.21,87588.64,39464.57,4245.49
S002170,2023-10-01,M011,Software,6,3,111079.07,81493.67,29585.4,4116.89
S002171,2023-11-01,M011,Software,7,4,128296.93,93405.7,34891.23,6490.05
S002172,2023-12-01,M011,Software,7,5,122120.9,88255.11,33865.79,7611.01
S002173,2024-01-01,M011,Software,7,5,121989.4,86225.89,35763.51,2599.63
S002174,2024-02-01,M011,Software,6,3,104410.44,75002.69,29407.75,9220.78
S002175,2024-03-01,M011,Software,7,4,113969.3,79992.38,33976.92,2787.75
S002176,2024-04-01,M011,Software,6,4,119528.32,85782.47,33745.85,7701.7
S002177,2024-05-01,M011,Software,6,3,122306.56,83554.22,38752.34,5362.13
S002178,2024-06-01,M011,Software,6,3,109672.58,79726.95,29945.63,3810.53
S002179,2024-07-01,M011,Software,7,5,121454.32,83115.56,38338.76,9675.1
S002180,2024-08-01,M011,Software,8,5,149807.73,105332.5,44475.23,5172.65
S002181,2024-09-01,M011,Software,8,5,140105.63,98258.92,41846.71,9417.21
S002182,2024-10-01,M011,Software,6,4,101701.83,71546.99,30154.84,5106.16
S002183,2024-11-01,M011,Software,9,5,185220.96,132578.64,52642.32,10067.31
S002184,2024-12-01,M011,Software,7,5,117548.47,84497.05,33051.42,9342.37
S002185,2025-01-01,M011,Software,6,3,123987.53,88855.01,35132.52,4030.04
S002186,2025-02-01,M011,Software,7,5,136535.51,96457.83,40077.68,6635.1
S002187,2025-03-01,M011,Software,9,5,170069.57,119314.72,50754.85,7724.94
S002188,2025-04-01,M011,Software,7,5,143647.54,104590.52,39057.02,6068.28
S002189,2025-05-01,M011,Software,8,5,160526.04,114308.99,46217.05,8423.44
S002190,2025-06-01,M011,Software,8,5,162860.78,112871.9,49988.88,6545.14
S002191,2025-07-01,M011,Software,8,5,146304.77,101350.62,44954.15,12217.86
S002192,2025-08-01,M011,Software,8,5,164672.91,116426.65,48246.26,10629.5
S002193,2025-09-01,M011,Software,8,4,151917.13,112773.34,39143.79,9414.27
S002194,2025-10-01,M011,Software,9,7,158963.32,110860.45,48102.87,9514.18
S002195,2025-11-01,M011,Software,9,5,160796.98,116895.85,43901.13,13160.57
S002196,2025-12-01,M011,Software,9,6,180769.25,132579.52,48189.73,5657.45
S002197,2023-01-01,M011,Business Services,6,3,61251.4,45184.13,16067.27,2608.74
S002198,2023-02-01,M011,Business Services,5,3,42828.83,30411.5,12417.33,1591.23
S002199,2023-03-01,M011,Business Services,6,4,59356.17,43969.17,15387.0,3265.48
S002200,2023-04-01,M011,Business Services,5,3,44226.67,32622.01,11604.66,1377.6
S002201,2023-05-01,M011,Business Services,6,4,48692.92,33322.48,15370.44,3280.98
S002202,2023-06-01,M011,Business Services,7,5,70279.16,48255.21,22023.95,3457.47
S002203,2023-07-01,M011,Business Services,5,3,41861.05,30516.53,11344.52,2733.37
S002204,2023-08-01,M011,Business Services,6,3,55090.9,39993.89,15097.01,2231.59
S002205,2023-09-01,M011,Business Services,6,4,58978.28,41532.65,17445.63,4138.14
S002206,2023-10-01,M011,Business Services,7,4,63450.27,43770.75,19679.52,1917.39
S002207,2023-11-01,M011,Business Services,6,4,58773.3,40501.09,18272.21,1870.56
S002208,2023-12-01,M011,Business Services,7,4,71079.35,51897.39,19181.96,2466.88
S002209,2024-01-01,M011,Business Services,5,3,41333.28,30435.83,10897.45,2248.96
S002210,2024-02-01,M011,Business Services,6,3,52586.44,37288.01,15298.43,3950.09
S002211,2024-03-01,M011,Business Services,7,4,66062.24,48098.55,17963.69,2005.76
S002212,2024-04-01,M011,Business Services,6,3,53606.49,37747.73,15858.76,2164.91
S002213,2024-05-01,M011,Business Services,8,4,76210.1,54179.06,22031.04,3870.74
S002214,2024-06-01,M011,Business Services,6,4,57983.61,40077.78,17905.83,2346.21
S002215,2024-07-01,M011,Business Services,7,4,57141.07,39718.74,17422.33,2354.61
S002216,2024-08-01,M011,Business Services,7,4,68057.95,49486.8,18571.15,6106.72
S002217,2024-09-01,M011,Business Services,7,4,59383.96,41750.06,17633.9,1835.64
S002218,2024-10-01,M011,Business Services,8,5,71538.53,52532.5,19006.03,3860.73
S002219,2024-11-01,M011,Business Services,7,4,59462.35,43777.85,15684.5,1248.49
S002220,2024-12-01,M011,Business Services,9,5,79163.49,55086.6,24076.89,3125.54
S002221,2025-01-01,M011,Business Services,8,5,76499.94,53839.9,22660.04,3989.66
S002222,2025-02-01,M011,Business Services,8,6,79919.59,58592.63,21326.96,5979.27
S002223,2025-03-01,M011,Business Services,8,4,68445.54,49435.11,19010.43,3278.16
S002224,2025-04-01,M011,Business Services,7,4,57758.36,41331.71,16426.65,3317.22
S002225,2025-05-01,M011,Business Services,8,6,82267.87,56415.89,25851.98,4908.85
S002226,2025-06-01,M011,Business Services,7,4,68346.11,49467.68,18878.43,4480.53
S002227,2025-07-01,M011,Business Services,7,5,63883.04,43748.0,20135.04,4001.61
S002228,2025-08-01,M011,Business Services,8,4,68220.25,49953.7,18266.55,1668.45
S002229,2025-09-01,M011,Business Services,9,6,74132.52,51600.32,22532.2,4521.89
S002230,2025-10-01,M011,Business Services,9,5,83772.91,61094.31,22678.6,3545.28
S002231,2025-11-01,M011,Business Services,9,5,75257.23,51732.06,23525.17,2545.03
S002232,2025-12-01,M011,Business Services,9,5,82766.42,59307.09,23459.33,5025.57
S002233,2023-01-01,M011,Consulting,6,4,164152.34,113936.16,50216.18,12541.83
S002234,2023-02-01,M011,Consulting,7,4,157521.66,114624.36,42897.3,9781.27
S002235,2023-03-01,M011,Consulting,7,4,179694.07,128167.16,51526.91,15561.6
S002236,2023-04-01,M011,Consulting,6,4,144338.33,100880.56,43457.77,8557.6
S002237,2023-05-01,M011,Consulting,6,3,171646.09,126870.8,44775.29,9291.31
S002238,2023-06-01,M011,Consulting,6,4,152643.99,105658.32,46985.67,3753.39
S002239,2023-07-01,M011,Consulting,7,4,197981.67,140367.4,57614.27,12799.87
S002240,2023-08-01,M011,Consulting,7,4,191572.14,139497.31,52074.83,6690.69
S002241,2023-09-01,M011,Consulting,7,4,180704.98,124428.94,56276.04,7409.68
S002242,2023-10-01,M011,Consulting,8,5,187729.88,129868.39,57861.49,13825.9
S002243,2023-11-01,M011,Consulting,9,6,236819.43,163838.3,72981.13,20596.06
S002244,2023-12-01,M011,Consulting,9,6,246867.11,180011.87,66855.24,9592.47
S002245,2024-01-01,M011,Consulting,8,5,222811.88,156105.81,66706.07,6717.57
S002246,2024-02-01,M011,Consulting,7,4,190103.11,134855.81,55247.3,9461.59
S002247,2024-03-01,M011,Consulting,8,5,218111.14,154127.12,63984.02,19151.82
S002248,2024-04-01,M011,Consulting,7,5,200155.63,145797.95,54357.68,4276.04
S002249,2024-05-01,M011,Consulting,8,4,215833.63,151102.49,64731.14,9959.27
S002250,2024-06-01,M011,Consulting,7,5,171748.72,122971.8,48776.92,5832.87
S002251,2024-07-01,M011,Consulting,7,4,194967.65,134295.68,60671.97,7217.63
S002252,2024-08-01,M011,Consulting,8,5,216063.2,153532.85,62530.35,19009.09
S002253,2024-09-01,M011,Consulting,7,5,187591.29,138242.26,49349.03,10147.36
S002254,2024-10-01,M011,Consulting,8,5,198750.95,136837.33,61913.62,12873.9
S002255,2024-11-01,M011,Consulting,8,5,226180.3,155852.22,70328.08,6649.69
S002256,2024-12-01,M011,Consulting,10,6,273452.68,193393.02,80059.66,8374.24
S002257,2025-01-01,M011,Consulting,8,4,189999.72,130659.07,59340.65,7061.5
S002258,2025-02-01,M011,Consulting,9,6,217165.45,155112.95,62052.5,8773.34
S002259,2025-03-01,M011,Consulting,8,5,183400.2,133800.36,49599.84,12801.0
S002260,2025-04-01,M011,Consulting,8,6,225255.17,159739.8,65515.37,18453.12
S002261,2025-05-01,M011,Consulting,8,5,203040.18,142611.51,60428.67,13692.38
S002262,2025-06-01,M011,Consulting,10,6,271728.14,185804.52,85923.62,7701.68
S002263,2025-07-01,M011,Consulting,9,5,229857.61,157517.25,72340.36,13099.08
S002264,2025-08-01,M011,Consulting,10,6,226012.58,160159.84,65852.74,5027.85
S002265,2025-09-01,M011,Consulting,9,6,246945.23,175805.39,71139.84,14875.26
S002266,2025-10-01,M011,Consulting,11,8,286364.84,212154.44,74210.4,21374.61
S002267,2025-11-01,M011,Consulting,10,7,277893.71,191097.45,86796.26,23502.8
S002268,2025-12-01,M011,Consulting,11,8,299193.63,217940.69,81252.94,15009.43
S002269,2023-01-01,M011,Digital Solutions,5,3,75931.39,54778.93,21152.46,1906.77
S002270,2023-02-01,M011,Digital Solutions,6,3,86681.99,62753.87,23928.12,6710.45
S002271,2023-03-01,M011,Digital Solutions,6,3,87669.49,59859.08,27810.41,6836.08
S002272,2023-04-01,M011,Digital Solutions,5,3,70475.12,49186.78,21288.34,2509.08
S002273,2023-05-01,M011,Digital Solutions,6,3,85212.82,61551.27,23661.55,6296.8
S002274,2023-06-01,M011,Digital Solutions,6,3,94086.55,69100.42,24986.13,2886.8
S002275,2023-07-01,M011,Digital Solutions,6,3,79413.32,54316.6,25096.72,4934.31
S002276,2023-08-01,M011,Digital Solutions,7,5,101431.87,75027.09,26404.78,4353.69
S002277,2023-09-01,M011,Digital Solutions,6,3,79984.95,56035.52,23949.43,3975.24
S002278,2023-10-01,M011,Digital Solutions,6,4,80161.95,56411.62,23750.33,2373.74
S002279,2023-11-01,M011,Digital Solutions,8,5,124156.4,87518.7,36637.7,6341.5
S002280,2023-12-01,M011,Digital Solutions,7,5,97520.21,69162.19,28358.02,4675.36
S002281,2024-01-01,M011,Digital Solutions,6,3,92704.49,63778.01,28926.48,2990.35
S002282,2024-02-01,M011,Digital Solutions,7,5,91181.74,66361.74,24820.0,2591.85
S002283,2024-03-01,M011,Digital Solutions,7,4,106567.22,74747.61,31819.61,3556.01
S002284,2024-04-01,M011,Digital Solutions,8,5,110876.04,77360.11,33515.93,3086.73
S002285,2024-05-01,M011,Digital Solutions,7,3,107883.59,76210.96,31672.63,8633.33
S002286,2024-06-01,M011,Digital Solutions,6,4,93167.23,66004.22,27163.01,7392.5
S002287,2024-07-01,M011,Digital Solutions,6,4,77373.48,55787.43,21586.05,3658.07
S002288,2024-08-01,M011,Digital Solutions,7,5,94930.55,68467.86,26462.69,4046.79
S002289,2024-09-01,M011,Digital Solutions,6,3,87456.16,60351.48,27104.68,2702.66
S002290,2024-10-01,M011,Digital Solutions,8,5,102513.08,74890.19,27622.89,8267.08
S002291,2024-11-01,M011,Digital Solutions,8,5,112416.54,77775.27,34641.27,3605.13
S002292,2024-12-01,M011,Digital Solutions,9,7,136771.95,99982.92,36789.03,4474.22
S002293,2025-01-01,M011,Digital Solutions,8,4,105346.46,75033.37,30313.09,4363.93
S002294,2025-02-01,M011,Digital Solutions,8,6,108225.08,75937.68,32287.4,8098.36
S002295,2025-03-01,M011,Digital Solutions,8,6,101758.24,74763.99,26994.25,8542.64
S002296,2025-04-01,M011,Digital Solutions,6,3,88168.66,62944.69,25223.97,2739.58
S002297,2025-05-01,M011,Digital Solutions,6,4,77534.6,57506.75,20027.85,2160.79
S002298,2025-06-01,M011,Digital Solutions,8,6,124771.93,89162.47,35609.46,3669.34
S002299,2025-07-01,M011,Digital Solutions,8,5,109520.06,77821.58,31698.48,9112.27
S002300,2025-08-01,M011,Digital Solutions,7,4,97156.78,69876.77,27280.01,6814.78
S002301,2025-09-01,M011,Digital Solutions,8,5,124655.12,86532.75,38122.37,4406.78
S002302,2025-10-01,M011,Digital Solutions,8,6,107115.45,73623.81,33491.64,2853.05
S002303,2025-11-01,M011,Digital Solutions,9,6,116714.69,81230.32,35484.37,3842.7
S002304,2025-12-01,M011,Digital Solutions,9,5,144079.64,104097.74,39981.9,8125.25
S002305,2023-01-01,M011,SaaS,6,4,67170.73,47538.15,19632.58,4452.35
S002306,2023-02-01,M011,SaaS,6,4,65416.06,48195.99,17220.07,3071.42
S002307,2023-03-01,M011,SaaS,5,2,56732.59,39200.93,17531.66,1270.13
S002308,2023-04-01,M011,SaaS,6,3,70605.58,50604.8,20000.78,3803.46
S002309,2023-05-01,M011,SaaS,5,3,66254.84,47506.85,18747.99,3421.88
S002310,2023-06-01,M011,SaaS,5,3,62188.19,42876.84,19311.35,2459.63
S002311,2023-07-01,M011,SaaS,6,4,70870.58,52157.32,18713.26,2683.86
S002312,2023-08-01,M011,SaaS,7,4,87126.92,62922.62,24204.3,5816.67
S002313,2023-09-01,M011,SaaS,6,4,65936.12,46440.48,19495.64,4283.24
S002314,2023-10-01,M011,SaaS,8,4,91851.0,65200.07,26650.93,2551.58
S002315,2023-11-01,M011,SaaS,7,4,93939.44,65834.81,28104.63,4746.9
S002316,2023-12-01,M011,SaaS,8,4,107207.22,76404.81,30802.41,5127.62
S002317,2024-01-01,M011,SaaS,7,5,79692.44,58398.68,21293.76,2831.47
S002318,2024-02-01,M011,SaaS,5,3,59309.05,42610.95,16698.1,1816.28
S002319,2024-03-01,M011,SaaS,8,5,105606.24,74363.62,31242.62,3815.52
S002320,2024-04-01,M011,SaaS,7,4,83463.91,57457.25,26006.66,2637.0
S002321,2024-05-01,M011,SaaS,7,4,93308.01,67878.43,25429.58,2859.29
S002322,2024-06-01,M011,SaaS,8,5,106999.08,74803.62,32195.46,9323.26
S002323,2024-07-01,M011,SaaS,8,4,108022.96,80014.82,28008.14,8918.6
S002324,2024-08-01,M011,SaaS,7,4,95301.01,65035.43,30265.58,3582.66
S002325,2024-09-01,M011,SaaS,7,4,94984.1,68311.33,26672.77,8277.8
S002326,2024-10-01,M011,SaaS,7,4,78619.62,57529.63,21089.99,5780.23
S002327,2024-11-01,M011,SaaS,8,6,92219.11,67281.1,24938.01,6015.08
S002328,2024-12-01,M011,SaaS,8,4,106423.9,73074.04,33349.86,9305.18
S002329,2025-01-01,M011,SaaS,7,5,78192.9,56828.98,21363.92,6732.71
S002330,2025-02-01,M011,SaaS,7,4,89717.0,65317.12,24399.88,1861.97
S002331,2025-03-01,M011,SaaS,7,4,77754.86,55992.27,21762.59,4119.27
S002332,2025-04-01,M011,SaaS,8,4,89396.75,64989.18,24407.57,4631.26
S002333,2025-05-01,M011,SaaS,7,5,94720.63,66577.49,28143.14,3698.57
S002334,2025-06-01,M011,SaaS,9,5,121260.15,83568.89,37691.26,6385.17
S002335,2025-07-01,M011,SaaS,8,6,102994.49,75192.91,27801.58,7528.09
S002336,2025-08-01,M011,SaaS,7,4,96549.71,69380.52,27169.19,5979.64
S002337,2025-09-01,M011,SaaS,8,6,102357.85,74987.62,27370.23,8948.85
S002338,2025-10-01,M011,SaaS,9,6,120559.52,84296.69,36262.83,8521.59
S002339,2025-11-01,M011,SaaS,8,4,98587.77,69758.61,28829.16,7743.16
S002340,2025-12-01,M011,SaaS,10,5,111033.93,81139.1,29894.83,4107.38
S002341,2023-01-01,M011,IT Services,6,4,88895.17,64827.28,24067.89,6186.84
S002342,2023-02-01,M011,IT Services,6,4,95419.74,68085.61,27334.13,8088.45
S002343,2023-03-01,M011,IT Services,6,4,100568.23,73416.42,27151.81,8727.81
S002344,2023-04-01,M011,IT Services,6,3,104736.74,73739.07,30997.67,7026.02
S002345,2023-05-01,M011,IT Services,7,4,111824.86,81303.22,30521.64,4955.11
S002346,2023-06-01,M011,IT Services,6,4,100160.28,71490.99,28669.29,8595.13
S002347,2023-07-01,M011,IT Services,6,4,105063.14,75912.75,29150.39,2289.83
S002348,2023-08-01,M011,IT Services,6,3,109102.79,75098.53,34004.26,9213.39
S002349,2023-09-01,M011,IT Services,7,5,124584.04,86911.18,37672.86,9628.58
S002350,2023-10-01,M011,IT Services,6,4,92368.83,65504.32,26864.51,2156.44
S002351,2023-11-01,M011,IT Services,7,5,108168.86,78965.26,29203.6,3748.77
S002352,2023-12-01,M011,IT Services,7,4,109812.67,77580.37,32232.3,4875.43
S002353,2024-01-01,M011,IT Services,7,5,124786.1,87652.98,37133.12,7880.02
S002354,2024-02-01,M011,IT Services,7,5,107171.99,78462.86,28709.13,2903.38
S002355,2024-03-01,M011,IT Services,8,5,125213.58,89181.06,36032.52,4136.24
S002356,2024-04-01,M011,IT Services,6,3,103377.51,72719.42,30658.09,7899.37
S002357,2024-05-01,M011,IT Services,7,5,127660.63,89587.84,38072.79,3549.43
S002358,2024-06-01,M011,IT Services,7,5,120406.39,86214.48,34191.91,8786.53
S002359,2024-07-01,M011,IT Services,7,4,120277.81,83510.95,36766.86,3167.87
S002360,2024-08-01,M011,IT Services,7,5,112129.84,78289.3,33840.54,7861.67
S002361,2024-09-01,M011,IT Services,7,4,126595.23,87175.7,39419.53,11004.32
S002362,2024-10-01,M011,IT Services,8,6,124605.19,89292.88,35312.31,3209.18
S002363,2024-11-01,M011,IT Services,9,5,131067.82,93750.09,37317.73,8745.7
S002364,2024-12-01,M011,IT Services,7,4,124130.94,92030.15,32100.79,4614.52
S002365,2025-01-01,M011,IT Services,7,4,106847.11,72992.08,33855.03,3959.5
S002366,2025-02-01,M011,IT Services,6,4,106510.34,75331.73,31178.61,6240.0
S002367,2025-03-01,M011,IT Services,8,5,142332.95,102088.84,40244.11,9096.19
S002368,2025-04-01,M011,IT Services,8,6,139097.37,100818.44,38278.93,12342.68
S002369,2025-05-01,M011,IT Services,8,4,127047.31,93558.04,33489.27,10873.29
S002370,2025-06-01,M011,IT Services,7,4,127626.55,88122.25,39504.3,10235.16
S002371,2025-07-01,M011,IT Services,9,5,148977.92,102813.52,46164.4,13209.99
S002372,2025-08-01,M011,IT Services,9,6,146726.56,102886.0,43840.56,11225.72
S002373,2025-09-01,M011,IT Services,8,5,138162.07,99628.39,38533.68,8121.87
S002374,2025-10-01,M011,IT Services,10,6,166970.37,114473.56,52496.81,10571.97
S002375,2025-11-01,M011,IT Services,9,5,163913.9,113539.96,50373.94,9703.23
S002376,2025-12-01,M011,IT Services,9,5,142113.71,104376.07,37737.64,4313.38
S002377,2023-01-01,M012,Software,5,3,93819.46,71494.28,22325.18,6655.86
S002378,2023-02-01,M012,Software,6,4,116213.88,88527.65,27686.23,10347.04
S002379,2023-03-01,M012,Software,6,3,111736.68,83319.81,28416.87,4820.02
S002380,2023-04-01,M012,Software,6,4,122749.23,87625.03,35124.2,7091.58
S002381,2023-05-01,M012,Software,6,3,97382.93,72236.29,25146.64,6802.0
S002382,2023-06-01,M012,Software,6,3,123588.55,91706.54,31882.01,7054.93
S002383,2023-07-01,M012,Software,6,4,103917.59,77033.23,26884.36,7598.19
S002384,2023-08-01,M012,Software,5,2,95611.66,70264.87,25346.79,2712.03
S002385,2023-09-01,M012,Software,5,3,93915.07,71576.6,22338.47,4425.43
S002386,2023-10-01,M012,Software,6,4,100939.76,73261.85,27677.91,2696.14
S002387,2023-11-01,M012,Software,6,4,120934.74,88908.91,32025.83,3981.13
S002388,2023-12-01,M012,Software,6,3,123812.17,92014.78,31797.39,5420.55
S002389,2024-01-01,M012,Software,7,4,114042.62,84570.54,29472.08,10120.22
S002390,2024-02-01,M012,Software,5,3,84791.55,64697.31,20094.24,4836.38
S002391,2024-03-01,M012,Software,6,3,97946.65,74391.33,23555.32,5821.51
S002392,2024-04-01,M012,Software,7,5,119337.19,88602.18,30735.01,3905.32
S002393,2024-05-01,M012,Software,6,3,120746.62,91762.22,28984.4,7483.91
S002394,2024-06-01,M012,Software,7,5,135650.58,102820.47,32830.11,4398.39
S002395,2024-07-01,M012,Software,6,4,98019.23,69351.2,28668.03,5648.97
S002396,2024-08-01,M012,Software,8,6,158659.37,114853.51,43805.86,6409.86
S002397,2024-09-01,M012,Software,6,3,111199.2,84423.97,26775.23,6097.67
S002398,2024-10-01,M012,Software,8,6,162719.97,123906.23,38813.74,13831.6
S002399,2024-11-01,M012,Software,8,5,145725.68,103783.34,41942.34,8570.47
S002400,2024-12-01,M012,Software,7,4,120942.72,91221.67,29721.05,4013.34
S002401,2025-01-01,M012,Software,7,4,142273.23,108194.16,34079.07,10921.39
S002402,2025-02-01,M012,Software,8,5,159806.24,113642.5,46163.74,9011.32
S002403,2025-03-01,M012,Software,8,5,148584.15,109908.47,38675.68,8504.18
S002404,2025-04-01,M012,Software,7,4,119729.36,86734.22,32995.14,6148.5
S002405,2025-05-01,M012,Software,7,5,126829.05,92751.14,34077.91,3268.03
S002406,2025-06-01,M012,Software,6,3,112353.83,83341.8,29012.03,4652.89
S002407,2025-07-01,M012,Software,9,6,177019.13,132257.03,44762.1,10077.44
S002408,2025-08-01,M012,Software,6,4,105492.24,78111.54,27380.7,8757.9
S002409,2025-09-01,M012,Software,8,5,156213.25,115169.39,41043.86,3640.48
S002410,2025-10-01,M012,Software,8,4,164310.74,116388.87,47921.87,12779.69
S002411,2025-11-01,M012,Software,9,6,167021.37,119570.17,47451.2,7675.91
S002412,2025-12-01,M012,Software,9,6,149795.35,114173.69,35621.66,12352.86
S002413,2023-01-01,M012,Business Services,5,3,42825.79,31846.34,10979.45,903.26
S002414,2023-02-01,M012,Business Services,6,3,57906.76,44047.28,13859.48,1177.34
S002415,2023-03-01,M012,Business Services,6,4,59822.6,45720.27,14102.33,5329.95
S002416,2023-04-01,M012,Business Services,6,3,59910.13,42409.51,17500.62,1792.32
S002417,2023-05-01,M012,Business Services,5,3,50421.88,36836.73,13585.15,3022.18
S002418,2023-06-01,M012,Business Services,6,4,51365.83,38931.23,12434.6,3675.96
S002419,2023-07-01,M012,Business Services,5,3,45178.73,32981.3,12197.43,1783.03
S002420,2023-08-01,M012,Business Services,7,5,64389.41,47725.93,16663.48,4111.75
S002421,2023-09-01,M012,Business Services,6,4,54663.23,40722.89,13940.34,1946.46
S002422,2023-10-01,M012,Business Services,7,4,70909.92,52084.2,18825.72,2328.33
S002423,2023-11-01,M012,Business Services,6,4,52062.74,38841.63,13221.11,4432.8
S002424,2023-12-01,M012,Business Services,6,4,52443.52,38777.08,13666.44,1447.15
S002425,2024-01-01,M012,Business Services,5,3,50445.3,38450.04,11995.26,2967.82
S002426,2024-02-01,M012,Business Services,6,3,62040.04,45496.28,16543.76,1715.66
S002427,2024-03-01,M012,Business Services,6,4,51090.46,38366.51,12723.95,3905.8
S002428,2024-04-01,M012,Business Services,6,4,54514.47,38910.55,15603.92,3368.45
S002429,2024-05-01,M012,Business Services,6,4,58951.67,42241.12,16710.55,2047.4
S002430,2024-06-01,M012,Business Services,6,4,61405.96,44561.13,16844.83,5313.4
S002431,2024-07-01,M012,Business Services,8,5,68411.69,50887.91,17523.78,3242.16
S002432,2024-08-01,M012,Business Services,6,3,49459.27,35424.6,14034.67,1662.02
S002433,2024-09-01,M012,Business Services,7,4,70423.56,49955.87,20467.69,2620.06
S002434,2024-10-01,M012,Business Services,7,4,58957.97,44987.91,13970.06,1413.22
S002435,2024-11-01,M012,Business Services,8,5,74416.93,55240.82,19176.11,2373.46
S002436,2024-12-01,M012,Business Services,9,5,75805.6,53930.19,21875.41,2756.01
S002437,2025-01-01,M012,Business Services,7,4,69515.87,52228.78,17287.09,1972.51
S002438,2025-02-01,M012,Business Services,6,4,56209.12,39887.98,16321.14,3677.22
S002439,2025-03-01,M012,Business Services,9,7,85957.0,62073.68,23883.32,5425.9
S002440,2025-04-01,M012,Business Services,7,5,67455.38,50048.96,17406.42,2978.85
S002441,2025-05-01,M012,Business Services,8,5,81349.68,58115.26,23234.42,4681.82
S002442,2025-06-01,M012,Business Services,7,4,66734.22,47759.09,18975.13,5853.65
S002443,2025-07-01,M012,Business Services,9,6,80353.58,56766.29,23587.29,6137.53
S002444,2025-08-01,M012,Business Services,7,4,67893.3,50084.2,17809.1,2436.62
S002445,2025-09-01,M012,Business Services,7,5,62258.83,47423.35,14835.48,3080.56
S002446,2025-10-01,M012,Business Services,8,5,72790.07,53028.04,19762.03,3308.25
S002447,2025-11-01,M012,Business Services,8,5,77819.54,55839.79,21979.75,2738.25
S002448,2025-12-01,M012,Business Services,8,4,80524.91,59971.7,20553.21,5098.95
S002449,2023-01-01,M012,Consulting,7,5,175359.1,130439.11,44919.99,6128.09
S002450,2023-02-01,M012,Consulting,6,3,159458.9,115323.74,44135.16,12485.98
S002451,2023-03-01,M012,Consulting,8,5,182544.29,131108.91,51435.38,10700.48
S002452,2023-04-01,M012,Consulting,6,3,154406.28,110557.82,43848.46,7876.05
S002453,2023-05-01,M012,Consulting,7,4,186680.97,134708.84,51972.13,13481.73
S002454,2023-06-01,M012,Consulting,7,4,175082.1,131681.27,43400.83,5925.95
S002455,2023-07-01,M012,Consulting,7,4,195476.32,139381.13,56095.19,16652.17
S002456,2023-08-01,M012,Consulting,7,5,184289.21,138091.42,46197.79,14985.32
S002457,2023-09-01,M012,Consulting,7,5,161251.57,113798.48,47453.09,12957.76
S002458,2023-10-01,M012,Consulting,7,5,171206.61,129998.59,41208.02,5857.06
S002459,2023-11-01,M012,Consulting,7,4,194279.68,141236.74,53042.94,16250.95
S002460,2023-12-01,M012,Consulting,8,6,203754.37,152289.32,51465.05,8207.61
S002461,2024-01-01,M012,Consulting,6,4,168780.64,120563.56,48217.08,8280.89
S002462,2024-02-01,M012,Consulting,7,4,164424.77,121401.27,43023.5,8693.09
S002463,2024-03-01,M012,Consulting,9,6,253330.4,193485.52,59844.88,16839.08
S002464,2024-04-01,M012,Consulting,7,4,190560.72,135933.81,54626.91,8892.79
S002465,2024-05-01,M012,Consulting,7,4,158372.99,118223.42,40149.57,12235.36
S002466,2024-06-01,M012,Consulting,9,6,212728.14,161426.47,51301.67,18703.22
S002467,2024-07-01,M012,Consulting,9,6,252315.22,192887.14,59428.08,20703.56
S002468,2024-08-01,M012,Consulting,7,4,170629.57,124357.72,46271.85,5198.06
S002469,2024-09-01,M012,Consulting,9,6,240125.84,183190.68,56935.16,10193.08
S002470,2024-10-01,M012,Consulting,9,7,207172.84,153591.47,53581.37,15735.24
S002471,2024-11-01,M012,Consulting,7,5,175776.07,125740.29,50035.78,13989.61
S002472,2024-12-01,M012,Consulting,8,4,206021.58,156608.44,49413.14,11181.33
S002473,2025-01-01,M012,Consulting,9,5,215932.72,156248.52,59684.2,11104.38
S002474,2025-02-01,M012,Consulting,8,4,217499.88,163295.84,54204.04,11324.38
S002475,2025-03-01,M012,Consulting,8,5,186532.49,142491.22,44041.27,11880.6
S002476,2025-04-01,M012,Consulting,9,4,223912.75,170055.48,53857.27,10434.6
S002477,2025-05-01,M012,Consulting,7,5,187987.45,136354.46,51632.99,14328.45
S002478,2025-06-01,M012,Consulting,10,7,250449.69,181758.28,68691.41,21539.53
S002479,2025-07-01,M012,Consulting,9,6,229996.71,165873.71,64123.0,19304.78
S002480,2025-08-01,M012,Consulting,10,5,266638.91,193131.05,73507.86,14829.23
S002481,2025-09-01,M012,Consulting,8,6,220311.33,156778.6,63532.73,5553.83
S002482,2025-10-01,M012,Consulting,9,5,247581.96,186164.95,61417.01,19920.03
S002483,2025-11-01,M012,Consulting,8,4,220349.31,166894.68,53454.63,13930.98
S002484,2025-12-01,M012,Consulting,9,6,251513.4,184320.53,67192.87,20407.32
S002485,2023-01-01,M012,Digital Solutions,5,2,75322.58,54019.19,21303.39,5440.13
S002486,2023-02-01,M012,Digital Solutions,5,2,79649.36,56187.09,23462.27,6006.48
S002487,2023-03-01,M012,Digital Solutions,6,3,77267.65,55974.56,21293.09,4408.38
S002488,2023-04-01,M012,Digital Solutions,6,3,96346.52,71443.59,24902.93,3181.8
S002489,2023-05-01,M012,Digital Solutions,5,3,78137.64,55389.9,22747.74,2574.24
S002490,2023-06-01,M012,Digital Solutions,5,2,66460.11,47441.46,19018.65,3850.69
S002491,2023-07-01,M012,Digital Solutions,7,5,105420.27,74821.7,30598.57,3488.71
S002492,2023-08-01,M012,Digital Solutions,6,4,79010.9,58730.21,20280.69,4856.13
S002493,2023-09-01,M012,Digital Solutions,6,4,81593.46,59627.8,21965.66,6340.86
S002494,2023-10-01,M012,Digital Solutions,7,4,104243.63,79567.95,24675.68,3921.31
S002495,2023-11-01,M012,Digital Solutions,7,3,89738.18,65136.76,24601.42,6398.69
S002496,2023-12-01,M012,Digital Solutions,7,5,90158.81,67715.22,22443.59,6322.63
S002497,2024-01-01,M012,Digital Solutions,5,3,64544.05,47794.11,16749.94,5430.95
S002498,2024-02-01,M012,Digital Solutions,6,4,89842.11,63711.78,26130.33,3447.3
S002499,2024-03-01,M012,Digital Solutions,8,5,121581.39,89244.01,32337.38,6684.38
S002500,2024-04-01,M012,Digital Solutions,7,4,112677.89,80746.9,31930.99,6885.3
S002501,2024-05-01,M012,Digital Solutions,6,3,85363.84,62563.02,22800.82,7225.3
S002502,2024-06-01,M012,Digital Solutions,7,5,99558.78,75579.59,23979.19,5142.44
S002503,2024-07-01,M012,Digital Solutions,6,4,84411.54,59651.0,24760.54,2512.11
S002504,2024-08-01,M012,Digital Solutions,6,4,88876.05,64805.31,24070.74,1864.31
S002505,2024-09-01,M012,Digital Solutions,7,5,92433.11,68472.25,23960.86,3038.62
S002506,2024-10-01,M012,Digital Solutions,6,3,78747.9,57126.79,21621.11,1694.47
S002507,2024-11-01,M012,Digital Solutions,7,4,111602.3,82380.32,29221.98,4011.18
S002508,2024-12-01,M012,Digital Solutions,8,5,112919.97,86049.52,26870.45,3521.69
S002509,2025-01-01,M012,Digital Solutions,8,4,127720.3,90581.07,37139.23,5444.69
S002510,2025-02-01,M012,Digital Solutions,7,4,93961.23,71579.69,22381.54,7164.88
S002511,2025-03-01,M012,Digital Solutions,8,4,109424.21,78207.25,31216.96,7017.61
S002512,2025-04-01,M012,Digital Solutions,8,5,104211.73,74299.39,29912.34,4140.62
S002513,2025-05-01,M012,Digital Solutions,8,6,124994.73,90917.92,34076.81,10990.81
S002514,2025-06-01,M012,Digital Solutions,6,3,84357.01,60548.71,23808.3,3613.35
S002515,2025-07-01,M012,Digital Solutions,7,5,95857.16,72865.27,22991.89,8442.81
S002516,2025-08-01,M012,Digital Solutions,8,5,116962.15,84805.0,32157.15,3930.68
S002517,2025-09-01,M012,Digital Solutions,7,4,103700.7,79172.18,24528.52,3735.8
S002518,2025-10-01,M012,Digital Solutions,9,5,139219.2,102258.63,36960.57,7362.28
S002519,2025-11-01,M012,Digital Solutions,7,4,90541.78,67925.49,22616.29,5763.21
S002520,2025-12-01,M012,Digital Solutions,7,4,102963.69,78113.88,24849.81,8965.98
S002521,2023-01-01,M012,SaaS,5,3,65869.22,47542.6,18326.62,1977.12
S002522,2023-02-01,M012,SaaS,6,3,69238.54,51456.99,17781.55,2970.68
S002523,2023-03-01,M012,SaaS,7,4,78668.52,56764.49,21904.03,3335.74
S002524,2023-04-01,M012,SaaS,7,4,86862.51,65550.64,21311.87,5664.21
S002525,2023-05-01,M012,SaaS,7,4,78127.61,58533.61,19594.0,5584.92
S002526,2023-06-01,M012,SaaS,5,3,58236.84,43831.52,14405.32,2889.09
S002527,2023-07-01,M012,SaaS,6,3,69497.78,49610.54,19887.24,1512.96
S002528,2023-08-01,M012,SaaS,6,4,66216.77,48543.27,17673.5,5541.45
S002529,2023-09-01,M012,SaaS,5,3,62328.97,46175.21,16153.76,4555.77
S002530,2023-10-01,M012,SaaS,6,3,69767.09,52156.33,17610.76,3609.28
S002531,2023-11-01,M012,SaaS,6,3,82009.9,58443.12,23566.78,6621.61
S002532,2023-12-01,M012,SaaS,7,4,82220.64,61536.4,20684.24,4810.64
S002533,2024-01-01,M012,SaaS,6,4,71919.68,52127.14,19792.54,5647.5
S002534,2024-02-01,M012,SaaS,5,3,62484.25,46195.34,16288.91,5112.97
S002535,2024-03-01,M012,SaaS,6,4,67173.6,47628.28,19545.32,1662.72
S002536,2024-04-01,M012,SaaS,6,4,81722.21,58782.85,22939.36,5951.52
S002537,2024-05-01,M012,SaaS,7,4,84265.48,63220.26,21045.22,4590.1
S002538,2024-06-01,M012,SaaS,7,4,89078.19,64934.38,24143.81,2747.96
S002539,2024-07-01,M012,SaaS,7,5,85018.46,60542.92,24475.54,7124.52
S002540,2024-08-01,M012,SaaS,6,3,76405.65,56437.88,19967.77,1808.81
S002541,2024-09-01,M012,SaaS,7,4,76490.29,54946.04,21544.25,2775.57
S002542,2024-10-01,M012,SaaS,7,5,86112.26,62394.96,23717.3,6279.08
S002543,2024-11-01,M012,SaaS,8,4,104772.88,76980.16,27792.72,7006.68
S002544,2024-12-01,M012,SaaS,8,5,87363.12,64699.39,22663.73,3024.39
S002545,2025-01-01,M012,SaaS,7,3,90338.31,66858.93,23479.38,4134.63
S002546,2025-02-01,M012,SaaS,8,4,91506.68,67474.63,24032.05,7692.42
S002547,2025-03-01,M012,SaaS,8,4,99750.31,73401.54,26348.77,3111.26
S002548,2025-04-01,M012,SaaS,7,4,82624.2,59887.96,22736.24,3158.22
S002549,2025-05-01,M012,SaaS,6,3,65318.71,48427.43,16891.28,4284.82
S002550,2025-06-01,M012,SaaS,7,4,79481.47,56249.0,23232.47,6066.38
S002551,2025-07-01,M012,SaaS,8,6,91203.42,67436.94,23766.48,6594.84
S002552,2025-08-01,M012,SaaS,8,5,107679.65,81219.7,26459.95,4874.19
S002553,2025-09-01,M012,SaaS,7,4,87503.78,66350.86,21152.92,3295.68
S002554,2025-10-01,M012,SaaS,8,5,91594.17,65586.48,26007.69,3972.92
S002555,2025-11-01,M012,SaaS,8,5,103679.26,75963.0,27716.26,4909.5
S002556,2025-12-01,M012,SaaS,9,7,110164.74,81632.56,28532.18,8333.99
S002557,2023-01-01,M012,IT Services,6,3,88974.28,62746.11,26228.17,1973.81
S002558,2023-02-01,M012,IT Services,5,2,77484.63,54642.21,22842.42,3963.67
S002559,2023-03-01,M012,IT Services,7,5,103522.51,75290.16,28232.35,6750.09
S002560,2023-04-01,M012,IT Services,7,5,111238.99,80314.41,30924.58,7314.39
S002561,2023-05-01,M012,IT Services,5,2,74401.53,53101.14,21300.39,3867.76
S002562,2023-06-01,M012,IT Services,7,5,126407.85,90055.42,36352.43,8162.12
S002563,2023-07-01,M012,IT Services,7,5,125448.14,95481.41,29966.73,4042.03
S002564,2023-08-01,M012,IT Services,5,3,81104.89,61508.85,19596.04,5567.39
S002565,2023-09-01,M012,IT Services,6,3,99917.54,70841.24,29076.3,6836.97
S002566,2023-10-01,M012,IT Services,6,3,95458.2,67529.96,27928.24,4799.08
S002567,2023-11-01,M012,IT Services,7,4,101171.53,76793.69,24377.84,6673.55
S002568,2023-12-01,M012,IT Services,8,6,137916.86,103207.63,34709.23,4715.23
S002569,2024-01-01,M012,IT Services,6,4,109516.55,78466.88,31049.67,7477.49
S002570,2024-02-01,M012,IT Services,7,5,102035.45,75403.45,26632.0,8161.8
S002571,2024-03-01,M012,IT Services,7,5,122974.99,92001.79,30973.2,8851.35
S002572,2024-04-01,M012,IT Services,6,3,95215.13,71834.37,23380.76,5534.03
S002573,2024-05-01,M012,IT Services,6,4,103828.77,76588.88,27239.89,4407.51
S002574,2024-06-01,M012,IT Services,7,4,117045.93,85154.03,31891.9,10399.05
S002575,2024-07-01,M012,IT Services,7,4,119634.42,90750.57,28883.85,8051.37
S002576,2024-08-01,M012,IT Services,6,4,88474.69,63736.46,24738.23,2621.94
S002577,2024-09-01,M012,IT Services,8,5,129624.6,95604.97,34019.63,8765.69
S002578,2024-10-01,M012,IT Services,8,5,144585.56,110486.91,34098.65,4359.77
S002579,2024-11-01,M012,IT Services,7,4,121654.23,92002.94,29651.29,7318.53
S002580,2024-12-01,M012,IT Services,9,6,159288.68,116118.42,43170.26,12367.34
S002581,2025-01-01,M012,IT Services,8,6,132607.9,97649.03,34958.87,7993.94
S002582,2025-02-01,M012,IT Services,7,4,127184.12,95335.01,31849.11,8633.35
S002583,2025-03-01,M012,IT Services,8,5,125615.59,94888.53,30727.06,5794.97
S002584,2025-04-01,M012,IT Services,8,5,141419.55,101587.93,39831.62,6304.4
S002585,2025-05-01,M012,IT Services,7,5,103779.95,77173.69,26606.26,5371.21
S002586,2025-06-01,M012,IT Services,8,6,121226.6,85493.33,35733.27,9158.86
S002587,2025-07-01,M012,IT Services,7,4,104841.96,74388.77,30453.19,9069.64
S002588,2025-08-01,M012,IT Services,7,4,123906.49,91408.05,32498.44,3315.87
S002589,2025-09-01,M012,IT Services,8,4,116195.12,82784.9,33410.22,3834.44
S002590,2025-10-01,M012,IT Services,9,5,138723.62,105743.57,32980.05,6871.57
S002591,2025-11-01,M012,IT Services,8,5,137530.19,99463.61,38066.58,6483.49
S002592,2025-12-01,M012,IT Services,8,5,134070.11,98394.91,35675.2,8451.27
S002593,2023-01-01,M013,Software,55,30,970108.88,625586.76,344522.12,66980.4
S002594,2023-02-01,M013,Software,62,40,1154785.83,749317.9,405467.93,78757.99
S002595,2023-03-01,M013,Software,63,40,1295981.23,871441.76,424539.47,28398.8
S002596,2023-04-01,M013,Software,49,32,993545.53,667158.18,326387.35,57686.69
S002597,2023-05-01,M013,Software,50,36,971011.91,678095.15,292916.76,50325.64
S002598,2023-06-01,M013,Software,62,37,1278936.07,824991.18,453944.89,53314.94
S002599,2023-07-01,M013,Software,63,48,1081993.44,722378.23,359615.21,22419.53
S002600,2023-08-01,M013,Software,52,39,1025115.37,716691.26,308424.11,52393.75
S002601,2023-09-01,M013,Software,59,39,1140888.29,760163.24,380725.05,96688.72
S002602,2023-10-01,M013,Software,67,37,1261976.81,864319.08,397657.73,68622.42
S002603,2023-11-01,M013,Software,73,45,1236062.12,816316.68,419745.44,53396.76
S002604,2023-12-01,M013,Software,58,34,1158154.73,758530.41,399624.32,62583.58
S002605,2024-01-01,M013,Software,52,38,1031191.82,719075.42,312116.4,76382.84
S002606,2024-02-01,M013,Software,53,31,939706.79,642742.52,296964.27,74413.21
S002607,2024-03-01,M013,Software,61,40,1180564.12,823678.77,356885.35,32002.31
S002608,2024-04-01,M013,Software,55,40,1125301.43,761566.02,363735.41,57015.43
S002609,2024-05-01,M013,Software,60,43,977545.15,659364.48,318180.67,67027.19
S002610,2024-06-01,M013,Software,66,38,1209876.43,798196.78,411679.65,71394.46
S002611,2024-07-01,M013,Software,62,35,1077714.39,754313.56,323400.83,48534.85
S002612,2024-08-01,M013,Software,62,48,1257345.93,874524.3,382821.63,35797.6
S002613,2024-09-01,M013,Software,58,40,1113071.29,745497.45,367573.84,99905.31
S002614,2024-10-01,M013,Software,68,41,1122046.58,774660.84,347385.74,37011.51
S002615,2024-11-01,M013,Software,69,47,1189913.09,775636.8,414276.29,34894.25
S002616,2024-12-01,M013,Software,76,42,1251717.94,864042.4,387675.54,34913.77
S002617,2025-01-01,M013,Software,70,48,1136790.11,791004.79,345785.32,33642.54
S002618,2025-02-01,M013,Software,76,58,1505219.05,984894.96,520324.09,80127.58
S002619,2025-03-01,M013,Software,73,41,1310011.2,892122.6,417888.6,75847.29
S002620,2025-04-01,M013,Software,74,43,1241076.21,835979.1,405097.11,99637.3
S002621,2025-05-01,M013,Software,60,40,1238587.66,838486.0,400101.66,46192.81
S002622,2025-06-01,M013,Software,75,56,1337081.35,877821.35,459260.0,51307.54
S002623,2025-07-01,M013,Software,60,39,1207080.56,832689.94,374390.62,26479.2
S002624,2025-08-01,M013,Software,74,57,1328928.48,902855.66,426072.82,107225.23
S002625,2025-09-01,M013,Software,76,44,1441494.36,995248.15,446246.21,118508.26
S002626,2025-10-01,M013,Software,81,59,1369530.43,929827.25,439703.18,54964.65
S002627,2025-11-01,M013,Software,84,55,1372485.5,887970.72,484514.78,35600.88
S002628,2025-12-01,M013,Software,88,51,1679594.45,1117217.97,562376.48,79828.96
S002629,2023-01-01,M013,Business Services,82,63,720195.18,486216.34,233978.84,30893.6
S002630,2023-02-01,M013,Business Services,72,56,666053.27,443701.8,222351.47,53937.75
S002631,2023-03-01,M013,Business Services,88,63,895643.89,608421.9,287221.99,59354.87
S002632,2023-04-01,M013,Business Services,79,52,656073.06,441130.75,214942.31,28846.68
S002633,2023-05-01,M013,Business Services,78,55,675954.56,445516.71,230437.85,26353.84
S002634,2023-06-01,M013,Business Services,73,49,642718.73,448199.04,194519.69,53670.38
S002635,2023-07-01,M013,Business Services,81,51,711931.86,493044.22,218887.64,40036.93
S002636,2023-08-01,M013,Business Services,78,48,706185.34,482004.45,224180.89,52103.76
S002637,2023-09-01,M013,Business Services,90,52,884906.58,584658.59,300247.99,60259.69
S002638,2023-10-01,M013,Business Services,84,57,741095.93,512009.72,229086.21,45001.15
S002639,2023-11-01,M013,Business Services,79,57,795634.89,542078.56,253556.33,27370.93
S002640,2023-12-01,M013,Business Services,96,72,817144.81,557169.08,259975.73,44768.83
S002641,2024-01-01,M013,Business Services,76,51,661896.62,448164.48,213732.14,38137.56
S002642,2024-02-01,M013,Business Services,74,51,641447.19,449648.59,191798.6,49338.85
S002643,2024-03-01,M013,Business Services,104,57,886609.17,619781.76,266827.41,75314.26
S002644,2024-04-01,M013,Business Services,83,66,781284.24,515355.01,265929.23,46659.67
S002645,2024-05-01,M013,Business Services,78,43,706862.63,496148.15,210714.48,43591.53
S002646,2024-06-01,M013,Business Services,85,54,711343.81,465123.73,246220.08,32219.21
S002647,2024-07-01,M013,Business Services,94,52,940577.45,620443.79,320133.66,54924.41
S002648,2024-08-01,M013,Business Services,81,60,824817.54,564343.01,260474.53,28326.29
S002649,2024-09-01,M013,Business Services,98,67,795973.27,527934.33,268038.94,50707.64
S002650,2024-10-01,M013,Business Services,89,58,767055.29,521673.32,245381.97,45979.75
S002651,2024-11-01,M013,Business Services,90,61,899255.52,586406.48,312849.04,52840.0
S002652,2024-12-01,M013,Business Services,92,55,911982.03,631554.09,280427.94,31207.92
S002653,2025-01-01,M013,Business Services,94,74,780684.09,536663.61,244020.48,69096.07
S002654,2025-02-01,M013,Business Services,85,57,706799.5,490323.02,216476.48,25068.87
S002655,2025-03-01,M013,Business Services,98,57,832066.26,546018.93,286047.33,22896.04
S002656,2025-04-01,M013,Business Services,85,53,799355.69,542748.91,256606.78,37625.06
S002657,2025-05-01,M013,Business Services,85,48,704181.95,482889.6,221292.35,35897.03
S002658,2025-06-01,M013,Business Services,101,65,957870.78,637759.71,320111.07,55449.73
S002659,2025-07-01,M013,Business Services,88,67,810120.93,559287.45,250833.48,45913.99
S002660,2025-08-01,M013,Business Services,90,60,853666.66,591841.24,261825.42,53318.97
S002661,2025-09-01,M013,Business Services,93,67,879049.53,602092.43,276957.1,40819.98
S002662,2025-10-01,M013,Business Services,114,68,1003995.32,669972.24,334023.08,37563.08
S002663,2025-11-01,M013,Business Services,99,60,935647.04,627990.18,307656.86,20302.9
S002664,2025-12-01,M013,Business Services,120,73,1160346.85,777588.74,382758.11,88194.53
S002665,2023-01-01,M013,Consulting,68,43,1738656.93,1193502.28,545154.65,145426.76
S002666,2023-02-01,M013,Consulting,63,38,1507494.25,1002477.17,505017.08,135368.36
S002667,2023-03-01,M013,Consulting,78,46,2171152.89,1480076.09,691076.8,134475.49
S002668,2023-04-01,M013,Consulting,80,60,2289580.75,1522283.42,767297.33,167711.14
S002669,2023-05-01,M013,Consulting,65,50,1500028.07,1027097.37,472930.7,35257.49
S002670,2023-06-01,M013,Consulting,65,50,1646572.21,1087707.77,558864.44,131882.23
S002671,2023-07-01,M013,Consulting,70,54,1675226.29,1108490.37,566735.92,94542.33
S002672,2023-08-01,M013,Consulting,69,39,1574988.19,1074578.71,500409.48,117964.11
S002673,2023-09-01,M013,Consulting,86,67,2029569.86,1371738.19,657831.67,174423.52
S002674,2023-10-01,M013,Consulting,93,56,2561992.32,1677395.55,884596.77,179024.43
S002675,2023-11-01,M013,Consulting,72,41,1987780.39,1299459.42,688320.97,57028.64
S002676,2023-12-01,M013,Consulting,83,61,2242664.41,1462583.01,780081.4,191188.28
S002677,2024-01-01,M013,Consulting,72,39,2004933.3,1381360.91,623572.39,112130.33
S002678,2024-02-01,M013,Consulting,68,45,1554161.28,1011909.66,542251.62,36342.68
S002679,2024-03-01,M013,Consulting,77,44,2147187.49,1488122.88,659064.61,129197.38
S002680,2024-04-01,M013,Consulting,75,45,1769599.22,1149518.51,620080.71,66138.83
S002681,2024-05-01,M013,Consulting,84,62,1925213.87,1281509.96,643703.91,38581.55
S002682,2024-06-01,M013,Consulting,80,59,2138762.71,1425915.27,712847.44,123840.41
S002683,2024-07-01,M013,Consulting,80,54,2281052.45,1595817.73,685234.72,102135.23
S002684,2024-08-01,M013,Consulting,85,62,2310588.63,1589911.13,720677.5,130878.51
S002685,2024-09-01,M013,Consulting,81,54,2075486.64,1434763.83,640722.81,71567.99
S002686,2024-10-01,M013,Consulting,93,59,2265969.52,1539190.94,726778.58,110735.46
S002687,2024-11-01,M013,Consulting,88,56,2152999.85,1410047.34,742952.51,45477.62
S002688,2024-12-01,M013,Consulting,90,63,2107783.22,1464723.5,643059.72,158793.43
S002689,2025-01-01,M013,Consulting,92,65,2243633.98,1475569.65,768064.33,47444.92
S002690,2025-02-01,M013,Consulting,79,52,2017845.57,1353935.92,663909.65,106066.7
S002691,2025-03-01,M013,Consulting,105,69,2635368.77,1702661.1,932707.67,227539.8
S002692,2025-04-01,M013,Consulting,98,76,2385943.58,1541766.11,844177.47,125396.27
S002693,2025-05-01,M013,Consulting,85,60,2142734.36,1454689.9,688044.46,96067.8
S002694,2025-06-01,M013,Consulting,89,59,2522024.81,1753104.19,768920.62,135084.93
S002695,2025-07-01,M013,Consulting,86,51,2430567.09,1587055.12,843511.97,217406.86
S002696,2025-08-01,M013,Consulting,81,58,1958989.36,1262531.44,696457.92,69169.1
S002697,2025-09-01,M013,Consulting,92,51,2301961.93,1590450.06,711511.87,120209.3
S002698,2025-10-01,M013,Consulting,103,63,2350277.4,1584133.62,766143.78,67290.43
S002699,2025-11-01,M013,Consulting,98,65,2672729.28,1724363.03,948366.25,199256.11
S002700,2025-12-01,M013,Consulting,108,74,2475420.2,1735486.82,739933.38,211169.01
S002701,2023-01-01,M013,Digital Solutions,74,48,1119538.77,737805.55,381733.22,33535.55
S002702,2023-02-01,M013,Digital Solutions,80,45,1115489.07,743656.37,371832.7,25580.86
S002703,2023-03-01,M013,Digital Solutions,73,57,969493.08,656499.7,312993.38,47729.34
S002704,2023-04-01,M013,Digital Solutions,79,46,1146660.98,754857.1,391803.88,96462.84
S002705,2023-05-01,M013,Digital Solutions,62,35,967568.42,637560.31,330008.11,52042.14
S002706,2023-06-01,M013,Digital Solutions,64,42,1026188.19,716781.48,309406.71,55972.16
S002707,2023-07-01,M013,Digital Solutions,64,42,1007866.79,685357.38,322509.41,89258.77
S002708,2023-08-01,M013,Digital Solutions,82,64,1107269.93,749083.74,358186.19,91064.01
S002709,2023-09-01,M013,Digital Solutions,82,51,1224038.21,825739.3,398298.91,81695.53
S002710,2023-10-01,M013,Digital Solutions,90,62,1349019.45,932673.38,416346.07,100475.95
S002711,2023-11-01,M013,Digital Solutions,76,57,1073010.32,707469.3,365541.02,92059.78
S002712,2023-12-01,M013,Digital Solutions,78,61,1253428.42,809811.52,443616.9,76983.69
S002713,2024-01-01,M013,Digital Solutions,84,51,1300676.28,879648.47,421027.81,102901.93
S002714,2024-02-01,M013,Digital Solutions,71,56,1009990.37,658711.17,351279.2,27170.57
S002715,2024-03-01,M013,Digital Solutions,86,55,1307099.59,873348.38,433751.21,56446.99
S002716,2024-04-01,M013,Digital Solutions,69,40,985603.44,688645.65,296957.79,24287.68
S002717,2024-05-01,M013,Digital Solutions,75,57,1059351.15,732968.93,326382.22,32610.24
S002718,2024-06-01,M013,Digital Solutions,80,44,1270526.33,825961.02,444565.31,46371.37
S002719,2024-07-01,M013,Digital Solutions,90,60,1435856.39,973949.13,461907.26,69455.59
S002720,2024-08-01,M013,Digital Solutions,90,55,1326330.41,865952.72,460377.69,41306.49
S002721,2024-09-01,M013,Digital Solutions,78,50,1005425.8,651441.21,353984.59,76144.52
S002722,2024-10-01,M013,Digital Solutions,76,52,1088644.49,706028.3,382616.19,95696.44
S002723,2024-11-01,M013,Digital Solutions,98,69,1575000.18,1012922.36,562077.82,51077.44
S002724,2024-12-01,M013,Digital Solutions,81,64,1124578.44,769368.76,355209.68,87574.32
S002725,2025-01-01,M013,Digital Solutions,81,56,1032061.86,718906.2,313155.66,44492.11
S002726,2025-02-01,M013,Digital Solutions,73,50,1172281.18,796989.19,375291.99,90851.89
S002727,2025-03-01,M013,Digital Solutions,84,49,1173314.06,824380.86,348933.2,32298.63
S002728,2025-04-01,M013,Digital Solutions,89,62,1285276.25,890578.37,394697.88,51296.84
S002729,2025-05-01,M013,Digital Solutions,76,53,1026755.27,699844.44,326910.83,70842.0
S002730,2025-06-01,M013,Digital Solutions,77,54,1155894.13,745461.58,410432.55,92068.07
S002731,2025-07-01,M013,Digital Solutions,93,67,1435543.14,953954.47,481588.67,79846.79
S002732,2025-08-01,M013,Digital Solutions,84,61,1176321.64,813329.9,362991.74,42887.22
S002733,2025-09-01,M013,Digital Solutions,103,64,1415542.78,930635.69,484907.09,43047.31
S002734,2025-10-01,M013,Digital Solutions,88,50,1289806.39,838455.53,451350.86,35517.68
S002735,2025-11-01,M013,Digital Solutions,97,56,1247133.61,859551.92,387581.69,84980.69
S002736,2025-12-01,M013,Digital Solutions,102,74,1440614.54,936913.91,503700.63,93786.56
S002737,2023-01-01,M013,SaaS,99,68,1347618.55,883480.28,464138.27,71593.56
S002738,2023-02-01,M013,SaaS,84,49,955455.13,618144.42,337310.71,21207.82
S002739,2023-03-01,M013,SaaS,118,72,1340443.12,901926.56,438516.56,88580.59
S002740,2023-04-01,M013,SaaS,97,70,1141761.66,743257.38,398504.28,48962.82
S002741,2023-05-01,M013,SaaS,115,75,1350601.99,942625.1,407976.89,80576.66
S002742,2023-06-01,M013,SaaS,107,59,1407009.34,985268.67,421740.67,69092.7
S002743,2023-07-01,M013,SaaS,102,81,1146939.34,798330.74,348608.6,42209.24
S002744,2023-08-01,M013,SaaS,106,83,1433323.59,983614.1,449709.49,70592.5
S002745,2023-09-01,M013,SaaS,112,79,1448618.71,1001013.66,447605.05,66798.23
S002746,2023-10-01,M013,SaaS,96,64,1274205.32,857622.51,416582.81,44309.63
S002747,2023-11-01,M013,SaaS,108,77,1405040.73,946012.33,459028.4,80313.3
S002748,2023-12-01,M013,SaaS,128,102,1617586.09,1099527.41,518058.68,81600.16
S002749,2024-01-01,M013,SaaS,121,90,1471947.76,1009971.7,461976.06,85812.53
S002750,2024-02-01,M013,SaaS,109,80,1191755.97,790082.16,401673.81,57816.3
S002751,2024-03-01,M013,SaaS,122,91,1491273.43,1037470.07,453803.36,126808.03
S002752,2024-04-01,M013,SaaS,123,86,1413618.79,935689.51,477929.28,86743.26
S002753,2024-05-01,M013,SaaS,108,67,1377665.72,889038.86,488626.86,49682.9
S002754,2024-06-01,M013,SaaS,124,76,1437916.12,970369.88,467546.24,32839.26
S002755,2024-07-01,M013,SaaS,127,84,1522849.45,1018482.7,504366.75,132647.22
S002756,2024-08-01,M013,SaaS,123,76,1628922.71,1100814.17,528108.54,80098.78
S002757,2024-09-01,M013,SaaS,114,89,1502963.36,1024121.01,478842.35,62274.22
S002758,2024-10-01,M013,SaaS,127,71,1748358.86,1146582.26,601776.6,115899.06
S002759,2024-11-01,M013,SaaS,117,67,1346026.53,945390.65,400635.88,79755.88
S002760,2024-12-01,M013,SaaS,119,81,1356691.78,928119.69,428572.09,34700.62
S002761,2025-01-01,M013,SaaS,122,95,1325172.87,862412.76,462760.11,96020.33
S002762,2025-02-01,M013,SaaS,109,77,1396882.15,933025.83,463856.32,116523.46
S002763,2025-03-01,M013,SaaS,117,69,1297859.11,907079.56,390779.55,54074.61
S002764,2025-04-01,M013,SaaS,121,83,1331698.09,934810.53,396887.56,108034.65
S002765,2025-05-01,M013,SaaS,133,73,1531981.02,1056637.78,475343.24,115832.87
S002766,2025-06-01,M013,SaaS,138,109,1537335.49,1030133.92,507201.57,43815.19
S002767,2025-07-01,M013,SaaS,132,98,1609857.7,1046932.08,562925.62,107473.92
S002768,2025-08-01,M013,SaaS,115,65,1514205.01,1005726.5,508478.51,71397.26
S002769,2025-09-01,M013,SaaS,113,88,1466281.87,1022959.17,443322.7,92997.37
S002770,2025-10-01,M013,SaaS,154,114,2121560.82,1384822.36,736738.46,93236.41
S002771,2025-11-01,M013,SaaS,137,98,1559404.05,1095429.59,463974.46,113855.22
S002772,2025-12-01,M013,SaaS,131,83,1567786.34,1079272.55,488513.79,42721.95
S002773,2023-01-01,M013,IT Services,85,51,1288648.85,877891.2,410757.65,95543.57
S002774,2023-02-01,M013,IT Services,84,47,1543255.47,1013309.37,529946.1,101842.21
S002775,2023-03-01,M013,IT Services,96,64,1678402.18,1118212.85,560189.33,109057.4
S002776,2023-04-01,M013,IT Services,72,40,1167237.91,750794.63,416443.28,52385.06
S002777,2023-05-01,M013,IT Services,92,72,1563527.79,1044330.28,519197.51,122934.46
S002778,2023-06-01,M013,IT Services,92,70,1356162.9,940609.29,415553.61,83574.07
S002779,2023-07-01,M013,IT Services,83,48,1240275.74,834284.78,405990.96,111289.32
S002780,2023-08-01,M013,IT Services,87,55,1470281.4,948256.23,522025.17,115366.91
S002781,2023-09-01,M013,IT Services,78,48,1379715.35,911449.73,468265.62,110523.46
S002782,2023-10-01,M013,IT Services,78,48,1423992.34,927325.41,496666.93,54225.2
S002783,2023-11-01,M013,IT Services,87,51,1371099.54,915513.04,455586.5,34562.41
S002784,2023-12-01,M013,IT Services,92,52,1438285.73,950691.35,487594.38,31054.4
S002785,2024-01-01,M013,IT Services,97,61,1672978.52,1163004.97,509973.55,142535.63
S002786,2024-02-01,M013,IT Services,88,67,1394811.32,904827.26,489984.06,53691.85
S002787,2024-03-01,M013,IT Services,88,67,1331481.87,873104.09,458377.78,101227.26
S002788,2024-04-01,M013,IT Services,80,49,1421269.5,960795.95,460473.55,82279.34
S002789,2024-05-01,M013,IT Services,97,73,1609787.36,1090859.06,518928.3,110002.82
S002790,2024-06-01,M013,IT Services,83,57,1293985.29,901544.85,392440.44,94022.44
S002791,2024-07-01,M013,IT Services,77,60,1238212.72,845047.8,393164.92,48083.98
S002792,2024-08-01,M013,IT Services,77,43,1401087.02,950354.88,450732.14,38499.08
S002793,2024-09-01,M013,IT Services,90,60,1426006.15,963292.63,462713.52,54900.89
S002794,2024-10-01,M013,IT Services,101,69,1775219.28,1150201.02,625018.26,56428.16
S002795,2024-11-01,M013,IT Services,103,71,1840277.18,1252953.33,587323.85,38975.57
S002796,2024-12-01,M013,IT Services,91,66,1372050.53,961035.63,411014.9,110405.85
S002797,2025-01-01,M013,IT Services,93,74,1341166.57,904453.91,436712.66,52482.54
S002798,2025-02-01,M013,IT Services,102,75,1545320.38,1044410.69,500909.69,37328.78
S002799,2025-03-01,M013,IT Services,93,66,1410799.51,951819.69,458979.82,62214.5
S002800,2025-04-01,M013,IT Services,92,64,1659954.61,1096001.24,563953.37,62135.67
S002801,2025-05-01,M013,IT Services,106,61,1704575.05,1162350.16,542224.89,93474.48
S002802,2025-06-01,M013,IT Services,111,72,1683277.23,1107892.96,575384.27,48770.22
S002803,2025-07-01,M013,IT Services,88,62,1309431.99,894684.37,414747.62,38328.91
S002804,2025-08-01,M013,IT Services,85,67,1477259.25,1014692.67,462566.58,100283.41
S002805,2025-09-01,M013,IT Services,88,53,1604908.73,1087284.71,517624.02,105329.69
S002806,2025-10-01,M013,IT Services,115,87,1662329.56,1079545.44,582784.12,57256.18
S002807,2025-11-01,M013,IT Services,97,70,1701611.82,1182838.14,518773.68,72757.2
S002808,2025-12-01,M013,IT Services,106,75,1814853.36,1215234.35,599619.01,61901.79
S002809,2023-01-01,M014,Software,9,5,181033.02,127716.41,53316.61,12013.58
S002810,2023-02-01,M014,Software,10,7,181685.29,121570.47,60114.82,9144.32
S002811,2023-03-01,M014,Software,9,6,179564.45,125497.5,54066.95,10181.26
S002812,2023-04-01,M014,Software,9,5,157432.0,105637.94,51794.06,5099.88
S002813,2023-05-01,M014,Software,11,7,215950.35,142077.56,73872.79,11188.39
S002814,2023-06-01,M014,Software,9,5,153937.42,108653.78,45283.64,12124.54
S002815,2023-07-01,M014,Software,11,6,201977.34,137402.71,64574.63,5926.84
S002816,2023-08-01,M014,Software,11,7,197236.79,140667.22,56569.57,11562.47
S002817,2023-09-01,M014,Software,10,5,174045.41,117698.22,56347.19,6585.32
S002818,2023-10-01,M014,Software,10,7,185241.62,124595.93,60645.69,8939.77
S002819,2023-11-01,M014,Software,9,7,150138.33,106286.91,43851.42,5652.24
S002820,2023-12-01,M014,Software,10,7,203911.72,143829.34,60082.38,12277.31
S002821,2024-01-01,M014,Software,12,9,228286.04,162687.39,65598.65,4619.59
S002822,2024-02-01,M014,Software,12,7,231640.44,159190.8,72449.64,13842.04
S002823,2024-03-01,M014,Software,9,5,150192.88,100986.73,49206.15,11037.88
S002824,2024-04-01,M014,Software,10,7,188378.66,130307.33,58071.33,12600.37
S002825,2024-05-01,M014,Software,12,8,213671.93,144612.16,69059.77,13615.89
S002826,2024-06-01,M014,Software,12,7,240721.01,162586.06,78134.95,17602.69
S002827,2024-07-01,M014,Software,11,7,199525.75,137223.06,62302.69,13623.83
S002828,2024-08-01,M014,Software,9,6,155167.83,109547.42,45620.41,5329.57
S002829,2024-09-01,M014,Software,10,7,165267.18,114837.16,50430.02,14595.56
S002830,2024-10-01,M014,Software,12,7,234253.32,156272.32,77981.0,6273.29
S002831,2024-11-01,M014,Software,11,8,198452.34,141591.56,56860.78,12901.65
S002832,2024-12-01,M014,Software,13,10,216068.75,153282.2,62786.55,13574.34
S002833,2025-01-01,M014,Software,10,6,188924.56,132017.66,56906.9,16186.87
S002834,2025-02-01,M014,Software,10,6,174468.67,115851.08,58617.59,12738.45
S002835,2025-03-01,M014,Software,13,10,239238.64,170705.24,68533.4,18110.5
S002836,2025-04-01,M014,Software,13,7,240066.48,160306.73,79759.75,14475.35
S002837,2025-05-01,M014,Software,10,7,204059.47,142678.31,61381.16,12027.28
S002838,2025-06-01,M014,Software,10,7,206131.72,141880.93,64250.79,13751.23
S002839,2025-07-01,M014,Software,10,7,172539.88,113309.05,59230.83,5617.45
S002840,2025-08-01,M014,Software,13,7,227857.5,149856.53,78000.97,11726.16
S002841,2025-09-01,M014,Software,12,6,233590.17,162916.0,70674.17,10666.89
S002842,2025-10-01,M014,Software,14,10,279389.02,189959.21,89429.81,19041.53
S002843,2025-11-01,M014,Software,14,8,250619.43,166482.1,84137.33,5628.68
S002844,2025-12-01,M014,Software,11,8,199007.65,131163.88,67843.77,6174.69
S002845,2023-01-01,M014,Business Services,6,3,58045.78,38540.73,19505.05,4060.81
S002846,2023-02-01,M014,Business Services,7,5,65061.14,46066.85,18994.29,3995.91
S002847,2023-03-01,M014,Business Services,8,5,70740.89,48187.51,22553.38,5518.8
S002848,2023-04-01,M014,Business Services,7,5,60095.5,40921.64,19173.86,1926.03
S002849,2023-05-01,M014,Business Services,7,4,61672.75,42577.44,19095.31,5232.0
S002850,2023-06-01,M014,Business Services,7,5,59791.25,40163.7,19627.55,4429.28
S002851,2023-07-01,M014,Business Services,7,4,65857.09,46218.25,19638.84,1901.59
S002852,2023-08-01,M014,Business Services,6,4,55802.83,39365.02,16437.81,3303.78
S002853,2023-09-01,M014,Business Services,7,4,67921.07,47748.67,20172.4,1609.61
S002854,2023-10-01,M014,Business Services,7,5,69283.35,46311.0,22972.35,1631.84
S002855,2023-11-01,M014,Business Services,8,5,66135.11,45391.18,20743.93,1709.58
S002856,2023-12-01,M014,Business Services,8,4,69500.52,47742.3,21758.22,5418.8
S002857,2024-01-01,M014,Business Services,6,4,59911.67,39684.46,20227.21,4511.47
S002858,2024-02-01,M014,Business Services,8,4,67460.8,45909.83,21550.97,3342.59
S002859,2024-03-01,M014,Business Services,8,4,78482.51,53497.91,24984.6,5312.77
S002860,2024-04-01,M014,Business Services,8,5,65395.91,42814.16,22581.75,1432.99
S002861,2024-05-01,M014,Business Services,8,4,79372.75,52054.3,27318.45,3379.28
S002862,2024-06-01,M014,Business Services,8,6,75345.13,49649.27,25695.86,2511.22
S002863,2024-07-01,M014,Business Services,8,4,78905.69,54156.28,24749.41,3630.27
S002864,2024-08-01,M014,Business Services,8,5,75687.67,52765.93,22921.74,6750.45
S002865,2024-09-01,M014,Business Services,7,5,69216.36,47360.69,21855.67,2788.75
S002866,2024-10-01,M014,Business Services,8,4,74623.95,49466.47,25157.48,4982.64
S002867,2024-11-01,M014,Business Services,8,4,74200.0,51945.88,22254.12,2266.1
S002868,2024-12-01,M014,Business Services,9,5,85488.51,56127.28,29361.23,3980.44
S002869,2025-01-01,M014,Business Services,6,3,48954.39,33776.21,15178.18,988.67
S002870,2025-02-01,M014,Business Services,7,4,62139.3,41912.3,20227.0,2815.08
S002871,2025-03-01,M014,Business Services,8,5,72093.3,49584.34,22508.96,2631.85
S002872,2025-04-01,M014,Business Services,7,4,60288.55,40592.19,19696.36,3996.69
S002873,2025-05-01,M014,Business Services,7,5,69065.95,46724.46,22341.49,1583.76
S002874,2025-06-01,M014,Business Services,8,5,65754.66,43823.84,21930.82,3203.1
S002875,2025-07-01,M014,Business Services,9,6,85416.34,59893.2,25523.14,1809.94
S002876,2025-08-01,M014,Business Services,8,5,81694.75,57960.67,23734.08,2690.51
S002877,2025-09-01,M014,Business Services,7,4,57440.04,37987.66,19452.38,2723.66
S002878,2025-10-01,M014,Business Services,10,5,93505.35,64121.98,29383.37,1902.65
S002879,2025-11-01,M014,Business Services,9,5,90253.15,59986.46,30266.69,7797.07
S002880,2025-12-01,M014,Business Services,9,7,83342.18,56396.43,26945.75,6123.12
S002881,2023-01-01,M014,Consulting,8,4,187743.05,123522.13,64220.92,12910.17
S002882,2023-02-01,M014,Consulting,10,6,235679.45,162214.68,73464.77,15758.63
S002883,2023-03-01,M014,Consulting,11,7,258403.26,172758.85,85644.41,12761.5
S002884,2023-04-01,M014,Consulting,10,6,270326.78,185362.87,84963.91,9453.65
S002885,2023-05-01,M014,Consulting,9,6,207121.97,146312.34,60809.63,16060.77
S002886,2023-06-01,M014,Consulting,9,7,224430.8,151553.76,72877.04,16275.84
S002887,2023-07-01,M014,Consulting,11,8,250409.44,169826.87,80582.57,9023.64
S002888,2023-08-01,M014,Consulting,10,6,267698.96,179794.65,87904.31,23328.7
S002889,2023-09-01,M014,Consulting,11,6,253316.72,171403.28,81913.44,12357.65
S002890,2023-10-01,M014,Consulting,10,6,260981.84,183439.78,77542.06,14449.3
S002891,2023-11-01,M014,Consulting,12,8,324808.51,219603.78,105204.73,19139.77
S002892,2023-12-01,M014,Consulting,11,6,315033.12,212298.64,102734.48,27746.02
S002893,2024-01-01,M014,Consulting,10,7,228845.63,159115.32,69730.31,5178.29
S002894,2024-02-01,M014,Consulting,11,6,306141.37,204603.16,101538.21,25763.02
S002895,2024-03-01,M014,Consulting,10,7,247191.47,173951.49,73239.98,9403.21
S002896,2024-04-01,M014,Consulting,10,7,249670.0,166607.97,83062.03,7464.91
S002897,2024-05-01,M014,Consulting,9,5,236241.85,161960.96,74280.89,16652.13
S002898,2024-06-01,M014,Consulting,12,8,315484.24,210086.36,105397.88,19412.45
S002899,2024-07-01,M014,Consulting,11,6,262403.78,177988.4,84415.38,11181.4
S002900,2024-08-01,M014,Consulting,10,7,278425.85,194174.65,84251.2,24204.88
S002901,2024-09-01,M014,Consulting,12,8,307866.48,215353.8,92512.68,13213.9
S002902,2024-10-01,M014,Consulting,11,7,281921.99,191264.86,90657.13,16542.76
S002903,2024-11-01,M014,Consulting,13,10,293367.1,195115.44,98251.66,22713.78
S002904,2024-12-01,M014,Consulting,14,7,324340.26,227271.05,97069.21,9029.96
S002905,2025-01-01,M014,Consulting,10,6,282770.4,189078.15,93692.25,13123.48
S002906,2025-02-01,M014,Consulting,11,7,265642.24,178250.98,87391.26,23517.34
S002907,2025-03-01,M014,Consulting,11,8,276066.37,180598.33,95468.04,17523.06
S002908,2025-04-01,M014,Consulting,10,6,274505.16,181732.18,92772.98,6603.54
S002909,2025-05-01,M014,Consulting,11,6,255968.19,175480.96,80487.23,18949.51
S002910,2025-06-01,M014,Consulting,11,7,263026.78,178284.85,84741.93,14049.39
S002911,2025-07-01,M014,Consulting,13,9,353967.35,240144.46,113822.89,11306.44
S002912,2025-08-01,M014,Consulting,12,9,315492.63,215907.75,99584.88,7933.1
S002913,2025-09-01,M014,Consulting,11,6,276255.99,182200.08,94055.91,23582.44
S002914,2025-10-01,M014,Consulting,13,9,316383.31,216779.77,99603.54,15346.92
S002915,2025-11-01,M014,Consulting,14,10,370166.82,259368.9,110797.92,16148.32
S002916,2025-12-01,M014,Consulting,13,8,327873.91,229985.16,97888.75,7621.46
S002917,2023-01-01,M014,Digital Solutions,9,5,137979.66,90387.46,47592.2,3166.78
S002918,2023-02-01,M014,Digital Solutions,10,7,144208.98,96070.71,48138.27,6827.04
S002919,2023-03-01,M014,Digital Solutions,13,7,203441.2,133383.41,70057.79,6261.8
S002920,2023-04-01,M014,Digital Solutions,11,6,167288.71,110410.0,56878.71,5401.01
S002921,2023-05-01,M014,Digital Solutions,10,7,138452.84,97338.42,41114.42,7702.87
S002922,2023-06-01,M014,Digital Solutions,10,6,142988.51,100784.87,42203.64,7108.41
S002923,2023-07-01,M014,Digital Solutions,11,8,162515.38,115879.19,46636.19,12708.28
S002924,2023-08-01,M014,Digital Solutions,10,7,130054.0,87427.55,42626.45,7649.41
S002925,2023-09-01,M014,Digital Solutions,12,9,183970.22,124098.32,59871.9,6736.95
S002926,2023-10-01,M014,Digital Solutions,13,10,197317.94,135304.16,62013.78,9574.26
S002927,2023-11-01,M014,Digital Solutions,11,7,162258.58,107325.65,54932.93,4409.09
S002928,2023-12-01,M014,Digital Solutions,12,8,151958.28,106877.64,45080.64,8436.41
S002929,2024-01-01,M014,Digital Solutions,13,9,166750.22,111949.59,54800.63,10036.05
S002930,2024-02-01,M014,Digital Solutions,13,9,184416.41,123432.6,60983.81,14110.2
S002931,2024-03-01,M014,Digital Solutions,12,8,175257.07,124529.87,50727.2,8666.75
S002932,2024-04-01,M014,Digital Solutions,12,9,187722.36,130167.86,57554.5,14664.82
S002933,2024-05-01,M014,Digital Solutions,12,8,182532.8,126778.98,55753.82,13375.26
S002934,2024-06-01,M014,Digital Solutions,13,7,187560.67,124298.49,63262.18,14038.38
S002935,2024-07-01,M014,Digital Solutions,12,8,175087.97,116051.09,59036.88,10430.65
S002936,2024-08-01,M014,Digital Solutions,11,8,172762.53,118889.8,53872.73,13036.82
S002937,2024-09-01,M014,Digital Solutions,13,10,204319.56,134953.33,69366.23,16088.74
S002938,2024-10-01,M014,Digital Solutions,14,8,214645.88,150375.78,64270.1,10751.87
S002939,2024-11-01,M014,Digital Solutions,13,10,166292.15,114963.26,51328.89,3593.12
S002940,2024-12-01,M014,Digital Solutions,13,7,192930.9,131469.07,61461.83,9499.77
S002941,2025-01-01,M014,Digital Solutions,14,9,184921.82,123334.42,61587.4,10968.86
S002942,2025-02-01,M014,Digital Solutions,14,8,206129.82,138838.06,67291.76,13682.49
S002943,2025-03-01,M014,Digital Solutions,15,10,236172.4,161828.28,74344.12,15589.3
S002944,2025-04-01,M014,Digital Solutions,13,7,201054.17,134923.85,66130.32,4064.32
S002945,2025-05-01,M014,Digital Solutions,12,7,179070.48,127658.61,51411.87,14891.03
S002946,2025-06-01,M014,Digital Solutions,13,8,165162.27,115989.35,49172.92,12368.23
S002947,2025-07-01,M014,Digital Solutions,12,8,174069.02,115372.38,58696.64,11534.56
S002948,2025-08-01,M014,Digital Solutions,11,7,160657.16,108392.66,52264.5,10302.09
S002949,2025-09-01,M014,Digital Solutions,14,8,203927.91,143264.36,60663.55,5481.11
S002950,2025-10-01,M014,Digital Solutions,15,11,229240.78,161026.51,68214.27,9618.63
S002951,2025-11-01,M014,Digital Solutions,13,10,169268.46,119266.3,50002.16,12594.47
S002952,2025-12-01,M014,Digital Solutions,14,8,205192.95,143714.82,61478.13,16309.44
S002953,2023-01-01,M014,SaaS,8,6,106380.72,70621.34,35759.38,7729.97
S002954,2023-02-01,M014,SaaS,6,4,74050.17,51096.36,22953.81,6184.21
S002955,2023-03-01,M014,SaaS,8,6,89202.81,63581.89,25620.92,4201.73
S002956,2023-04-01,M014,SaaS,7,3,79659.99,55022.22,24637.77,6185.54
S002957,2023-05-01,M014,SaaS,8,4,109088.24,73799.45,35288.79,2609.29
S002958,2023-06-01,M014,SaaS,8,4,101516.69,66837.55,34679.14,7272.77
S002959,2023-07-01,M014,SaaS,7,4,79320.97,54872.04,24448.93,2674.15
S002960,2023-08-01,M014,SaaS,8,5,96267.24,63788.49,32478.75,6844.44
S002961,2023-09-01,M014,SaaS,7,4,75953.18,51930.41,24022.77,3872.75
S002962,2023-10-01,M014,SaaS,8,4,103543.57,70507.11,33036.46,3083.65
S002963,2023-11-01,M014,SaaS,8,6,102513.44,70711.59,31801.85,4522.74
S002964,2023-12-01,M014,SaaS,9,5,120756.11,84227.3,36528.81,9397.29
S002965,2024-01-01,M014,SaaS,9,7,123713.53,85105.67,38607.86,10549.54
S002966,2024-02-01,M014,SaaS,7,5,76077.44,54029.78,22047.66,5114.25
S002967,2024-03-01,M014,SaaS,8,6,91162.54,62102.84,29059.7,2392.39
S002968,2024-04-01,M014,SaaS,7,5,83115.46,58998.4,24117.06,2841.16
S002969,2024-05-01,M014,SaaS,9,5,109814.21,77927.46,31886.75,5765.01
S002970,2024-06-01,M014,SaaS,8,6,108183.31,75152.99,33030.32,2758.85
S002971,2024-07-01,M014,SaaS,7,4,80196.29,54478.46,25717.83,6236.2
S002972,2024-08-01,M014,SaaS,10,6,122031.83,83807.41,38224.42,10781.55
S002973,2024-09-01,M014,SaaS,8,4,97139.74,68724.81,28414.93,5649.96
S002974,2024-10-01,M014,SaaS,9,6,116801.64,77570.49,39231.15,7068.42
S002975,2024-11-01,M014,SaaS,8,6,93456.4,61361.61,32094.79,7216.92
S002976,2024-12-01,M014,SaaS,9,5,98628.3,67176.16,31452.14,6681.42
S002977,2025-01-01,M014,SaaS,10,6,124025.45,88016.03,36009.42,10337.89
S002978,2025-02-01,M014,SaaS,9,6,111061.55,78732.67,32328.88,2805.69
S002979,2025-03-01,M014,SaaS,11,7,147779.99,104577.39,43202.6,9048.5
S002980,2025-04-01,M014,SaaS,10,5,113801.56,77972.9,35828.66,10032.46
S002981,2025-05-01,M014,SaaS,8,5,104029.15,71101.67,32927.48,7405.42
S002982,2025-06-01,M014,SaaS,9,5,108702.55,76480.94,32221.61,8830.05
S002983,2025-07-01,M014,SaaS,9,6,120098.05,79821.13,40276.92,8131.51
S002984,2025-08-01,M014,SaaS,9,5,103380.52,72264.67,31115.85,9013.1
S002985,2025-09-01,M014,SaaS,8,5,100526.68,70082.27,30444.41,5027.16
S002986,2025-10-01,M014,SaaS,11,8,133767.93,93103.37,40664.56,6445.76
S002987,2025-11-01,M014,SaaS,11,6,132167.79,92622.28,39545.51,3999.15
S002988,2025-12-01,M014,SaaS,11,7,118874.3,81599.75,37274.55,3079.4
S002989,2023-01-01,M014,IT Services,9,6,141404.06,93829.09,47574.97,12648.67
S002990,2023-02-01,M014,IT Services,11,7,159052.61,107217.85,51834.76,14190.85
S002991,2023-03-01,M014,IT Services,13,9,208256.6,138078.38,70178.22,5227.31
S002992,2023-04-01,M014,IT Services,11,8,161601.14,111219.9,50381.24,6935.51
S002993,2023-05-01,M014,IT Services,10,6,167766.85,110116.47,57650.38,10291.54
S002994,2023-06-01,M014,IT Services,12,7,193438.13,133576.32,59861.81,7779.36
S002995,2023-07-01,M014,IT Services,11,6,165366.83,117002.09,48364.74,3744.76
S002996,2023-08-01,M014,IT Services,10,5,168206.66,117370.94,50835.72,11162.52
S002997,2023-09-01,M014,IT Services,11,8,184721.81,128471.13,56250.68,10254.88
S002998,2023-10-01,M014,IT Services,11,6,197229.61,132984.68,64244.93,14097.92
S002999,2023-11-01,M014,IT Services,12,8,203869.0,136798.94,67070.06,10525.85
S003000,2023-12-01,M014,IT Services,12,7,211692.45,150042.34,61650.11,14536.84
S003001,2024-01-01,M014,IT Services,11,7,166277.86,117676.8,48601.06,8000.58
S003002,2024-02-01,M014,IT Services,11,6,192240.72,133300.41,58940.31,4197.62
S003003,2024-03-01,M014,IT Services,13,8,227772.89,162131.34,65641.55,5567.61
S003004,2024-04-01,M014,IT Services,12,9,196555.12,134823.41,61731.71,9221.03
S003005,2024-05-01,M014,IT Services,10,7,180612.73,123602.02,57010.71,12696.67
S003006,2024-06-01,M014,IT Services,10,7,156804.65,107976.98,48827.67,8557.38
S003007,2024-07-01,M014,IT Services,13,9,214871.31,149312.73,65558.58,4307.27
S003008,2024-08-01,M014,IT Services,12,8,210835.45,142550.24,68285.21,14481.26
S003009,2024-09-01,M014,IT Services,13,9,232324.95,162472.74,69852.21,10991.48
S003010,2024-10-01,M014,IT Services,14,8,227171.59,149092.48,78079.11,15245.66
S003011,2024-11-01,M014,IT Services,12,9,181243.55,126650.88,54592.67,14440.35
S003012,2024-12-01,M014,IT Services,12,7,197932.07,134918.64,63013.43,9418.54
S003013,2025-01-01,M014,IT Services,11,8,185301.05,123251.39,62049.66,6905.01
S003014,2025-02-01,M014,IT Services,14,10,243004.19,171270.47,71733.72,18290.31
S003015,2025-03-01,M014,IT Services,15,9,272436.31,187101.34,85334.97,22641.16
S003016,2025-04-01,M014,IT Services,13,7,208254.86,139456.56,68798.3,14143.18
S003017,2025-05-01,M014,IT Services,14,8,244243.9,170322.32,73921.58,20822.1
S003018,2025-06-01,M014,IT Services,11,8,175519.37,124990.45,50528.92,5621.89
S003019,2025-07-01,M014,IT Services,14,8,240497.47,162239.47,78258.0,15044.47
S003020,2025-08-01,M014,IT Services,13,7,231943.41,164766.75,67176.66,6363.31
S003021,2025-09-01,M014,IT Services,14,8,203036.92,140653.67,62383.25,11436.15
S003022,2025-10-01,M014,IT Services,16,12,266155.83,174315.55,91840.28,11293.23
S003023,2025-11-01,M014,IT Services,14,10,247792.27,165389.55,82402.72,8323.63
S003024,2025-12-01,M014,IT Services,15,8,256525.6,175652.98,80872.62,15490.94
S003025,2023-01-01,M015,Software,10,6,183791.21,119429.99,64361.22,10385.67
S003026,2023-02-01,M015,Software,12,8,208933.22,135652.28,73280.94,16442.92
S003027,2023-03-01,M015,Software,12,7,211963.28,142910.01,69053.27,9087.66
S003028,2023-04-01,M015,Software,11,6,214282.16,143347.61,70934.55,17576.91
S003029,2023-05-01,M015,Software,13,8,260083.71,176459.38,83624.33,9537.38
S003030,2023-06-01,M015,Software,12,9,196872.78,138714.2,58158.58,7599.84
S003031,2023-07-01,M015,Software,13,9,248233.75,162232.24,86001.51,21478.94
S003032,2023-08-01,M015,Software,13,7,231300.78,155988.78,75312.0,14595.15
S003033,2023-09-01,M015,Software,14,8,264079.29,178352.09,85727.2,6393.35
S003034,2023-10-01,M015,Software,14,8,256914.87,170411.87,86503.0,7472.19
S003035,2023-11-01,M015,Software,15,10,300810.6,200911.09,99899.51,9444.03
S003036,2023-12-01,M015,Software,12,7,238091.29,165607.61,72483.68,11897.57
S003037,2024-01-01,M015,Software,11,6,216459.81,146626.92,69832.89,16334.21
S003038,2024-02-01,M015,Software,13,8,228071.04,149855.31,78215.73,12427.55
S003039,2024-03-01,M015,Software,13,8,253936.91,174495.0,79441.91,14701.54
S003040,2024-04-01,M015,Software,12,8,246484.91,171256.77,75228.14,10404.85
S003041,2024-05-01,M015,Software,14,9,237999.83,155826.54,82173.29,20720.35
S003042,2024-06-01,M015,Software,15,11,297838.21,200351.72,97486.49,12884.67
S003043,2024-07-01,M015,Software,12,9,242054.46,157231.92,84822.54,18423.61
S003044,2024-08-01,M015,Software,13,7,248469.39,164219.72,84249.67,21639.77
S003045,2024-09-01,M015,Software,12,9,242086.54,168643.43,73443.11,18386.92
S003046,2024-10-01,M015,Software,17,9,275826.08,184085.16,91740.92,6168.92
S003047,2024-11-01,M015,Software,14,9,261799.4,172245.4,89554.0,7075.35
S003048,2024-12-01,M015,Software,14,10,259861.89,174103.32,85758.57,15864.66
S003049,2025-01-01,M015,Software,16,10,295170.08,206034.77,89135.31,26368.26
S003050,2025-02-01,M015,Software,13,8,247883.33,166940.46,80942.87,21432.49
S003051,2025-03-01,M015,Software,16,9,259658.31,173705.61,85952.7,14559.56
S003052,2025-04-01,M015,Software,16,9,285756.07,188470.14,97285.93,24891.76
S003053,2025-05-01,M015,Software,15,11,254668.99,173073.53,81595.46,19646.42
S003054,2025-06-01,M015,Software,16,9,263729.92,173800.88,89929.04,7918.46
S003055,2025-07-01,M015,Software,16,8,281150.6,183466.58,97684.02,13045.65
S003056,2025-08-01,M015,Software,13,7,224917.79,149062.79,75855.0,7019.81
S003057,2025-09-01,M015,Software,16,10,260944.23,171415.19,89529.04,13834.29
S003058,2025-10-01,M015,Software,17,9,310286.1,215405.38,94880.72,25750.52
S003059,2025-11-01,M015,Software,16,10,312971.51,209312.61,103658.9,20011.84
S003060,2025-12-01,M015,Software,17,10,341399.44,240184.16,101215.28,14605.2
S003061,2023-01-01,M015,Business Services,10,7,96070.15,64771.88,31298.27,7971.48
S003062,2023-02-01,M015,Business Services,10,7,89831.15,61081.81,28749.34,2938.89
S003063,2023-03-01,M015,Business Services,10,5,91547.38,59578.97,31968.41,6236.56
S003064,2023-04-01,M015,Business Services,9,6,87648.14,61577.0,26071.14,5774.06
S003065,2023-05-01,M015,Business Services,11,8,112020.66,74667.3,37353.36,3593.41
S003066,2023-06-01,M015,Business Services,10,6,94833.21,65573.34,29259.87,7748.74
S003067,2023-07-01,M015,Business Services,11,8,108885.22,74742.61,34142.61,6637.9
S003068,2023-08-01,M015,Business Services,11,6,102728.81,67922.98,34805.83,3252.34
S003069,2023-09-01,M015,Business Services,11,7,95151.9,64860.89,30291.01,7861.12
S003070,2023-10-01,M015,Business Services,10,6,87931.38,59096.26,28835.12,4769.15
S003071,2023-11-01,M015,Business Services,12,8,121027.67,79894.23,41133.44,9267.93
S003072,2023-12-01,M015,Business Services,11,8,103233.33,68408.83,34824.5,3899.41
S003073,2024-01-01,M015,Business Services,12,8,113702.75,78511.95,35190.8,3710.37
S003074,2024-02-01,M015,Business Services,10,7,100363.82,67577.75,32786.07,3319.6
S003075,2024-03-01,M015,Business Services,10,5,82247.34,54430.41,27816.93,6832.7
S003076,2024-04-01,M015,Business Services,11,7,101418.1,66302.16,35115.94,5509.33
S003077,2024-05-01,M015,Business Services,12,7,112848.62,76793.34,36055.28,9484.77
S003078,2024-06-01,M015,Business Services,10,5,99277.22,68716.21,30561.01,2670.45
S003079,2024-07-01,M015,Business Services,12,7,118545.82,82837.29,35708.53,6918.16
S003080,2024-08-01,M015,Business Services,10,7,86969.51,59161.24,27808.27,5432.17
S003081,2024-09-01,M015,Business Services,13,10,120469.75,81600.78,38868.97,7207.04
S003082,2024-10-01,M015,Business Services,12,7,117179.49,80771.49,36408.0,5396.53
S003083,2024-11-01,M015,Business Services,12,7,114410.53,76730.65,37679.88,2775.79
S003084,2024-12-01,M015,Business Services,14,10,144822.69,100378.65,44444.04,4944.2
S003085,2025-01-01,M015,Business Services,11,6,111932.98,76755.18,35177.8,8621.87
S003086,2025-02-01,M015,Business Services,13,9,108502.31,70633.32,37868.99,8513.4
S003087,2025-03-01,M015,Business Services,11,6,107116.96,75079.6,32037.36,8647.71
S003088,2025-04-01,M015,Business Services,10,5,93986.74,65203.6,28783.14,6680.92
S003089,2025-05-01,M015,Business Services,12,7,97848.81,65085.84,32762.97,5230.78
S003090,2025-06-01,M015,Business Services,13,9,110940.9,75853.05,35087.85,3743.51
S003091,2025-07-01,M015,Business Services,10,6,91577.17,60406.59,31170.58,5636.02
S003092,2025-08-01,M015,Business Services,11,8,92693.31,60241.84,32451.47,2833.19
S003093,2025-09-01,M015,Business Services,11,6,92022.46,63330.52,28691.94,6352.14
S003094,2025-10-01,M015,Business Services,13,8,124610.35,81022.92,43587.43,7776.76
S003095,2025-11-01,M015,Business Services,15,8,125303.95,84099.22,41204.73,3641.98
S003096,2025-12-01,M015,Business Services,12,6,116685.11,78621.2,38063.91,8239.13
S003097,2023-01-01,M015,Consulting,11,8,311602.67,205307.86,106294.81,19820.48
S003098,2023-02-01,M015,Consulting,10,5,260742.74,175450.38,85292.36,11371.49
S003099,2023-03-01,M015,Consulting,11,7,278804.85,195055.32,83749.53,21408.91
S003100,2023-04-01,M015,Consulting,11,6,300049.76,199209.85,100839.91,8110.98
S003101,2023-05-01,M015,Consulting,9,6,240921.1,164915.53,76005.57,7189.76
S003102,2023-06-01,M015,Consulting,9,4,239901.95,169351.35,70550.6,7319.16
S003103,2023-07-01,M015,Consulting,9,5,249749.52,170450.07,79299.45,17243.66
S003104,2023-08-01,M015,Consulting,10,7,270098.39,188360.88,81737.51,6650.15
S003105,2023-09-01,M015,Consulting,11,7,302868.65,199856.08,103012.57,20197.26
S003106,2023-10-01,M015,Consulting,11,6,295251.04,199823.98,95427.06,6258.2
S003107,2023-11-01,M015,Consulting,10,7,232415.65,154214.23,78201.42,11544.17
S003108,2023-12-01,M015,Consulting,11,6,272709.98,181465.78,91244.2,23093.46
S003109,2024-01-01,M015,Consulting,10,5,283844.54,198772.4,85072.14,21145.42
S003110,2024-02-01,M015,Consulting,9,7,254822.92,171329.58,83493.34,11550.51
S003111,2024-03-01,M015,Consulting,10,6,255928.57,166511.87,89416.7,15850.85
S003112,2024-04-01,M015,Consulting,9,6,256724.66,172743.17,83981.49,20624.62
S003113,2024-05-01,M015,Consulting,9,5,209614.66,139159.8,70454.86,13731.14
S003114,2024-06-01,M015,Consulting,12,7,289579.64,202370.79,87208.85,22570.92
S003115,2024-07-01,M015,Consulting,12,8,286637.77,197671.11,88966.66,11460.32
S003116,2024-08-01,M015,Consulting,10,5,263508.58,184845.69,78662.89,12750.6
S003117,2024-09-01,M015,Consulting,11,8,291488.91,195039.3,96449.61,24051.62
S003118,2024-10-01,M015,Consulting,12,6,303210.92,208495.14,94715.78,27247.37
S003119,2024-11-01,M015,Consulting,12,7,282936.19,187237.51,95698.68,15156.89
S003120,2024-12-01,M015,Consulting,11,8,264763.09,178199.09,86564.0,7344.32
S003121,2025-01-01,M015,Consulting,12,8,329794.43,223551.48,106242.95,7490.0
S003122,2025-02-01,M015,Consulting,10,7,274533.12,186745.83,87787.29,7419.64
S003123,2025-03-01,M015,Consulting,12,8,276748.55,181744.22,95004.33,15536.55
S003124,2025-04-01,M015,Consulting,12,8,330925.21,227415.67,103509.54,16990.79
S003125,2025-05-01,M015,Consulting,11,6,296985.74,209509.21,87476.53,20581.49
S003126,2025-06-01,M015,Consulting,12,7,273183.8,184174.45,89009.35,10177.52
S003127,2025-07-01,M015,Consulting,12,7,275978.07,179349.29,96628.78,22331.05
S003128,2025-08-01,M015,Consulting,12,8,290666.08,193297.07,97369.01,22111.51
S003129,2025-09-01,M015,Consulting,11,7,249204.32,169685.18,79519.14,8154.17
S003130,2025-10-01,M015,Consulting,14,9,346091.68,232765.52,113326.16,17326.71
S003131,2025-11-01,M015,Consulting,13,7,302290.33,195680.99,106609.34,10255.97
S003132,2025-12-01,M015,Consulting,15,11,356284.28,239121.9,117162.38,27640.88
S003133,2023-01-01,M015,Digital Solutions,11,6,155442.78,104242.64,51200.14,12066.01
S003134,2023-02-01,M015,Digital Solutions,10,6,144361.56,100597.14,43764.42,9955.67
S003135,2023-03-01,M015,Digital Solutions,13,7,208381.94,139861.59,68520.35,10375.22
S003136,2023-04-01,M015,Digital Solutions,11,6,161288.6,111661.03,49627.57,12202.65
S003137,2023-05-01,M015,Digital Solutions,10,6,149328.78,97729.62,51599.16,5624.04
S003138,2023-06-01,M015,Digital Solutions,10,7,146494.76,99562.63,46932.13,12584.39
S003139,2023-07-01,M015,Digital Solutions,10,7,152505.05,106521.0,45984.05,9787.05
S003140,2023-08-01,M015,Digital Solutions,11,6,148197.69,104753.4,43444.29,3646.33
S003141,2023-09-01,M015,Digital Solutions,13,7,191580.41,129721.04,61859.37,14665.14
S003142,2023-10-01,M015,Digital Solutions,13,9,201187.88,141385.92,59801.96,9586.61
S003143,2023-11-01,M015,Digital Solutions,14,11,207705.2,142461.18,65244.02,7042.55
S003144,2023-12-01,M015,Digital Solutions,14,10,216269.6,144886.2,71383.4,12750.81
S003145,2024-01-01,M015,Digital Solutions,12,7,167244.17,109206.2,58037.97,5876.94
S003146,2024-02-01,M015,Digital Solutions,12,6,171355.46,113603.61,57751.85,6225.5
S003147,2024-03-01,M015,Digital Solutions,13,8,172127.2,118977.43,53149.77,15094.33
S003148,2024-04-01,M015,Digital Solutions,14,9,204960.33,143824.39,61135.94,18384.31
S003149,2024-05-01,M015,Digital Solutions,13,7,196172.65,137647.34,58525.31,6191.21
S003150,2024-06-01,M015,Digital Solutions,13,10,193844.66,125723.46,68121.2,10217.32
S003151,2024-07-01,M015,Digital Solutions,13,9,188395.04,123830.49,64564.55,4941.9
S003152,2024-08-01,M015,Digital Solutions,12,7,179145.04,116201.67,62943.37,13655.77
S003153,2024-09-01,M015,Digital Solutions,14,8,222013.55,156117.88,65895.67,19106.48
S003154,2024-10-01,M015,Digital Solutions,16,9,239923.38,166040.3,73883.08,14397.65
S003155,2024-11-01,M015,Digital Solutions,15,11,229952.07,154968.11,74983.96,6958.9
S003156,2024-12-01,M015,Digital Solutions,13,10,207594.62,143418.28,64176.34,11962.67
S003157,2025-01-01,M015,Digital Solutions,15,11,237709.68,161046.66,76663.02,18320.84
S003158,2025-02-01,M015,Digital Solutions,16,12,253572.24,177665.34,75906.9,10469.49
S003159,2025-03-01,M015,Digital Solutions,14,10,198513.28,138921.71,59591.57,8917.92
S003160,2025-04-01,M015,Digital Solutions,14,10,204383.29,137636.04,66747.25,11339.05
S003161,2025-05-01,M015,Digital Solutions,14,7,184856.18,128606.7,56249.48,7055.04
S003162,2025-06-01,M015,Digital Solutions,13,8,185334.02,120953.03,64380.99,14637.96
S003163,2025-07-01,M015,Digital Solutions,16,10,206367.17,140895.29,65471.88,5449.18
S003164,2025-08-01,M015,Digital Solutions,16,9,210438.53,147403.65,63034.88,14142.28
S003165,2025-09-01,M015,Digital Solutions,15,11,220494.84,148262.6,72232.24,18359.9
S003166,2025-10-01,M015,Digital Solutions,15,10,209585.49,147463.56,62121.93,14025.32
S003167,2025-11-01,M015,Digital Solutions,18,12,229951.6,149373.82,80577.78,10307.55
S003168,2025-12-01,M015,Digital Solutions,18,11,276599.66,192072.74,84526.92,13732.23
S003169,2023-01-01,M015,SaaS,7,5,89088.86,58586.77,30502.09,3553.6
S003170,2023-02-01,M015,SaaS,10,7,124745.63,83205.14,41540.49,5790.33
S003171,2023-03-01,M015,SaaS,8,6,100344.81,70094.82,30249.99,6633.21
S003172,2023-04-01,M015,SaaS,9,5,114479.96,80145.82,34334.14,9712.01
S003173,2023-05-01,M015,SaaS,9,5,113665.27,76158.44,37506.83,4251.75
S003174,2023-06-01,M015,SaaS,8,5,87014.9,58664.02,28350.88,3643.1
S003175,2023-07-01,M015,SaaS,8,4,99860.0,65221.82,34638.18,2992.18
S003176,2023-08-01,M015,SaaS,10,6,130801.48,91107.31,39694.17,6339.18
S003177,2023-09-01,M015,SaaS,9,5,110768.39,75481.15,35287.24,8335.77
S003178,2023-10-01,M015,SaaS,9,6,111582.99,75553.79,36029.2,7028.12
S003179,2023-11-01,M015,SaaS,11,6,127331.54,86047.02,41284.52,11376.01
S003180,2023-12-01,M015,SaaS,11,7,137799.76,92669.63,45130.13,8767.75
S003181,2024-01-01,M015,SaaS,8,4,91546.84,63788.17,27758.67,5589.38
S003182,2024-02-01,M015,SaaS,10,7,118732.41,82201.95,36530.46,7358.83
S003183,2024-03-01,M015,SaaS,11,8,147613.38,101836.12,45777.26,4067.82
S003184,2024-04-01,M015,SaaS,9,6,121349.95,81001.55,40348.4,10760.21
S003185,2024-05-01,M015,SaaS,8,4,99751.05,65103.89,34647.16,4316.38
S003186,2024-06-01,M015,SaaS,11,6,124263.92,87156.94,37106.98,4907.08
S003187,2024-07-01,M015,SaaS,9,5,100563.37,65651.96,34911.41,4248.99
S003188,2024-08-01,M015,SaaS,9,5,105007.11,68117.62,36889.49,6269.49
S003189,2024-09-01,M015,SaaS,10,5,130668.17,88338.79,42329.38,10951.14
S003190,2024-10-01,M015,SaaS,12,8,134163.98,88886.52,45277.46,7738.15
S003191,2024-11-01,M015,SaaS,12,8,149281.36,105151.64,44129.72,10608.53
S003192,2024-12-01,M015,SaaS,12,7,149441.51,97557.49,51884.02,3821.72
S003193,2025-01-01,M015,SaaS,10,6,137858.29,95706.27,42152.02,10860.67
S003194,2025-02-01,M015,SaaS,11,8,139477.47,98168.58,41308.89,8119.55
S003195,2025-03-01,M015,SaaS,12,8,158571.59,104964.65,53606.94,13996.78
S003196,2025-04-01,M015,SaaS,10,7,121210.4,85188.92,36021.48,5658.27
S003197,2025-05-01,M015,SaaS,10,7,110708.88,73889.0,36819.88,4238.53
S003198,2025-06-01,M015,SaaS,10,7,111319.38,76122.62,35196.76,7855.44
S003199,2025-07-01,M015,SaaS,12,6,154348.29,104287.8,50060.49,6990.76
S003200,2025-08-01,M015,SaaS,12,7,154611.6,103292.25,51319.35,3853.98
S003201,2025-09-01,M015,SaaS,10,7,109856.01,76564.3,33291.71,6332.89
S003202,2025-10-01,M015,SaaS,13,9,148478.52,98866.39,49612.13,7239.11
S003203,2025-11-01,M015,SaaS,13,7,160472.04,106327.86,54144.18,7392.5
S003204,2025-12-01,M015,SaaS,11,7,120422.01,82205.73,38216.28,7898.83
S003205,2023-01-01,M015,IT Services,7,4,117050.19,76988.08,40062.11,4744.3
S003206,2023-02-01,M015,IT Services,7,4,125025.15,86783.84,38241.31,8981.71
S003207,2023-03-01,M015,IT Services,8,5,131120.11,85228.09,45892.02,9865.8
S003208,2023-04-01,M015,IT Services,7,3,122934.08,81830.4,41103.68,6103.84
S003209,2023-05-01,M015,IT Services,7,5,110317.67,77282.8,33034.87,6617.37
S003210,2023-06-01,M015,IT Services,9,5,141081.56,93148.25,47933.31,10537.12
S003211,2023-07-01,M015,IT Services,9,5,134310.81,93805.66,40505.15,6160.44
S003212,2023-08-01,M015,IT Services,9,6,157798.05,110183.64,47614.41,5191.99
S003213,2023-09-01,M015,IT Services,8,5,116934.16,78438.2,38495.96,5072.62
S003214,2023-10-01,M015,IT Services,9,5,131533.17,90585.26,40947.91,8848.07
S003215,2023-11-01,M015,IT Services,8,4,120797.05,80287.37,40509.68,10561.23
S003216,2023-12-01,M015,IT Services,10,6,179254.17,123441.05,55813.12,9532.09
S003217,2024-01-01,M015,IT Services,8,5,134824.74,90387.67,44437.07,3674.78
S003218,2024-02-01,M015,IT Services,8,5,118397.27,79249.28,39147.99,10427.11
S003219,2024-03-01,M015,IT Services,9,7,148802.72,100891.84,47910.88,7020.09
S003220,2024-04-01,M015,IT Services,7,5,128224.01,83076.44,45147.57,6824.21
S003221,2024-05-01,M015,IT Services,9,5,155194.81,109644.86,45549.95,4492.84
S003222,2024-06-01,M015,IT Services,10,5,167820.98,118063.09,49757.89,8573.33
S003223,2024-07-01,M015,IT Services,10,5,176076.56,118634.56,57442.0,15775.6
S003224,2024-08-01,M015,IT Services,9,5,135507.96,94275.51,41232.45,3432.39
S003225,2024-09-01,M015,IT Services,10,7,146138.85,99188.2,46950.65,5263.41
S003226,2024-10-01,M015,IT Services,11,7,168430.94,112468.61,55962.33,10309.99
S003227,2024-11-01,M015,IT Services,9,6,131331.37,89337.7,41993.67,11578.07
S003228,2024-12-01,M015,IT Services,10,6,154589.08,104787.18,49801.9,6443.8
S003229,2025-01-01,M015,IT Services,8,5,139237.71,94292.86,44944.85,11348.64
S003230,2025-02-01,M015,IT Services,9,6,163800.85,106442.53,57358.32,11025.02
S003231,2025-03-01,M015,IT Services,10,6,158697.09,108887.22,49809.87,6934.7
S003232,2025-04-01,M015,IT Services,8,4,143361.74,93713.31,49648.43,12345.24
S003233,2025-05-01,M015,IT Services,8,5,129518.38,89780.21,39738.17,8164.11
S003234,2025-06-01,M015,IT Services,10,7,171286.88,117202.6,54084.28,13204.84
S003235,2025-07-01,M015,IT Services,8,5,139953.72,96966.86,42986.86,5178.67
S003236,2025-08-01,M015,IT Services,9,6,156321.41,105729.1,50592.31,3462.42
S003237,2025-09-01,M015,IT Services,11,7,175098.31,115071.63,60026.68,4393.97
S003238,2025-10-01,M015,IT Services,11,8,187222.41,121815.64,65406.77,14842.18
S003239,2025-11-01,M015,IT Services,11,7,169265.27,109938.16,59327.11,7282.91
S003240,2025-12-01,M015,IT Services,11,6,185190.75,128627.86,56562.89,6679.48
S003241,2023-01-01,M016,Software,10,5,190085.8,128149.43,61936.37,15082.15
S003242,2023-02-01,M016,Software,11,6,220663.0,157154.73,63508.27,16582.55
S003243,2023-03-01,M016,Software,11,7,213600.19,146141.05,67459.14,11361.81
S003244,2023-04-01,M016,Software,9,6,179923.69,122549.7,57373.99,5767.9
S003245,2023-05-01,M016,Software,9,7,184498.22,124739.09,59759.13,9211.04
S003246,2023-06-01,M016,Software,11,6,204686.47,139616.21,65070.26,5038.77
S003247,2023-07-01,M016,Software,10,6,193705.96,134344.43,59361.53,4085.23
S003248,2023-08-01,M016,Software,11,8,217822.43,152600.1,65222.33,8029.95
S003249,2023-09-01,M016,Software,11,6,200796.42,138658.03,62138.39,13307.77
S003250,2023-10-01,M016,Software,12,8,237810.88,165153.45,72657.43,11840.83
S003251,2023-11-01,M016,Software,12,8,202770.19,144697.52,58072.67,13857.72
S003252,2023-12-01,M016,Software,10,7,176152.59,122448.34,53704.25,5161.12
S003253,2024-01-01,M016,Software,10,6,182223.64,121844.17,60379.47,8451.34
S003254,2024-02-01,M016,Software,9,5,175320.43,122074.4,53246.03,12682.49
S003255,2024-03-01,M016,Software,11,6,191456.08,136828.59,54627.49,14974.72
S003256,2024-04-01,M016,Software,11,7,186255.33,125634.43,60620.9,11130.79
S003257,2024-05-01,M016,Software,10,7,206339.87,144432.1,61907.77,11348.25
S003258,2024-06-01,M016,Software,11,8,224913.22,156178.59,68734.63,19980.93
S003259,2024-07-01,M016,Software,11,7,180644.12,125562.92,55081.2,15298.5
S003260,2024-08-01,M016,Software,10,5,198729.64,131418.75,67310.89,7174.41
S003261,2024-09-01,M016,Software,13,7,251062.4,171615.31,79447.09,12648.01
S003262,2024-10-01,M016,Software,11,8,203342.2,141990.35,61351.85,13624.56
S003263,2024-11-01,M016,Software,13,9,238729.52,163189.3,75540.22,4961.82
S003264,2024-12-01,M016,Software,11,6,196647.23,139267.84,57379.39,7907.87
S003265,2025-01-01,M016,Software,13,7,242952.4,173981.46,68970.94,15911.27
S003266,2025-02-01,M016,Software,12,6,221958.08,147211.89,74746.19,11937.16
S003267,2025-03-01,M016,Software,13,9,260688.55,182192.85,78495.7,8771.94
S003268,2025-04-01,M016,Software,11,8,207340.73,147278.98,60061.75,15614.29
S003269,2025-05-01,M016,Software,10,5,196789.26,130159.19,66630.07,15442.26
S003270,2025-06-01,M016,Software,12,7,214383.15,152069.43,62313.72,18445.97
S003271,2025-07-01,M016,Software,14,9,254364.7,169119.96,85244.74,5435.31
S003272,2025-08-01,M016,Software,13,8,267487.98,187377.07,80110.91,13252.89
S003273,2025-09-01,M016,Software,11,6,210241.59,150400.19,59841.4,8606.52
S003274,2025-10-01,M016,Software,12,6,239799.07,172652.23,67146.84,8569.38
S003275,2025-11-01,M016,Software,13,9,242286.75,161468.2,80818.55,15261.23
S003276,2025-12-01,M016,Software,16,11,314814.67,216770.69,98043.98,17817.09
S003277,2023-01-01,M016,Business Services,6,4,54403.6,37717.69,16685.91,2208.46
S003278,2023-02-01,M016,Business Services,5,3,46884.02,32711.44,14172.58,1460.5
S003279,2023-03-01,M016,Business Services,6,4,55727.39,38607.72,17119.67,3291.38
S003280,2023-04-01,M016,Business Services,6,4,50197.23,34743.93,15453.3,3400.81
S003281,2023-05-01,M016,Business Services,6,4,49580.75,32834.26,16746.49,3778.03
S003282,2023-06-01,M016,Business Services,6,3,59992.55,41668.48,18324.07,4965.91
S003283,2023-07-01,M016,Business Services,5,3,41923.17,30058.75,11864.42,1227.89
S003284,2023-08-01,M016,Business Services,7,5,62346.48,44350.56,17995.92,4001.03
S003285,2023-09-01,M016,Business Services,6,4,51121.42,33805.65,17315.77,4521.41
S003286,2023-10-01,M016,Business Services,7,3,71561.83,51112.27,20449.56,3277.39
S003287,2023-11-01,M016,Business Services,6,3,54823.3,37309.28,17514.02,2302.84
S003288,2023-12-01,M016,Business Services,8,5,73024.53,51319.01,21705.52,4890.27
S003289,2024-01-01,M016,Business Services,5,3,47273.89,33443.61,13830.28,1265.05
S003290,2024-02-01,M016,Business Services,7,5,65384.96,44279.99,21104.97,4093.01
S003291,2024-03-01,M016,Business Services,7,5,63562.94,42652.1,20910.84,1898.24
S003292,2024-04-01,M016,Business Services,7,4,65955.25,45334.79,20620.46,5064.14
S003293,2024-05-01,M016,Business Services,7,5,60863.26,42865.06,17998.2,2352.25
S003294,2024-06-01,M016,Business Services,6,4,53279.25,36124.34,17154.91,2878.54
S003295,2024-07-01,M016,Business Services,7,4,68977.16,46075.72,22901.44,5459.16
S003296,2024-08-01,M016,Business Services,6,4,53556.78,38037.65,15519.13,3734.06
S003297,2024-09-01,M016,Business Services,6,4,49455.49,33845.26,15610.23,4192.53
S003298,2024-10-01,M016,Business Services,8,5,81911.5,56351.96,25559.54,2849.62
S003299,2024-11-01,M016,Business Services,6,4,54945.04,36871.28,18073.76,1725.65
S003300,2024-12-01,M016,Business Services,8,5,77780.15,55041.34,22738.81,1583.14
S003301,2025-01-01,M016,Business Services,6,4,61361.82,43530.67,17831.15,2012.29
S003302,2025-02-01,M016,Business Services,7,5,60485.83,40439.31,20046.52,2986.67
S003303,2025-03-01,M016,Business Services,7,5,71256.09,50455.76,20800.33,3286.32
S003304,2025-04-01,M016,Business Services,7,3,62235.06,43200.31,19034.75,4285.57
S003305,2025-05-01,M016,Business Services,8,4,75138.5,54015.83,21122.67,4713.38
S003306,2025-06-01,M016,Business Services,8,6,66765.73,47362.07,19403.66,1738.06
S003307,2025-07-01,M016,Business Services,6,3,60481.51,42641.41,17840.1,2172.43
S003308,2025-08-01,M016,Business Services,8,5,65758.32,45673.8,20084.52,2233.99
S003309,2025-09-01,M016,Business Services,6,3,54407.54,36955.48,17452.06,1144.16
S003310,2025-10-01,M016,Business Services,9,5,87088.39,62675.64,24412.75,2269.84
S003311,2025-11-01,M016,Business Services,8,5,74911.94,50942.65,23969.29,3034.87
S003312,2025-12-01,M016,Business Services,9,5,84391.61,58103.58,26288.03,5191.51
S003313,2023-01-01,M016,Consulting,9,5,209897.16,141853.84,68043.32,18252.34
S003314,2023-02-01,M016,Consulting,9,5,243714.51,174977.31,68737.2,18403.42
S003315,2023-03-01,M016,Consulting,9,5,229170.09,162409.73,66760.36,17592.37
S003316,2023-04-01,M016,Consulting,8,6,216267.64,143740.86,72526.78,8228.37
S003317,2023-05-01,M016,Consulting,8,5,208074.02,145037.25,63036.77,7391.73
S003318,2023-06-01,M016,Consulting,8,5,194838.5,140020.53,54817.97,14585.03
S003319,2023-07-01,M016,Consulting,10,6,257751.12,183848.34,73902.78,9520.54
S003320,2023-08-01,M016,Consulting,10,5,258121.23,176745.39,81375.84,10095.27
S003321,2023-09-01,M016,Consulting,9,5,226646.26,152312.04,74334.22,13226.34
S003322,2023-10-01,M016,Consulting,12,9,336824.68,241253.01,95571.67,18605.05
S003323,2023-11-01,M016,Consulting,10,7,244869.97,165059.77,79810.2,20686.52
S003324,2023-12-01,M016,Consulting,11,7,305924.41,209482.82,96441.59,9071.57
S003325,2024-01-01,M016,Consulting,8,5,202275.8,138975.61,63300.19,7963.4
S003326,2024-02-01,M016,Consulting,8,5,210993.73,143802.01,67191.72,9599.27
S003327,2024-03-01,M016,Consulting,10,6,236423.27,167831.94,68591.33,14560.05
S003328,2024-04-01,M016,Consulting,10,6,272853.74,181946.63,90907.11,14880.6
S003329,2024-05-01,M016,Consulting,10,7,266630.15,185682.65,80947.5,21934.02
S003330,2024-06-01,M016,Consulting,9,5,208131.58,147177.03,60954.55,17878.14
S003331,2024-07-01,M016,Consulting,9,7,203574.18,138453.25,65120.93,8274.32
S003332,2024-08-01,M016,Consulting,11,7,251211.36,176491.51,74719.85,7981.82
S003333,2024-09-01,M016,Consulting,9,6,223365.88,150644.31,72721.57,17250.57
S003334,2024-10-01,M016,Consulting,13,9,299256.57,200809.41,98447.16,5998.75
S003335,2024-11-01,M016,Consulting,10,5,252358.59,171408.22,80950.37,19071.25
S003336,2024-12-01,M016,Consulting,12,9,274464.08,183856.49,90607.59,13513.97
S003337,2025-01-01,M016,Consulting,12,9,275920.49,184055.42,91865.07,9663.26
S003338,2025-02-01,M016,Consulting,11,6,307897.41,221192.5,86704.91,20268.07
S003339,2025-03-01,M016,Consulting,12,7,317528.74,221463.0,96065.74,7061.63
S003340,2025-04-01,M016,Consulting,10,7,255769.54,180649.8,75119.74,17723.02
S003341,2025-05-01,M016,Consulting,12,7,311305.84,222971.26,88334.58,21660.91
S003342,2025-06-01,M016,Consulting,11,7,249428.46,168173.64,81254.82,18100.96
S003343,2025-07-01,M016,Consulting,10,5,249541.9,179132.05,70409.85,15856.6
S003344,2025-08-01,M016,Consulting,13,9,293491.64,205972.95,87518.69,17764.6
S003345,2025-09-01,M016,Consulting,10,6,283605.48,202238.28,81367.2,14177.03
S003346,2025-10-01,M016,Consulting,12,8,327023.78,217230.31,109793.47,18965.18
S003347,2025-11-01,M016,Consulting,13,10,370127.21,266428.35,103698.86,16128.94
S003348,2025-12-01,M016,Consulting,13,10,370487.35,252654.02,117833.33,27118.77
S003349,2023-01-01,M016,Digital Solutions,6,4,78676.67,53663.84,25012.83,1962.69
S003350,2023-02-01,M016,Digital Solutions,6,4,87557.28,60857.26,26700.02,5699.0
S003351,2023-03-01,M016,Digital Solutions,7,4,110593.18,78505.11,32088.07,2666.99
S003352,2023-04-01,M016,Digital Solutions,7,5,99898.77,66237.41,33661.36,6861.21
S003353,2023-05-01,M016,Digital Solutions,6,4,81208.17,56944.23,24263.94,5698.05
S003354,2023-06-01,M016,Digital Solutions,8,5,116767.73,79137.99,37629.74,7084.73
S003355,2023-07-01,M016,Digital Solutions,8,5,107100.79,70747.22,36353.57,5821.39
S003356,2023-08-01,M016,Digital Solutions,7,5,92050.8,62602.41,29448.39,3245.49
S003357,2023-09-01,M016,Digital Solutions,7,5,89985.52,60573.84,29411.68,4190.07
S003358,2023-10-01,M016,Digital Solutions,7,5,92699.3,61806.89,30892.41,5340.1
S003359,2023-11-01,M016,Digital Solutions,7,3,92775.87,66540.85,26235.02,6417.49
S003360,2023-12-01,M016,Digital Solutions,7,5,95739.02,68143.27,27595.75,2382.19
S003361,2024-01-01,M016,Digital Solutions,8,4,101915.35,72777.94,29137.41,5047.14
S003362,2024-02-01,M016,Digital Solutions,8,5,100957.32,71301.95,29655.37,5842.5
S003363,2024-03-01,M016,Digital Solutions,9,6,121053.74,81044.03,40009.71,10071.64
S003364,2024-04-01,M016,Digital Solutions,6,3,80218.83,53631.49,26587.34,6812.69
S003365,2024-05-01,M016,Digital Solutions,7,5,111663.35,79929.94,31733.41,5801.77
S003366,2024-06-01,M016,Digital Solutions,8,6,116381.54,83715.72,32665.82,6003.0
S003367,2024-07-01,M016,Digital Solutions,9,6,116163.4,80850.32,35313.08,7150.06
S003368,2024-08-01,M016,Digital Solutions,8,4,102099.93,73266.41,28833.52,3759.2
S003369,2024-09-01,M016,Digital Solutions,8,6,123125.51,87848.16,35277.35,3681.77
S003370,2024-10-01,M016,Digital Solutions,8,5,102976.66,70859.95,32116.71,5399.65
S003371,2024-11-01,M016,Digital Solutions,7,4,88226.89,60620.26,27606.63,2325.52
S003372,2024-12-01,M016,Digital Solutions,8,4,120783.44,83756.53,37026.91,3945.42
S003373,2025-01-01,M016,Digital Solutions,8,6,103571.29,73340.46,30230.83,7331.71
S003374,2025-02-01,M016,Digital Solutions,7,4,110504.45,78186.38,32318.07,6249.89
S003375,2025-03-01,M016,Digital Solutions,10,7,150023.84,104166.44,45857.4,7555.42
S003376,2025-04-01,M016,Digital Solutions,9,6,120060.23,81963.4,38096.83,7025.52
S003377,2025-05-01,M016,Digital Solutions,7,4,95867.21,67622.57,28244.64,6549.52
S003378,2025-06-01,M016,Digital Solutions,8,5,103437.5,71760.88,31676.62,2390.65
S003379,2025-07-01,M016,Digital Solutions,7,5,96521.9,65111.74,31410.16,5545.03
S003380,2025-08-01,M016,Digital Solutions,9,6,120202.34,83330.19,36872.15,5563.04
S003381,2025-09-01,M016,Digital Solutions,10,6,146365.96,104556.95,41809.01,11161.78
S003382,2025-10-01,M016,Digital Solutions,9,7,123196.24,81753.67,41442.57,3291.58
S003383,2025-11-01,M016,Digital Solutions,10,5,152389.75,102124.12,50265.63,3623.55
S003384,2025-12-01,M016,Digital Solutions,10,7,144782.91,101046.36,43736.55,11395.54
S003385,2023-01-01,M016,SaaS,7,4,80891.2,54767.02,26124.18,4376.96
S003386,2023-02-01,M016,SaaS,6,3,67170.22,47379.08,19791.14,3811.44
S003387,2023-03-01,M016,SaaS,6,3,81962.75,55898.11,26064.64,5095.71
S003388,2023-04-01,M016,SaaS,6,3,67077.59,46822.72,20254.87,1402.81
S003389,2023-05-01,M016,SaaS,6,3,65712.74,47091.48,18621.26,4515.22
S003390,2023-06-01,M016,SaaS,6,3,77704.91,53638.27,24066.64,6180.19
S003391,2023-07-01,M016,SaaS,6,4,69186.59,48670.77,20515.82,1584.37
S003392,2023-08-01,M016,SaaS,8,4,88644.89,60325.32,28319.57,2064.76
S003393,2023-09-01,M016,SaaS,6,3,77079.27,54718.01,22361.26,3400.0
S003394,2023-10-01,M016,SaaS,8,4,106276.24,73098.4,33177.84,4772.88
S003395,2023-11-01,M016,SaaS,9,5,111706.26,74655.66,37050.6,2789.6
S003396,2023-12-01,M016,SaaS,7,4,88162.51,60421.53,27740.98,7215.42
S003397,2024-01-01,M016,SaaS,8,5,97672.24,66718.66,30953.58,6111.19
S003398,2024-02-01,M016,SaaS,8,4,104377.78,72255.85,32121.93,2959.45
S003399,2024-03-01,M016,SaaS,9,5,119937.97,84545.77,35392.2,9293.09
S003400,2024-04-01,M016,SaaS,6,3,67719.64,47027.86,20691.78,5153.61
S003401,2024-05-01,M016,SaaS,7,4,85823.81,59258.36,26565.45,3920.64
S003402,2024-06-01,M016,SaaS,8,5,106589.73,75773.15,30816.58,8902.24
S003403,2024-07-01,M016,SaaS,8,5,107782.19,73657.26,34124.93,7440.19
S003404,2024-08-01,M016,SaaS,9,5,111027.91,75945.64,35082.27,5031.44
S003405,2024-09-01,M016,SaaS,7,4,91624.41,61909.16,29715.25,6040.05
S003406,2024-10-01,M016,SaaS,8,5,109912.72,77102.84,32809.88,6850.44
S003407,2024-11-01,M016,SaaS,8,4,96403.97,63714.56,32689.41,6295.72
S003408,2024-12-01,M016,SaaS,8,5,89507.42,60018.0,29489.42,2634.05
S003409,2025-01-01,M016,SaaS,9,5,105178.98,70386.98,34792.0,3697.14
S003410,2025-02-01,M016,SaaS,8,4,106289.97,72384.68,33905.29,6995.82
S003411,2025-03-01,M016,SaaS,9,5,101285.25,71016.22,30269.03,8053.24
S003412,2025-04-01,M016,SaaS,9,7,111612.63,77010.43,34602.2,9938.32
S003413,2025-05-01,M016,SaaS,10,7,130197.16,93249.59,36947.57,3948.4
S003414,2025-06-01,M016,SaaS,8,5,106095.85,70604.47,35491.38,6583.77
S003415,2025-07-01,M016,SaaS,9,5,102627.36,69861.54,32765.82,3772.53
S003416,2025-08-01,M016,SaaS,8,6,110143.77,78998.87,31144.9,9713.31
S003417,2025-09-01,M016,SaaS,8,5,87782.48,60771.61,27010.87,3137.69
S003418,2025-10-01,M016,SaaS,9,5,119211.39,84513.13,34698.26,4394.37
S003419,2025-11-01,M016,SaaS,8,6,106760.15,73892.98,32867.17,5166.84
S003420,2025-12-01,M016,SaaS,9,6,107184.46,73787.31,33397.15,7604.04
S003421,2023-01-01,M016,IT Services,11,6,172956.31,118926.81,54029.5,10563.8
S003422,2023-02-01,M016,IT Services,12,8,185676.06,131221.97,54454.09,15430.45
S003423,2023-03-01,M016,IT Services,12,9,190103.65,128281.14,61822.51,8735.32
S003424,2023-04-01,M016,IT Services,11,8,175693.21,125844.06,49849.15,10827.15
S003425,2023-05-01,M016,IT Services,11,8,161197.61,108472.66,52724.95,6387.46
S003426,2023-06-01,M016,IT Services,10,6,158797.56,109971.94,48825.62,13272.0
S003427,2023-07-01,M016,IT Services,11,8,199621.25,142813.81,56807.44,8273.2
S003428,2023-08-01,M016,IT Services,10,6,174416.71,121421.36,52995.35,7433.07
S003429,2023-09-01,M016,IT Services,13,9,207847.89,147791.15,60056.74,6800.92
S003430,2023-10-01,M016,IT Services,14,8,226979.22,163254.86,63724.36,6711.69
S003431,2023-11-01,M016,IT Services,12,8,220190.36,148923.92,71266.44,10334.95
S003432,2023-12-01,M016,IT Services,14,8,257470.99,184766.18,72704.81,16876.34
S003433,2024-01-01,M016,IT Services,12,7,215868.51,154746.96,61121.55,16656.51
S003434,2024-02-01,M016,IT Services,11,6,171993.64,120998.16,50995.48,4112.12
S003435,2024-03-01,M016,IT Services,13,7,227256.63,153161.95,74094.68,19833.49
S003436,2024-04-01,M016,IT Services,13,7,214976.21,150822.04,64154.17,6135.15
S003437,2024-05-01,M016,IT Services,14,10,253106.14,169309.11,83797.03,7192.6
S003438,2024-06-01,M016,IT Services,12,8,177234.15,126962.02,50272.13,7029.03
S003439,2024-07-01,M016,IT Services,11,7,201056.28,136147.59,64908.69,16635.05
S003440,2024-08-01,M016,IT Services,12,9,211080.5,142687.4,68393.1,16694.34
S003441,2024-09-01,M016,IT Services,13,9,189727.69,130956.35,58771.34,12331.75
S003442,2024-10-01,M016,IT Services,12,8,211961.66,140301.43,71660.23,12088.72
S003443,2024-11-01,M016,IT Services,15,11,265221.35,178693.91,86527.44,13560.68
S003444,2024-12-01,M016,IT Services,14,9,224017.08,152294.61,71722.47,7433.12
S003445,2025-01-01,M016,IT Services,13,7,234573.39,164000.19,70573.2,5457.33
S003446,2025-02-01,M016,IT Services,14,10,247256.3,175359.18,71897.12,21083.55
S003447,2025-03-01,M016,IT Services,12,9,190439.41,133182.78,57256.63,12584.23
S003448,2025-04-01,M016,IT Services,11,6,165087.25,117505.82,47581.43,5360.83
S003449,2025-05-01,M016,IT Services,12,7,188149.85,131733.89,56415.96,16213.89
S003450,2025-06-01,M016,IT Services,12,6,187253.95,134534.39,52719.56,12819.59
S003451,2025-07-01,M016,IT Services,12,9,209427.06,144953.93,64473.13,13388.31
S003452,2025-08-01,M016,IT Services,12,9,216404.79,145490.58,70914.21,7329.22
S003453,2025-09-01,M016,IT Services,14,8,210233.78,148621.39,61612.39,6794.91
S003454,2025-10-01,M016,IT Services,16,11,242335.17,170597.96,71737.21,19366.5
S003455,2025-11-01,M016,IT Services,17,10,293701.28,210989.6,82711.68,13115.94
S003456,2025-12-01,M016,IT Services,17,12,259298.19,174890.89,84407.3,8253.03
S003457,2023-01-01,M017,Software,22,14,425631.74,284750.29,140881.45,24071.55
S003458,2023-02-01,M017,Software,21,11,374559.31,256955.51,117603.8,25673.98
S003459,2023-03-01,M017,Software,25,18,492959.1,330839.7,162119.4,17679.78
S003460,2023-04-01,M017,Software,21,14,432053.33,296290.31,135763.02,11412.54
S003461,2023-05-01,M017,Software,18,14,295290.5,197503.94,97786.56,18455.48
S003462,2023-06-01,M017,Software,23,13,424936.47,283476.69,141459.78,33887.75
S003463,2023-07-01,M017,Software,21,12,386636.56,257870.45,128766.11,10433.14
S003464,2023-08-01,M017,Software,23,18,474080.1,318077.26,156002.84,41430.91
S003465,2023-09-01,M017,Software,23,16,391528.6,259575.02,131953.58,31374.01
S003466,2023-10-01,M017,Software,25,19,453908.45,317757.29,136151.16,17407.25
S003467,2023-11-01,M017,Software,27,20,495534.88,335506.21,160028.67,36056.41
S003468,2023-12-01,M017,Software,22,13,452416.59,303391.22,149025.37,30927.02
S003469,2024-01-01,M017,Software,21,16,427106.23,293892.44,133213.79,27519.24
S003470,2024-02-01,M017,Software,25,15,517178.06,350836.2,166341.86,46198.1
S003471,2024-03-01,M017,Software,28,19,543986.72,379430.87,164555.85,36976.39
S003472,2024-04-01,M017,Software,26,15,533327.45,363676.86,169650.59,24742.07
S003473,2024-05-01,M017,Software,26,18,537387.8,360191.6,177196.2,35427.98
S003474,2024-06-01,M017,Software,27,16,546396.29,385221.05,161175.24,29240.5
S003475,2024-07-01,M017,Software,27,15,516102.15,355849.52,160252.63,20132.59
S003476,2024-08-01,M017,Software,26,17,433431.34,291170.02,142261.32,23400.82
S003477,2024-09-01,M017,Software,24,18,491376.01,345894.42,145481.59,32295.24
S003478,2024-10-01,M017,Software,26,14,498418.99,334332.03,164086.96,23413.57
S003479,2024-11-01,M017,Software,27,15,532722.23,371540.84,161181.39,19202.88
S003480,2024-12-01,M017,Software,31,20,553169.81,365864.0,187305.81,39349.64
S003481,2025-01-01,M017,Software,28,15,493720.98,341516.98,152204.0,37497.99
S003482,2025-02-01,M017,Software,30,21,535718.8,366049.77,169669.03,37728.85
S003483,2025-03-01,M017,Software,25,17,508310.1,344701.98,163608.12,25404.61
S003484,2025-04-01,M017,Software,23,18,382052.03,267762.61,114289.42,23484.64
S003485,2025-05-01,M017,Software,25,15,466551.2,316818.67,149732.53,15368.38
S003486,2025-06-01,M017,Software,27,14,454056.17,305496.83,148559.34,22894.32
S003487,2025-07-01,M017,Software,25,13,475059.3,330984.14,144075.16,12696.71
S003488,2025-08-01,M017,Software,30,17,527509.93,376667.43,150842.5,31655.95
S003489,2025-09-01,M017,Software,30,19,613795.71,418493.29,195302.42,35132.82
S003490,2025-10-01,M017,Software,32,20,599960.84,413368.93,186591.91,21054.64
S003491,2025-11-01,M017,Software,28,18,514567.96,340846.82,173721.14,31973.17
S003492,2025-12-01,M017,Software,34,19,650561.25,454154.86,196406.39,14300.82
S003493,2023-01-01,M017,Business Services,26,20,241883.76,165958.69,75925.07,14060.4
S003494,2023-02-01,M017,Business Services,24,18,244942.35,174899.19,70043.16,16642.77
S003495,2023-03-01,M017,Business Services,30,21,263841.8,175327.44,88514.36,6970.35
S003496,2023-04-01,M017,Business Services,27,17,230143.85,164513.45,65630.4,15430.67
S003497,2023-05-01,M017,Business Services,28,19,238246.41,158453.24,79793.17,5526.76
S003498,2023-06-01,M017,Business Services,23,13,229882.03,161854.36,68027.67,12422.89
S003499,2023-07-01,M017,Business Services,25,19,234171.02,160399.11,73771.91,19791.26
S003500,2023-08-01,M017,Business Services,26,18,210669.65,143856.17,66813.48,12490.26
S003501,2023-09-01,M017,Business Services,26,16,249524.8,170603.97,78920.83,11993.15
S003502,2023-10-01,M017,Business Services,30,20,305326.61,216992.21,88334.4,8009.29
S003503,2023-11-01,M017,Business Services,32,20,284224.23,198683.42,85540.81,6356.46
S003504,2023-12-01,M017,Business Services,33,18,297497.92,201935.7,95562.22,20507.19
S003505,2024-01-01,M017,Business Services,27,15,263601.22,188765.65,74835.57,15698.31
S003506,2024-02-01,M017,Business Services,29,22,263700.01,175148.12,88551.89,16995.28
S003507,2024-03-01,M017,Business Services,32,18,309308.07,207534.71,101773.36,10643.97
S003508,2024-04-01,M017,Business Services,30,20,291533.57,194847.85,96685.72,12968.44
S003509,2024-05-01,M017,Business Services,26,15,234791.24,157305.95,77485.29,9621.67
S003510,2024-06-01,M017,Business Services,33,25,312895.55,222959.95,89935.6,19854.33
S003511,2024-07-01,M017,Business Services,30,20,265639.45,180955.79,84683.66,22468.38
S003512,2024-08-01,M017,Business Services,29,19,254379.55,172322.93,82056.62,9748.02
S003513,2024-09-01,M017,Business Services,33,25,322640.68,218119.13,104521.55,12266.11
S003514,2024-10-01,M017,Business Services,28,21,265355.16,180794.78,84560.38,22544.63
S003515,2024-11-01,M017,Business Services,34,25,293948.04,205746.35,88201.69,23527.82
S003516,2024-12-01,M017,Business Services,31,20,266892.44,189615.08,77277.36,21723.75
S003517,2025-01-01,M017,Business Services,29,19,279010.41,194482.24,84528.17,16543.92
S003518,2025-02-01,M017,Business Services,28,15,247475.84,168978.41,78497.43,15437.72
S003519,2025-03-01,M017,Business Services,34,26,351007.03,244911.81,106095.22,20120.6
S003520,2025-04-01,M017,Business Services,35,23,351078.02,236548.13,114529.89,13145.21
S003521,2025-05-01,M017,Business Services,28,15,283135.62,195890.33,87245.29,8221.19
S003522,2025-06-01,M017,Business Services,34,19,312023.4,205998.19,106025.21,13378.83
S003523,2025-07-01,M017,Business Services,37,25,315743.64,219573.76,96169.88,23651.04
S003524,2025-08-01,M017,Business Services,32,21,301363.57,213711.56,87652.01,8678.15
S003525,2025-09-01,M017,Business Services,31,17,270500.1,184905.82,85594.28,11173.57
S003526,2025-10-01,M017,Business Services,41,24,388459.07,268656.12,119802.95,30147.23
S003527,2025-11-01,M017,Business Services,33,24,293716.03,195550.74,98165.29,8234.6
S003528,2025-12-01,M017,Business Services,40,26,401262.45,284679.32,116583.13,22877.4
S003529,2023-01-01,M017,Consulting,19,13,502075.53,355456.91,146618.62,43916.03
S003530,2023-02-01,M017,Consulting,21,13,578309.08,412312.32,165996.76,36239.09
S003531,2023-03-01,M017,Consulting,26,15,643580.63,434739.15,208841.48,24556.62
S003532,2023-04-01,M017,Consulting,20,12,460580.26,309035.23,151545.03,26687.3
S003533,2023-05-01,M017,Consulting,20,15,487077.93,325667.14,161410.79,38000.33
S003534,2023-06-01,M017,Consulting,19,13,443618.16,314560.11,129058.05,14924.73
S003535,2023-07-01,M017,Consulting,21,12,525863.29,366506.41,159356.88,11206.23
S003536,2023-08-01,M017,Consulting,20,13,522430.7,359362.36,163068.34,35797.08
S003537,2023-09-01,M017,Consulting,24,15,663233.16,469218.7,194014.46,14781.39
S003538,2023-10-01,M017,Consulting,26,20,690807.83,483734.96,207072.87,57200.99
S003539,2023-11-01,M017,Consulting,25,15,680197.38,486447.1,193750.28,20888.42
S003540,2023-12-01,M017,Consulting,27,15,719324.58,494059.26,225265.32,59163.58
S003541,2024-01-01,M017,Consulting,20,12,574193.37,387997.32,186196.05,45305.62
S003542,2024-02-01,M017,Consulting,20,12,549242.4,388689.46,160552.94,47403.71
S003543,2024-03-01,M017,Consulting,23,17,605115.91,408102.18,197013.73,28657.71
S003544,2024-04-01,M017,Consulting,21,15,568290.54,399413.63,168876.91,41550.18
S003545,2024-05-01,M017,Consulting,22,12,631677.24,439026.11,192651.13,22970.39
S003546,2024-06-01,M017,Consulting,22,12,550174.99,394525.2,155649.79,19303.9
S003547,2024-07-01,M017,Consulting,27,16,644533.81,433654.16,210879.65,34025.73
S003548,2024-08-01,M017,Consulting,21,15,560480.49,382957.59,177522.9,29111.69
S003549,2024-09-01,M017,Consulting,28,15,779782.99,519428.79,260354.2,41708.38
S003550,2024-10-01,M017,Consulting,28,20,685158.02,487502.74,197655.28,16420.9
S003551,2024-11-01,M017,Consulting,26,16,594108.13,424248.89,169859.24,19078.54
S003552,2024-12-01,M017,Consulting,26,18,710057.15,501700.74,208356.41,22682.0
S003553,2025-01-01,M017,Consulting,22,13,621211.22,438043.5,183167.72,14453.52
S003554,2025-02-01,M017,Consulting,27,17,767229.98,541336.99,225892.99,58819.66
S003555,2025-03-01,M017,Consulting,31,24,700674.69,479859.26,220815.43,22010.36
S003556,2025-04-01,M017,Consulting,24,17,583901.11,414841.19,169059.92,14068.68
S003557,2025-05-01,M017,Consulting,30,21,846804.72,570015.26,276789.46,69282.89
S003558,2025-06-01,M017,Consulting,27,20,624643.36,445146.25,179497.11,40572.78
S003559,2025-07-01,M017,Consulting,29,18,699706.58,464571.76,235134.82,52524.3
S003560,2025-08-01,M017,Consulting,29,22,820275.75,541876.45,278399.3,37062.73
S003561,2025-09-01,M017,Consulting,28,19,791087.18,527532.66,263554.52,53346.71
S003562,2025-10-01,M017,Consulting,32,20,894441.97,591624.47,302817.5,27628.09
S003563,2025-11-01,M017,Consulting,32,24,836986.66,584957.89,252028.77,39312.78
S003564,2025-12-01,M017,Consulting,34,21,819128.52,563583.35,255545.17,58784.62
S003565,2023-01-01,M017,Digital Solutions,24,16,340315.04,239501.9,100813.14,8624.14
S003566,2023-02-01,M017,Digital Solutions,22,12,283818.36,187441.81,96376.55,16224.22
S003567,2023-03-01,M017,Digital Solutions,31,17,466212.46,334065.1,132147.36,27364.77
S003568,2023-04-01,M017,Digital Solutions,28,20,357699.67,254889.58,102810.09,31591.98
S003569,2023-05-01,M017,Digital Solutions,22,16,343647.45,235977.16,107670.29,23557.38
S003570,2023-06-01,M017,Digital Solutions,28,21,411429.89,279258.58,132171.31,25156.05
S003571,2023-07-01,M017,Digital Solutions,27,16,373743.69,259187.76,114555.93,26709.71
S003572,2023-08-01,M017,Digital Solutions,29,16,375755.4,251053.52,124701.88,31327.53
S003573,2023-09-01,M017,Digital Solutions,30,22,404226.2,279341.88,124884.32,13228.36
S003574,2023-10-01,M017,Digital Solutions,25,19,328094.68,217979.29,110115.39,10607.41
S003575,2023-11-01,M017,Digital Solutions,31,22,418883.03,297551.13,121331.9,19593.26
S003576,2023-12-01,M017,Digital Solutions,34,26,516464.51,339673.78,176790.73,29836.41
S003577,2024-01-01,M017,Digital Solutions,25,19,340762.42,233139.12,107623.3,28398.82
S003578,2024-02-01,M017,Digital Solutions,24,16,345959.45,238059.71,107899.74,20967.82
S003579,2024-03-01,M017,Digital Solutions,29,17,367512.17,245341.06,122171.11,29479.14
S003580,2024-04-01,M017,Digital Solutions,29,18,416909.91,282899.08,134010.83,26200.88
S003581,2024-05-01,M017,Digital Solutions,32,19,479569.55,329660.96,149908.59,30536.1
S003582,2024-06-01,M017,Digital Solutions,33,21,489103.33,327773.66,161329.67,42226.25
S003583,2024-07-01,M017,Digital Solutions,30,18,402483.0,269140.06,133342.94,34005.68
S003584,2024-08-01,M017,Digital Solutions,29,21,381641.82,259181.19,122460.63,11736.54
S003585,2024-09-01,M017,Digital Solutions,29,22,400852.9,265614.31,135238.59,30731.98
S003586,2024-10-01,M017,Digital Solutions,29,20,423529.52,302081.07,121448.45,12944.61
S003587,2024-11-01,M017,Digital Solutions,31,17,490860.57,350917.7,139942.87,36226.66
S003588,2024-12-01,M017,Digital Solutions,30,17,411363.34,289207.78,122155.56,28416.65
S003589,2025-01-01,M017,Digital Solutions,30,19,426643.6,298996.99,127646.61,13137.15
S003590,2025-02-01,M017,Digital Solutions,30,22,453885.59,316560.15,137325.44,39386.77
S003591,2025-03-01,M017,Digital Solutions,29,18,399425.29,268874.15,130551.14,22370.23
S003592,2025-04-01,M017,Digital Solutions,33,22,427014.59,286050.99,140963.6,11737.71
S003593,2025-05-01,M017,Digital Solutions,34,25,433213.25,291966.96,141246.29,24870.9
S003594,2025-06-01,M017,Digital Solutions,36,26,473386.27,334558.8,138827.47,12241.56
S003595,2025-07-01,M017,Digital Solutions,36,20,558033.3,393149.34,164883.96,25696.27
S003596,2025-08-01,M017,Digital Solutions,31,22,486452.78,340650.1,145802.68,28059.98
S003597,2025-09-01,M017,Digital Solutions,37,25,535584.22,384059.97,151524.25,21882.26
S003598,2025-10-01,M017,Digital Solutions,31,22,402506.28,272578.46,129927.82,23723.33
S003599,2025-11-01,M017,Digital Solutions,32,20,437426.61,291157.24,146269.37,34371.85
S003600,2025-12-01,M017,Digital Solutions,32,23,423098.07,301789.13,121308.94,35578.16
S003601,2023-01-01,M017,SaaS,19,12,252618.77,174015.65,78603.12,18773.54
S003602,2023-02-01,M017,SaaS,21,14,244551.45,173585.79,70965.66,17711.74
S003603,2023-03-01,M017,SaaS,22,12,266332.73,177206.63,89126.1,10848.69
S003604,2023-04-01,M017,SaaS,17,11,220057.81,150468.3,69589.51,6632.13
S003605,2023-05-01,M017,SaaS,17,10,199187.55,131750.18,67437.37,7948.09
S003606,2023-06-01,M017,SaaS,20,13,263750.26,175226.72,88523.54,18803.21
S003607,2023-07-01,M017,SaaS,22,17,275111.23,195139.79,79971.44,22176.41
S003608,2023-08-01,M017,SaaS,17,13,206372.19,145930.51,60441.68,9996.17
S003609,2023-09-01,M017,SaaS,21,16,244294.16,170771.21,73522.95,6536.69
S003610,2023-10-01,M017,SaaS,20,14,222653.62,153758.62,68895.0,5341.66
S003611,2023-11-01,M017,SaaS,25,16,271570.26,189798.1,81772.16,8626.81
S003612,2023-12-01,M017,SaaS,19,10,258566.03,181637.4,76928.63,14931.39
S003613,2024-01-01,M017,SaaS,19,12,254959.19,167720.04,87239.15,16375.16
S003614,2024-02-01,M017,SaaS,20,11,230656.31,159006.99,71649.32,8406.51
S003615,2024-03-01,M017,SaaS,24,18,299026.85,199543.71,99483.14,14728.59
S003616,2024-04-01,M017,SaaS,24,14,315241.45,221815.98,93425.47,7682.86
S003617,2024-05-01,M017,SaaS,21,14,254028.32,179587.38,74440.94,18528.84
S003618,2024-06-01,M017,SaaS,25,19,283298.28,195744.55,87553.73,23306.23
S003619,2024-07-01,M017,SaaS,25,16,336971.76,235203.09,101768.67,27562.09
S003620,2024-08-01,M017,SaaS,20,15,240450.54,168897.03,71553.51,13320.02
S003621,2024-09-01,M017,SaaS,23,17,314879.78,224315.02,90564.76,22829.72
S003622,2024-10-01,M017,SaaS,27,16,328444.94,220869.35,107575.59,19263.46
S003623,2024-11-01,M017,SaaS,28,16,384144.39,256989.64,127154.75,25533.19
S003624,2024-12-01,M017,SaaS,27,16,309874.32,215091.95,94782.37,8348.16
S003625,2025-01-01,M017,SaaS,24,16,329098.78,223313.16,105785.62,10886.08
S003626,2025-02-01,M017,SaaS,25,18,274747.55,188535.13,86212.42,19116.19
S003627,2025-03-01,M017,SaaS,28,21,304061.93,217331.32,86730.61,16346.22
S003628,2025-04-01,M017,SaaS,23,16,277551.94,192995.46,84556.48,12744.18
S003629,2025-05-01,M017,SaaS,25,13,337414.05,232779.79,104634.26,9120.84
S003630,2025-06-01,M017,SaaS,26,16,340885.31,236871.04,104014.27,17963.37
S003631,2025-07-01,M017,SaaS,24,15,292366.39,201086.7,91279.69,8112.24
S003632,2025-08-01,M017,SaaS,29,18,387430.91,269727.5,117703.41,22421.11
S003633,2025-09-01,M017,SaaS,24,17,272030.05,189913.27,82116.78,24305.15
S003634,2025-10-01,M017,SaaS,30,17,359171.03,244135.15,115035.88,31152.29
S003635,2025-11-01,M017,SaaS,27,17,305436.01,216796.24,88639.77,18397.09
S003636,2025-12-01,M017,SaaS,25,15,285310.5,198177.97,87132.53,17552.98
S003637,2023-01-01,M017,IT Services,21,13,352996.89,246345.85,106651.04,22584.47
S003638,2023-02-01,M017,IT Services,20,13,311828.92,207612.65,104216.27,25044.76
S003639,2023-03-01,M017,IT Services,22,13,358615.8,252282.6,106333.2,17514.94
S003640,2023-04-01,M017,IT Services,25,19,366292.91,250497.6,115795.31,23190.56
S003641,2023-05-01,M017,IT Services,24,16,398711.6,276433.67,122277.93,16542.36
S003642,2023-06-01,M017,IT Services,26,15,411002.11,285510.18,125491.93,24647.18
S003643,2023-07-01,M017,IT Services,24,13,394469.66,278402.35,116067.31,30034.44
S003644,2023-08-01,M017,IT Services,28,16,454948.85,307062.5,147886.35,23695.32
S003645,2023-09-01,M017,IT Services,29,18,463845.49,321209.06,142636.43,35525.88
S003646,2023-10-01,M017,IT Services,24,15,420134.95,289734.41,130400.54,16202.7
S003647,2023-11-01,M017,IT Services,26,19,391733.19,272646.53,119086.66,29941.83
S003648,2023-12-01,M017,IT Services,32,20,482675.37,341609.47,141065.9,42987.53
S003649,2024-01-01,M017,IT Services,24,14,389633.37,265497.14,124136.23,15698.9
S003650,2024-02-01,M017,IT Services,28,15,497265.14,332346.41,164918.73,28555.4
S003651,2024-03-01,M017,IT Services,27,18,471978.62,310388.57,161590.05,38422.92
S003652,2024-04-01,M017,IT Services,28,16,477761.24,315355.36,162405.88,25690.53
S003653,2024-05-01,M017,IT Services,29,19,445087.5,308579.28,136508.22,23661.24
S003654,2024-06-01,M017,IT Services,31,22,459542.3,311780.14,147762.16,40852.1
S003655,2024-07-01,M017,IT Services,26,15,474253.66,334300.54,139953.12,39867.61
S003656,2024-08-01,M017,IT Services,24,14,410847.08,287926.66,122920.42,30067.46
S003657,2024-09-01,M017,IT Services,28,19,500577.14,347093.39,153483.75,32614.33
S003658,2024-10-01,M017,IT Services,27,21,427403.13,288568.5,138834.63,25241.18
S003659,2024-11-01,M017,IT Services,34,20,549205.39,378996.61,170208.78,43456.95
S003660,2024-12-01,M017,IT Services,37,24,617083.37,424404.78,192678.59,33069.29
S003661,2025-01-01,M017,IT Services,32,17,475944.34,326462.71,149481.63,23326.59
S003662,2025-02-01,M017,IT Services,31,17,460411.82,323488.67,136923.15,22993.37
S003663,2025-03-01,M017,IT Services,37,21,566977.08,404105.0,162872.08,23365.76
S003664,2025-04-01,M017,IT Services,35,20,587342.84,387761.37,199581.47,31643.89
S003665,2025-05-01,M017,IT Services,33,26,548938.64,391584.03,157354.61,42430.22
S003666,2025-06-01,M017,IT Services,30,18,436634.32,290844.65,145789.67,32515.42
S003667,2025-07-01,M017,IT Services,28,21,471663.57,322510.0,149153.57,25204.79
S003668,2025-08-01,M017,IT Services,30,19,453391.25,323692.54,129698.71,14805.95
S003669,2025-09-01,M017,IT Services,33,20,503640.04,350388.49,153251.55,33337.67
S003670,2025-10-01,M017,IT Services,35,19,573846.55,393902.06,179944.49,27094.64
S003671,2025-11-01,M017,IT Services,36,25,565297.96,391998.67,173299.29,35079.43
S003672,2025-12-01,M017,IT Services,34,19,601676.17,404028.93,197647.24,21519.36
S003673,2023-01-01,M018,Software,7,5,122455.3,89578.41,32876.89,4319.16
S003674,2023-02-01,M018,Software,6,4,121485.71,83968.66,37517.05,8731.37
S003675,2023-03-01,M018,Software,7,5,143214.9,106499.05,36715.85,3545.9
S003676,2023-04-01,M018,Software,7,4,142478.77,103468.87,39009.9,9165.87
S003677,2023-05-01,M018,Software,7,4,137730.63,99161.14,38569.49,8014.61
S003678,2023-06-01,M018,Software,6,3,105866.6,77103.32,28763.28,6223.9
S003679,2023-07-01,M018,Software,6,4,105442.39,76833.35,28609.04,4664.69
S003680,2023-08-01,M018,Software,8,5,144218.89,107652.18,36566.71,6192.53
S003681,2023-09-01,M018,Software,7,3,115496.64,81766.92,33729.72,2732.16
S003682,2023-10-01,M018,Software,9,5,158294.81,109756.04,48538.77,8132.65
S003683,2023-11-01,M018,Software,8,5,157128.69,114093.93,43034.76,7065.06
S003684,2023-12-01,M018,Software,7,4,130061.12,95256.89,34804.23,9267.82
S003685,2024-01-01,M018,Software,7,5,127929.19,90725.39,37203.8,5247.61
S003686,2024-02-01,M018,Software,9,6,153877.27,108508.57,45368.7,12785.84
S003687,2024-03-01,M018,Software,8,5,147179.89,105948.76,41231.13,5233.3
S003688,2024-04-01,M018,Software,7,4,116019.1,85279.95,30739.15,7910.95
S003689,2024-05-01,M018,Software,8,5,162663.99,121448.87,41215.12,8116.72
S003690,2024-06-01,M018,Software,7,4,130250.86,90954.82,39296.04,10934.9
S003691,2024-07-01,M018,Software,8,5,146877.08,105209.97,41667.11,3036.68
S003692,2024-08-01,M018,Software,10,6,176218.64,121865.0,54353.64,5763.72
S003693,2024-09-01,M018,Software,9,5,159031.95,115688.37,43343.58,13495.57
S003694,2024-10-01,M018,Software,11,7,218085.96,156697.26,61388.7,5911.63
S003695,2024-11-01,M018,Software,10,5,181118.51,129771.77,51346.74,7331.25
S003696,2024-12-01,M018,Software,11,7,214593.42,153297.3,61296.12,9983.53
S003697,2025-01-01,M018,Software,9,6,169648.44,117348.92,52299.52,7078.99
S003698,2025-02-01,M018,Software,9,5,169600.26,122508.29,47091.97,13942.18
S003699,2025-03-01,M018,Software,11,7,226297.6,160283.72,66013.88,14182.39
S003700,2025-04-01,M018,Software,10,7,193027.22,134063.18,58964.04,11052.47
S003701,2025-05-01,M018,Software,10,6,187984.77,135288.41,52696.36,6838.26
S003702,2025-06-01,M018,Software,12,8,203241.19,148377.51,54863.68,11751.65
S003703,2025-07-01,M018,Software,10,6,202707.09,141492.0,61215.09,8237.33
S003704,2025-08-01,M018,Software,10,7,196941.55,138972.29,57969.26,14293.19
S003705,2025-09-01,M018,Software,12,8,233506.65,168771.68,64734.97,11830.11
S003706,2025-10-01,M018,Software,12,9,238889.8,177062.73,61827.07,10272.63
S003707,2025-11-01,M018,Software,13,8,241014.11,179441.48,61572.63,17336.82
S003708,2025-12-01,M018,Software,14,7,235837.93,168451.12,67386.81,14354.63
S003709,2023-01-01,M018,Business Services,12,9,120034.67,88599.45,31435.22,9290.7
S003710,2023-02-01,M018,Business Services,11,7,104922.62,77877.58,27045.04,5417.13
S003711,2023-03-01,M018,Business Services,11,6,97222.11,70256.19,26965.92,3980.99
S003712,2023-04-01,M018,Business Services,14,10,138942.88,102150.03,36792.85,10509.13
S003713,2023-05-01,M018,Business Services,11,7,110727.75,79633.66,31094.09,5246.87
S003714,2023-06-01,M018,Business Services,13,7,126538.99,91878.91,34660.08,4390.19
S003715,2023-07-01,M018,Business Services,13,9,130130.95,90394.76,39736.19,3348.81
S003716,2023-08-01,M018,Business Services,12,9,110475.47,79556.28,30919.19,4336.95
S003717,2023-09-01,M018,Business Services,15,10,151453.39,104375.59,47077.8,11456.67
S003718,2023-10-01,M018,Business Services,15,11,149975.21,108307.83,41667.38,11880.23
S003719,2023-11-01,M018,Business Services,16,10,150375.32,106770.15,43605.17,4563.36
S003720,2023-12-01,M018,Business Services,16,12,150667.24,105626.88,45040.36,11338.06
S003721,2024-01-01,M018,Business Services,12,9,105653.19,75866.97,29786.22,7666.2
S003722,2024-02-01,M018,Business Services,15,9,146778.83,107725.11,39053.72,9808.57
S003723,2024-03-01,M018,Business Services,14,10,114029.22,83522.39,30506.83,3253.28
S003724,2024-04-01,M018,Business Services,13,9,105605.23,78708.8,26896.43,6049.56
S003725,2024-05-01,M018,Business Services,16,12,140665.46,102204.58,38460.88,5916.45
S003726,2024-06-01,M018,Business Services,13,9,106536.18,73653.18,32883.0,6091.56
S003727,2024-07-01,M018,Business Services,17,12,170426.14,124552.66,45873.48,3918.12
S003728,2024-08-01,M018,Business Services,15,11,131602.62,96159.14,35443.48,4535.14
S003729,2024-09-01,M018,Business Services,14,8,135360.54,99492.85,35867.69,7408.72
S003730,2024-10-01,M018,Business Services,17,11,172699.23,119599.74,53099.49,11797.86
S003731,2024-11-01,M018,Business Services,18,12,168818.17,118229.97,50588.2,6236.08
S003732,2024-12-01,M018,Business Services,19,13,180688.49,130181.21,50507.28,15951.17
S003733,2025-01-01,M018,Business Services,19,14,172291.13,122292.78,49998.35,14971.04
S003734,2025-02-01,M018,Business Services,17,10,162587.8,120224.97,42362.83,12588.98
S003735,2025-03-01,M018,Business Services,17,11,144812.11,102614.3,42197.81,11788.5
S003736,2025-04-01,M018,Business Services,15,9,134759.95,98176.74,36583.21,3096.93
S003737,2025-05-01,M018,Business Services,16,10,138239.43,99113.46,39125.97,7186.45
S003738,2025-06-01,M018,Business Services,20,13,180982.09,132794.26,48187.83,8411.09
S003739,2025-07-01,M018,Business Services,16,12,140219.47,100828.23,39391.24,6511.76
S003740,2025-08-01,M018,Business Services,17,9,164658.42,117324.48,47333.94,3696.14
S003741,2025-09-01,M018,Business Services,17,13,155364.89,115704.49,39660.4,10008.98
S003742,2025-10-01,M018,Business Services,19,12,188875.28,140323.52,48551.76,9192.87
S003743,2025-11-01,M018,Business Services,20,15,205350.06,141701.48,63648.58,13727.55
S003744,2025-12-01,M018,Business Services,22,12,226716.4,156048.07,70668.33,6799.16
S003745,2023-01-01,M018,Consulting,9,7,231137.44,160397.11,70740.33,14876.75
S003746,2023-02-01,M018,Consulting,10,6,258054.28,186454.72,71599.56,15854.45
S003747,2023-03-01,M018,Consulting,12,9,313150.84,226191.35,86959.49,7247.33
S003748,2023-04-01,M018,Consulting,10,6,272260.72,202247.94,70012.78,21840.4
S003749,2023-05-01,M018,Consulting,11,7,247747.07,172982.46,74764.61,13724.18
S003750,2023-06-01,M018,Consulting,11,6,289689.54,207145.6,82543.94,11261.27
S003751,2023-07-01,M018,Consulting,10,7,231992.86,169404.6,62588.26,18137.45
S003752,2023-08-01,M018,Consulting,12,8,336956.75,234504.07,102452.68,18319.39
S003753,2023-09-01,M018,Consulting,11,8,248962.52,185693.7,63268.82,19026.48
S003754,2023-10-01,M018,Consulting,14,11,384023.17,281586.35,102436.82,30238.01
S003755,2023-11-01,M018,Consulting,13,9,354710.41,244717.15,109993.26,14668.94
S003756,2023-12-01,M018,Consulting,11,7,283436.82,196053.35,87383.47,15458.43
S003757,2024-01-01,M018,Consulting,12,7,326055.97,243077.35,82978.62,11598.18
S003758,2024-02-01,M018,Consulting,11,7,299817.44,214300.64,85516.8,23403.15
S003759,2024-03-01,M018,Consulting,11,8,289096.7,209641.74,79454.96,8062.96
S003760,2024-04-01,M018,Consulting,14,8,387266.66,286655.11,100611.55,34022.43
S003761,2024-05-01,M018,Consulting,11,6,256660.27,180604.25,76056.02,8131.03
S003762,2024-06-01,M018,Consulting,11,6,292545.6,204203.6,88342.0,23664.7
S003763,2024-07-01,M018,Consulting,14,9,378364.1,268322.94,110041.16,19798.95
S003764,2024-08-01,M018,Consulting,11,8,252057.08,174220.8,77836.28,17217.99
S003765,2024-09-01,M018,Consulting,14,10,338809.75,244519.53,94290.22,10560.45
S003766,2024-10-01,M018,Consulting,14,10,388516.51,282216.37,106300.14,9388.43
S003767,2024-11-01,M018,Consulting,15,10,346761.63,251699.53,95062.1,10441.34
S003768,2024-12-01,M018,Consulting,16,10,406561.61,293961.49,112600.12,29059.6
S003769,2025-01-01,M018,Consulting,14,10,401009.31,296639.82,104369.49,24142.18
S003770,2025-02-01,M018,Consulting,13,7,298847.95,214441.49,84406.46,12222.38
S003771,2025-03-01,M018,Consulting,14,8,338188.79,250667.03,87521.76,22049.24
S003772,2025-04-01,M018,Consulting,13,8,301265.44,222185.14,79080.3,7113.85
S003773,2025-05-01,M018,Consulting,13,8,327569.22,238815.17,88754.05,11483.87
S003774,2025-06-01,M018,Consulting,15,8,374939.65,273506.29,101433.36,11956.25
S003775,2025-07-01,M018,Consulting,17,9,386234.47,279430.37,106804.1,28797.76
S003776,2025-08-01,M018,Consulting,14,10,351234.15,244435.27,106798.88,21069.44
S003777,2025-09-01,M018,Consulting,14,11,366046.83,251986.12,114060.71,19231.82
S003778,2025-10-01,M018,Consulting,18,10,415775.22,292042.05,123733.17,18022.89
S003779,2025-11-01,M018,Consulting,19,15,430587.13,308078.07,122509.06,27158.64
S003780,2025-12-01,M018,Consulting,16,11,363460.73,259833.81,103626.92,11346.28
S003781,2023-01-01,M018,Digital Solutions,8,5,101955.18,73240.42,28714.76,8352.37
S003782,2023-02-01,M018,Digital Solutions,8,5,105997.86,73064.02,32933.84,8231.15
S003783,2023-03-01,M018,Digital Solutions,8,6,122457.27,89688.79,32768.48,9241.15
S003784,2023-04-01,M018,Digital Solutions,9,5,118666.29,87369.79,31296.5,10384.36
S003785,2023-05-01,M018,Digital Solutions,8,4,107991.39,75863.16,32128.23,2566.47
S003786,2023-06-01,M018,Digital Solutions,9,6,137326.65,96868.59,40458.06,10307.23
S003787,2023-07-01,M018,Digital Solutions,9,5,117943.08,85706.49,32236.59,2485.98
S003788,2023-08-01,M018,Digital Solutions,8,4,117255.97,85962.66,31293.31,3509.95
S003789,2023-09-01,M018,Digital Solutions,9,7,136408.4,98596.05,37812.35,5641.36
S003790,2023-10-01,M018,Digital Solutions,10,7,142606.11,99627.15,42978.96,9011.52
S003791,2023-11-01,M018,Digital Solutions,9,5,133608.91,94727.02,38881.89,3554.82
S003792,2023-12-01,M018,Digital Solutions,11,7,141637.76,101375.4,40262.36,10946.32
S003793,2024-01-01,M018,Digital Solutions,10,5,159973.61,111315.43,48658.18,13815.53
S003794,2024-02-01,M018,Digital Solutions,10,6,144901.75,100636.7,44265.05,3273.89
S003795,2024-03-01,M018,Digital Solutions,9,6,116878.86,87087.02,29791.84,6731.25
S003796,2024-04-01,M018,Digital Solutions,11,6,169608.79,122157.26,47451.53,8195.88
S003797,2024-05-01,M018,Digital Solutions,10,6,147232.76,106000.47,41232.29,7207.58
S003798,2024-06-01,M018,Digital Solutions,10,6,156758.29,117041.99,39716.3,10536.12
S003799,2024-07-01,M018,Digital Solutions,9,5,144872.51,107534.7,37337.81,7970.02
S003800,2024-08-01,M018,Digital Solutions,9,5,114144.52,83639.64,30504.88,5785.13
S003801,2024-09-01,M018,Digital Solutions,11,8,176203.75,122350.97,53852.78,3925.3
S003802,2024-10-01,M018,Digital Solutions,11,8,143629.24,102555.73,41073.51,3311.06
S003803,2024-11-01,M018,Digital Solutions,11,8,168017.51,124970.99,43046.52,12399.26
S003804,2024-12-01,M018,Digital Solutions,13,7,191460.79,140076.88,51383.91,5542.8
S003805,2025-01-01,M018,Digital Solutions,10,6,134066.14,96557.11,37509.03,7466.18
S003806,2025-02-01,M018,Digital Solutions,10,7,127367.54,88808.7,38558.84,4544.49
S003807,2025-03-01,M018,Digital Solutions,14,9,189841.73,132708.77,57132.96,13290.65
S003808,2025-04-01,M018,Digital Solutions,10,5,131827.49,96551.62,35275.87,7173.62
S003809,2025-05-01,M018,Digital Solutions,13,7,164461.79,122024.03,42437.76,3306.39
S003810,2025-06-01,M018,Digital Solutions,11,6,140946.94,97097.0,43849.94,7939.51
S003811,2025-07-01,M018,Digital Solutions,11,6,166101.21,118263.79,47837.42,6104.07
S003812,2025-08-01,M018,Digital Solutions,11,6,158472.08,114433.36,44038.72,11801.44
S003813,2025-09-01,M018,Digital Solutions,14,8,182236.44,134071.22,48165.22,3939.95
S003814,2025-10-01,M018,Digital Solutions,16,12,223131.05,163550.18,59580.87,14267.96
S003815,2025-11-01,M018,Digital Solutions,15,8,214959.79,159893.35,55066.44,15466.68
S003816,2025-12-01,M018,Digital Solutions,15,10,229600.05,167930.7,61669.35,16485.49
S003817,2023-01-01,M018,SaaS,10,6,129991.66,91749.69,38241.97,11599.08
S003818,2023-02-01,M018,SaaS,12,9,160797.63,115879.9,44917.73,8619.08
S003819,2023-03-01,M018,SaaS,11,6,120471.85,89520.41,30951.44,9290.25
S003820,2023-04-01,M018,SaaS,13,8,167087.58,117419.54,49668.04,4730.56
S003821,2023-05-01,M018,SaaS,10,7,136592.77,94624.49,41968.28,3650.92
S003822,2023-06-01,M018,SaaS,13,8,166223.96,119867.05,46356.91,7622.47
S003823,2023-07-01,M018,SaaS,11,7,143854.58,107253.83,36600.75,5989.13
S003824,2023-08-01,M018,SaaS,13,7,150531.2,111193.16,39338.04,3137.47
S003825,2023-09-01,M018,SaaS,11,6,126692.73,90277.74,36414.99,2799.66
S003826,2023-10-01,M018,SaaS,12,9,151459.54,106449.24,45010.3,9199.7
S003827,2023-11-01,M018,SaaS,14,10,169341.58,117979.63,51361.95,4023.01
S003828,2023-12-01,M018,SaaS,12,7,161324.44,117938.02,43386.42,12374.86
S003829,2024-01-01,M018,SaaS,14,9,155047.29,111358.02,43689.27,13093.05
S003830,2024-02-01,M018,SaaS,14,9,176251.47,129337.47,46914.0,15469.63
S003831,2024-03-01,M018,SaaS,13,10,145888.8,104989.27,40899.53,8032.02
S003832,2024-04-01,M018,SaaS,12,7,141291.42,98332.69,42958.73,5074.92
S003833,2024-05-01,M018,SaaS,15,10,170669.4,120576.97,50092.43,14775.27
S003834,2024-06-01,M018,SaaS,13,10,141078.48,99527.98,41550.5,4396.42
S003835,2024-07-01,M018,SaaS,12,8,163815.04,118094.2,45720.84,7083.54
S003836,2024-08-01,M018,SaaS,14,10,190607.26,138285.66,52321.6,14303.38
S003837,2024-09-01,M018,SaaS,17,10,184512.84,134276.18,50236.66,15214.52
S003838,2024-10-01,M018,SaaS,14,7,170715.23,119188.86,51526.37,4076.12
S003839,2024-11-01,M018,SaaS,16,8,176892.15,127626.53,49265.62,10006.08
S003840,2024-12-01,M018,SaaS,16,8,207523.5,152018.9,55504.6,6703.98
S003841,2025-01-01,M018,SaaS,18,10,234090.44,174002.66,60087.78,11682.31
S003842,2025-02-01,M018,SaaS,15,8,191468.88,134730.81,56738.07,10964.39
S003843,2025-03-01,M018,SaaS,16,10,193410.39,141747.73,51662.66,6906.14
S003844,2025-04-01,M018,SaaS,18,13,243726.11,178659.81,65066.3,10198.47
S003845,2025-05-01,M018,SaaS,17,13,199178.54,139118.69,60059.85,5995.84
S003846,2025-06-01,M018,SaaS,16,12,213702.25,150829.07,62873.18,16618.6
S003847,2025-07-01,M018,SaaS,14,9,165181.64,113679.76,51501.88,9075.98
S003848,2025-08-01,M018,SaaS,18,12,205467.72,150343.47,55124.25,11183.05
S003849,2025-09-01,M018,SaaS,16,9,199600.04,142337.05,57262.99,10854.62
S003850,2025-10-01,M018,SaaS,19,11,258791.47,189748.94,69042.53,18752.48
S003851,2025-11-01,M018,SaaS,17,11,232188.42,165191.49,66996.93,20683.48
S003852,2025-12-01,M018,SaaS,20,15,258215.54,183603.03,74612.51,11510.16
S003853,2023-01-01,M018,IT Services,10,5,149200.88,111425.29,37775.59,12972.64
S003854,2023-02-01,M018,IT Services,11,7,202302.75,149489.2,52813.55,10305.27
S003855,2023-03-01,M018,IT Services,13,8,219624.36,157294.59,62329.77,17150.65
S003856,2023-04-01,M018,IT Services,12,8,203477.37,144366.45,59110.92,4589.42
S003857,2023-05-01,M018,IT Services,13,7,213733.51,153425.59,60307.92,11506.58
S003858,2023-06-01,M018,IT Services,11,6,168752.91,124817.36,43935.55,12963.37
S003859,2023-07-01,M018,IT Services,11,6,176848.15,129476.76,47371.39,8221.36
S003860,2023-08-01,M018,IT Services,10,5,147475.23,108429.36,39045.87,7417.66
S003861,2023-09-01,M018,IT Services,11,8,174076.33,123457.55,50618.78,10486.05
S003862,2023-10-01,M018,IT Services,12,9,204476.39,144030.05,60446.34,8140.99
S003863,2023-11-01,M018,IT Services,15,11,222064.52,162199.36,59865.16,12105.63
S003864,2023-12-01,M018,IT Services,12,8,198297.43,141904.81,56392.62,4000.95
S003865,2024-01-01,M018,IT Services,13,7,198918.06,144897.9,54020.16,14963.98
S003866,2024-02-01,M018,IT Services,13,9,229127.16,167547.16,61580.0,13054.85
S003867,2024-03-01,M018,IT Services,13,9,215115.7,160774.11,54341.59,10403.13
S003868,2024-04-01,M018,IT Services,15,8,266804.53,196579.85,70224.68,23880.99
S003869,2024-05-01,M018,IT Services,12,7,214951.81,151854.88,63096.93,14177.32
S003870,2024-06-01,M018,IT Services,13,9,196897.38,145623.61,51273.77,5570.71
S003871,2024-07-01,M018,IT Services,14,8,243262.55,175020.97,68241.58,4936.62
S003872,2024-08-01,M018,IT Services,16,10,236830.73,173265.09,63565.64,19197.65
S003873,2024-09-01,M018,IT Services,14,11,212947.6,147263.68,65683.92,14676.5
S003874,2024-10-01,M018,IT Services,14,9,247972.03,179822.83,68149.2,20797.25
S003875,2024-11-01,M018,IT Services,14,8,217057.26,161512.63,55544.63,7529.71
S003876,2024-12-01,M018,IT Services,18,12,267607.9,185777.76,81830.14,18274.98
S003877,2025-01-01,M018,IT Services,17,11,276531.16,201019.87,75511.29,13562.71
S003878,2025-02-01,M018,IT Services,17,9,287663.18,204550.74,83112.44,24426.03
S003879,2025-03-01,M018,IT Services,19,14,325564.46,235972.49,89591.97,23632.04
S003880,2025-04-01,M018,IT Services,14,9,207117.24,150508.13,56609.11,16399.14
S003881,2025-05-01,M018,IT Services,17,12,267148.66,189589.93,77558.73,5519.24
S003882,2025-06-01,M018,IT Services,15,9,242252.97,169869.58,72383.39,13834.5
S003883,2025-07-01,M018,IT Services,18,10,325628.93,234871.82,90757.11,21921.24
S003884,2025-08-01,M018,IT Services,19,12,273863.2,190624.15,83239.05,14448.68
S003885,2025-09-01,M018,IT Services,19,13,309164.07,230181.8,78982.27,8472.6
S003886,2025-10-01,M018,IT Services,16,11,237508.36,172130.42,65377.94,20975.87
S003887,2025-11-01,M018,IT Services,17,13,290825.54,215369.96,75455.58,17788.49
S003888,2025-12-01,M018,IT Services,23,14,376317.72,261554.69,114763.03,12741.21
S003889,2023-01-01,M019,Software,5,3,90432.57,66540.06,23892.51,7503.82
S003890,2023-02-01,M019,Software,5,3,93308.17,67594.69,25713.48,6544.85
S003891,2023-03-01,M019,Software,6,3,120612.55,86120.99,34491.56,2536.62
S003892,2023-04-01,M019,Software,6,4,105115.33,76934.35,28180.98,3095.3
S003893,2023-05-01,M019,Software,7,5,118511.48,86922.77,31588.71,5611.43
S003894,2023-06-01,M019,Software,5,3,94555.46,69007.06,25548.4,5541.33
S003895,2023-07-01,M019,Software,7,4,134391.03,92084.11,42306.92,10221.69
S003896,2023-08-01,M019,Software,7,4,127163.32,92244.99,34918.33,4732.2
S003897,2023-09-01,M019,Software,7,5,124887.33,91032.13,33855.2,10168.71
S003898,2023-10-01,M019,Software,6,3,117066.6,85964.79,31101.81,9672.68
S003899,2023-11-01,M019,Software,8,5,129758.83,95978.02,33780.81,4571.53
S003900,2023-12-01,M019,Software,7,5,143482.22,103727.12,39755.1,10571.64
S003901,2024-01-01,M019,Software,8,4,160147.25,116293.96,43853.29,10992.29
S003902,2024-02-01,M019,Software,7,5,131603.45,92295.28,39308.17,10511.11
S003903,2024-03-01,M019,Software,7,4,113721.9,84014.61,29707.29,8154.01
S003904,2024-04-01,M019,Software,7,5,139042.49,97744.59,41297.9,5006.13
S003905,2024-05-01,M019,Software,6,3,99124.24,70633.58,28490.66,4513.22
S003906,2024-06-01,M019,Software,8,5,143572.85,100708.9,42863.95,10036.33
S003907,2024-07-01,M019,Software,7,5,142875.12,105120.38,37754.74,5184.52
S003908,2024-08-01,M019,Software,8,4,141330.66,103625.21,37705.45,11537.18
S003909,2024-09-01,M019,Software,7,4,121576.67,90406.54,31170.13,6606.58
S003910,2024-10-01,M019,Software,9,6,162991.69,120866.39,42125.3,6911.5
S003911,2024-11-01,M019,Software,8,5,156400.56,115558.69,40841.87,4345.07
S003912,2024-12-01,M019,Software,9,5,163986.12,117014.06,46972.06,12545.36
S003913,2025-01-01,M019,Software,7,4,137499.92,98156.38,39343.54,3697.7
S003914,2025-02-01,M019,Software,8,4,160346.95,115829.75,44517.2,11764.64
S003915,2025-03-01,M019,Software,10,6,172218.72,121758.83,50459.89,5294.96
S003916,2025-04-01,M019,Software,9,5,175694.9,130619.76,45075.14,13004.78
S003917,2025-05-01,M019,Software,8,5,134688.47,95020.85,39667.62,6856.72
S003918,2025-06-01,M019,Software,7,4,139447.67,99263.13,40184.54,6319.18
S003919,2025-07-01,M019,Software,10,7,183630.8,136565.21,47065.59,13347.15
S003920,2025-08-01,M019,Software,9,6,154568.78,110238.54,44330.24,6411.93
S003921,2025-09-01,M019,Software,8,4,136285.65,96836.14,39449.51,10561.27
S003922,2025-10-01,M019,Software,11,7,194253.72,138219.51,56034.21,6347.19
S003923,2025-11-01,M019,Software,9,6,159259.4,116296.74,42962.66,7582.33
S003924,2025-12-01,M019,Software,10,7,202207.63,140565.89,61641.74,11350.64
S003925,2023-01-01,M019,Business Services,5,3,43320.06,29657.66,13662.4,2845.66
S003926,2023-02-01,M019,Business Services,5,3,45880.14,31568.1,14312.04,3598.77
S003927,2023-03-01,M019,Business Services,6,3,58409.49,43340.64,15068.85,2807.28
S003928,2023-04-01,M019,Business Services,6,3,56750.52,39559.27,17191.25,3236.54
S003929,2023-05-01,M019,Business Services,6,4,56799.65,40236.09,16563.56,3807.14
S003930,2023-06-01,M019,Business Services,5,3,50833.38,36366.15,14467.23,2416.46
S003931,2023-07-01,M019,Business Services,6,3,57967.94,42363.57,15604.37,4313.94
S003932,2023-08-01,M019,Business Services,6,3,48942.89,35018.13,13924.76,3836.98
S003933,2023-09-01,M019,Business Services,7,4,65798.94,47936.65,17862.29,5723.82
S003934,2023-10-01,M019,Business Services,7,5,63457.76,44385.04,19072.72,1308.4
S003935,2023-11-01,M019,Business Services,6,4,52942.53,37642.88,15299.65,3789.21
S003936,2023-12-01,M019,Business Services,7,5,64572.03,45480.67,19091.36,2442.65
S003937,2024-01-01,M019,Business Services,7,3,67795.3,46484.34,21310.96,5300.38
S003938,2024-02-01,M019,Business Services,7,4,59549.61,41482.47,18067.14,2868.56
S003939,2024-03-01,M019,Business Services,8,5,68512.36,47107.6,21404.76,2214.63
S003940,2024-04-01,M019,Business Services,8,4,66659.17,48640.84,18018.33,5233.69
S003941,2024-05-01,M019,Business Services,8,5,73621.72,53037.44,20584.28,6464.71
S003942,2024-06-01,M019,Business Services,6,3,59122.41,40998.84,18123.57,4836.97
S003943,2024-07-01,M019,Business Services,7,4,69885.11,49496.05,20389.06,4105.2
S003944,2024-08-01,M019,Business Services,6,3,49998.13,35473.17,14524.96,3024.93
S003945,2024-09-01,M019,Business Services,7,5,59521.95,40818.68,18703.27,1941.18
S003946,2024-10-01,M019,Business Services,8,6,75035.5,53798.62,21236.88,2003.14
S003947,2024-11-01,M019,Business Services,10,6,96268.69,67399.47,28869.22,7510.67
S003948,2024-12-01,M019,Business Services,7,4,70376.54,50040.16,20336.38,5760.16
S003949,2025-01-01,M019,Business Services,9,7,89226.02,61460.94,27765.08,7554.73
S003950,2025-02-01,M019,Business Services,8,5,80787.1,58579.94,22207.16,6939.24
S003951,2025-03-01,M019,Business Services,8,4,68125.49,50011.46,18114.03,2237.77
S003952,2025-04-01,M019,Business Services,10,6,86037.23,59433.48,26603.75,6589.06
S003953,2025-05-01,M019,Business Services,8,4,72784.82,54059.71,18725.11,6122.05
S003954,2025-06-01,M019,Business Services,7,4,65564.44,47762.78,17801.66,4782.02
S003955,2025-07-01,M019,Business Services,8,4,80657.58,58149.83,22507.75,5072.75
S003956,2025-08-01,M019,Business Services,10,6,96724.82,67430.65,29294.17,6028.84
S003957,2025-09-01,M019,Business Services,8,5,82643.52,58974.03,23669.49,4782.11
S003958,2025-10-01,M019,Business Services,9,6,75286.93,53247.21,22039.72,3340.05
S003959,2025-11-01,M019,Business Services,9,7,84305.05,59835.87,24469.18,2426.36
S003960,2025-12-01,M019,Business Services,10,6,89890.49,63271.01,26619.48,2877.86
S003961,2023-01-01,M019,Consulting,7,4,200253.83,144039.92,56213.91,7716.63
S003962,2023-02-01,M019,Consulting,7,4,158523.53,115304.81,43218.72,8781.66
S003963,2023-03-01,M019,Consulting,7,4,157622.03,114889.28,42732.75,14116.66
S003964,2023-04-01,M019,Consulting,7,5,158449.39,108803.34,49646.05,3282.45
S003965,2023-05-01,M019,Consulting,7,4,199492.59,146560.53,52932.06,12299.02
S003966,2023-06-01,M019,Consulting,6,4,168904.44,123401.21,45503.23,14545.16
S003967,2023-07-01,M019,Consulting,8,4,181628.72,127057.08,54571.64,10910.36
S003968,2023-08-01,M019,Consulting,6,3,168703.21,118920.54,49782.67,5646.5
S003969,2023-09-01,M019,Consulting,7,3,164840.06,116286.63,48553.43,3766.86
S003970,2023-10-01,M019,Consulting,9,6,247801.54,174611.66,73189.88,21841.17
S003971,2023-11-01,M019,Consulting,7,5,167398.09,117891.56,49506.53,7197.99
S003972,2023-12-01,M019,Consulting,9,6,215214.54,152434.14,62780.4,11901.48
S003973,2024-01-01,M019,Consulting,8,5,214757.13,149575.99,65181.14,7206.15
S003974,2024-02-01,M019,Consulting,9,5,211623.82,155540.99,56082.83,10070.75
S003975,2024-03-01,M019,Consulting,8,5,180362.12,129183.33,51178.79,7985.96
S003976,2024-04-01,M019,Consulting,9,6,238787.41,165084.94,73702.47,18676.93
S003977,2024-05-01,M019,Consulting,9,6,207588.71,152947.67,54641.04,4987.79
S003978,2024-06-01,M019,Consulting,9,6,224596.23,165855.42,58740.81,14109.36
S003979,2024-07-01,M019,Consulting,9,7,209132.12,146092.09,63040.03,11449.76
S003980,2024-08-01,M019,Consulting,8,5,195449.5,138046.32,57403.18,6098.75
S003981,2024-09-01,M019,Consulting,10,6,262206.1,192988.37,69217.73,17007.79
S003982,2024-10-01,M019,Consulting,10,7,246368.61,183091.05,63277.56,6613.82
S003983,2024-11-01,M019,Consulting,9,5,206775.76,144276.71,62499.05,11106.59
S003984,2024-12-01,M019,Consulting,9,5,255608.67,187948.61,67660.06,10015.99
S003985,2025-01-01,M019,Consulting,9,6,231114.15,170809.2,60304.95,8697.11
S003986,2025-02-01,M019,Consulting,8,6,215060.98,158590.56,56470.42,10710.17
S003987,2025-03-01,M019,Consulting,10,7,226653.11,162796.98,63856.13,7045.23
S003988,2025-04-01,M019,Consulting,11,7,265964.85,195876.09,70088.76,10355.01
S003989,2025-05-01,M019,Consulting,9,6,206032.2,149469.15,56563.05,16524.65
S003990,2025-06-01,M019,Consulting,10,6,241931.61,175929.7,66001.91,7202.35
S003991,2025-07-01,M019,Consulting,11,6,263846.19,193789.48,70056.71,14833.36
S003992,2025-08-01,M019,Consulting,10,7,253812.22,175734.37,78077.85,13358.05
S003993,2025-09-01,M019,Consulting,12,7,325593.67,239506.11,86087.56,10006.4
S003994,2025-10-01,M019,Consulting,10,6,269262.25,188284.95,80977.3,20424.26
S003995,2025-11-01,M019,Consulting,11,8,301896.16,217196.79,84699.37,21590.64
S003996,2025-12-01,M019,Consulting,14,8,362489.01,258657.04,103831.97,18196.78
S003997,2023-01-01,M019,Digital Solutions,6,3,79988.36,55837.37,24150.99,2552.5
S003998,2023-02-01,M019,Digital Solutions,6,4,83040.09,58582.97,24457.12,5250.27
S003999,2023-03-01,M019,Digital Solutions,5,3,75537.2,54683.7,20853.5,6587.03
S004000,2023-04-01,M019,Digital Solutions,5,3,68837.01,49163.9,19673.11,5156.38
S004001,2023-05-01,M019,Digital Solutions,6,4,93020.39,66648.1,26372.29,8193.82
S004002,2023-06-01,M019,Digital Solutions,6,3,92268.43,63858.85,28409.58,6938.36
S004003,2023-07-01,M019,Digital Solutions,5,3,69963.23,48380.96,21582.27,4261.82
S004004,2023-08-01,M019,Digital Solutions,5,3,66792.36,48812.42,17979.94,5426.39
S004005,2023-09-01,M019,Digital Solutions,7,3,102547.25,71180.75,31366.5,3192.47
S004006,2023-10-01,M019,Digital Solutions,6,3,91454.62,65481.24,25973.38,4086.82
S004007,2023-11-01,M019,Digital Solutions,8,6,112160.58,81811.72,30348.86,10006.97
S004008,2023-12-01,M019,Digital Solutions,7,4,92823.22,67726.49,25096.73,7579.65
S004009,2024-01-01,M019,Digital Solutions,7,4,111371.22,81476.42,29894.8,4142.77
S004010,2024-02-01,M019,Digital Solutions,6,3,87641.35,63070.33,24571.02,6587.5
S004011,2024-03-01,M019,Digital Solutions,8,5,111843.73,82080.83,29762.9,5708.16
S004012,2024-04-01,M019,Digital Solutions,6,3,81107.8,59521.98,21585.82,3567.8
S004013,2024-05-01,M019,Digital Solutions,8,6,110916.58,77159.38,33757.2,2736.62
S004014,2024-06-01,M019,Digital Solutions,8,5,101325.37,70714.57,30610.8,2557.55
S004015,2024-07-01,M019,Digital Solutions,8,4,106948.97,75532.08,31416.89,3642.2
S004016,2024-08-01,M019,Digital Solutions,8,4,109140.6,77688.55,31452.05,2846.28
S004017,2024-09-01,M019,Digital Solutions,8,5,100962.09,69341.43,31620.66,8839.87
S004018,2024-10-01,M019,Digital Solutions,9,5,128704.39,88321.63,40382.76,6177.58
S004019,2024-11-01,M019,Digital Solutions,8,6,121754.14,89350.15,32403.99,2902.92
S004020,2024-12-01,M019,Digital Solutions,10,7,139682.28,97372.98,42309.3,7934.02
S004021,2025-01-01,M019,Digital Solutions,9,4,131431.95,91699.57,39732.38,4224.55
S004022,2025-02-01,M019,Digital Solutions,8,4,123932.55,89670.42,34262.13,9916.75
S004023,2025-03-01,M019,Digital Solutions,10,6,156357.13,108807.93,47549.2,7618.6
S004024,2025-04-01,M019,Digital Solutions,7,5,103321.84,72427.25,30894.59,2740.17
S004025,2025-05-01,M019,Digital Solutions,8,4,106401.39,73411.48,32989.91,4727.16
S004026,2025-06-01,M019,Digital Solutions,10,6,158038.76,109963.0,48075.76,5137.43
S004027,2025-07-01,M019,Digital Solutions,9,6,129885.81,92556.18,37329.63,6418.39
S004028,2025-08-01,M019,Digital Solutions,10,5,156052.86,108691.71,47361.15,5862.99
S004029,2025-09-01,M019,Digital Solutions,9,6,114817.59,80446.55,34371.04,5740.84
S004030,2025-10-01,M019,Digital Solutions,9,5,124115.7,88704.97,35410.73,6317.07
S004031,2025-11-01,M019,Digital Solutions,12,9,171965.4,123974.97,47990.43,5711.83
S004032,2025-12-01,M019,Digital Solutions,10,5,156877.17,110005.7,46871.47,5544.59
S004033,2023-01-01,M019,SaaS,6,3,73731.78,51401.48,22330.3,3257.07
S004034,2023-02-01,M019,SaaS,6,4,73817.7,52212.98,21604.72,2796.73
S004035,2023-03-01,M019,SaaS,6,4,67779.14,49915.87,17863.27,5021.74
S004036,2023-04-01,M019,SaaS,6,3,79957.2,55347.09,24610.11,4730.17
S004037,2023-05-01,M019,SaaS,5,3,56594.35,40461.74,16132.61,4039.48
S004038,2023-06-01,M019,SaaS,6,4,82426.55,56395.65,26030.9,3603.96
S004039,2023-07-01,M019,SaaS,6,3,80741.45,57560.78,23180.67,6948.0
S004040,2023-08-01,M019,SaaS,6,3,69813.49,49098.24,20715.25,4279.4
S004041,2023-09-01,M019,SaaS,5,3,62723.27,43732.07,18991.2,3597.44
S004042,2023-10-01,M019,SaaS,6,3,70285.04,51644.45,18640.59,4530.32
S004043,2023-11-01,M019,SaaS,8,4,97334.66,72161.1,25173.56,5507.05
S004044,2023-12-01,M019,SaaS,7,4,83919.77,59290.21,24629.56,4863.68
S004045,2024-01-01,M019,SaaS,7,4,93578.92,68940.36,24638.56,3551.18
S004046,2024-02-01,M019,SaaS,7,4,89868.17,63560.34,26307.83,3268.4
S004047,2024-03-01,M019,SaaS,8,6,109552.22,75375.06,34177.16,7245.62
S004048,2024-04-01,M019,SaaS,8,4,95346.41,68177.62,27168.79,5971.07
S004049,2024-05-01,M019,SaaS,6,3,72950.61,53944.8,19005.81,2311.48
S004050,2024-06-01,M019,SaaS,8,4,98808.56,69568.27,29240.29,6800.53
S004051,2024-07-01,M019,SaaS,8,6,95641.41,67083.21,28558.2,3494.08
S004052,2024-08-01,M019,SaaS,7,5,76298.59,56305.73,19992.86,2743.13
S004053,2024-09-01,M019,SaaS,7,4,84520.92,60394.57,24126.35,2940.41
S004054,2024-10-01,M019,SaaS,8,5,102380.93,70165.25,32215.68,4946.9
S004055,2024-11-01,M019,SaaS,9,6,100446.55,74328.53,26118.02,3295.91
S004056,2024-12-01,M019,SaaS,8,5,106982.92,79025.45,27957.47,6950.26
S004057,2025-01-01,M019,SaaS,9,6,118019.63,83926.98,34092.65,7705.85
S004058,2025-02-01,M019,SaaS,8,4,104638.26,75818.28,28819.98,8013.58
S004059,2025-03-01,M019,SaaS,8,5,91325.91,64739.35,26586.56,3774.28
S004060,2025-04-01,M019,SaaS,9,6,115927.19,85334.87,30592.32,6406.14
S004061,2025-05-01,M019,SaaS,9,5,117231.06,82401.1,34829.96,10503.67
S004062,2025-06-01,M019,SaaS,8,4,102497.9,71970.03,30527.87,3040.45
S004063,2025-07-01,M019,SaaS,10,7,109760.48,79343.07,30417.41,6505.77
S004064,2025-08-01,M019,SaaS,10,7,124351.95,88052.17,36299.78,8783.0
S004065,2025-09-01,M019,SaaS,8,5,90883.66,62498.11,28385.55,2261.27
S004066,2025-10-01,M019,SaaS,11,7,150551.19,111073.48,39477.71,3167.31
S004067,2025-11-01,M019,SaaS,9,6,112896.57,82414.98,30481.59,6280.2
S004068,2025-12-01,M019,SaaS,11,7,137499.46,98475.8,39023.66,4287.46
S004069,2023-01-01,M019,IT Services,5,3,91315.51,66675.65,24639.86,6764.93
S004070,2023-02-01,M019,IT Services,5,2,86750.75,64136.85,22613.9,4977.11
S004071,2023-03-01,M019,IT Services,7,4,108147.61,76602.41,31545.2,4373.01
S004072,2023-04-01,M019,IT Services,5,3,83827.17,60792.96,23034.21,5577.93
S004073,2023-05-01,M019,IT Services,7,4,122390.32,90747.34,31642.98,5039.31
S004074,2023-06-01,M019,IT Services,7,4,101339.78,71032.76,30307.02,7525.1
S004075,2023-07-01,M019,IT Services,6,3,87042.82,61523.86,25518.96,2835.36
S004076,2023-08-01,M019,IT Services,6,4,96940.54,66318.91,30621.63,3692.7
S004077,2023-09-01,M019,IT Services,6,3,110384.14,77039.3,33344.84,9258.18
S004078,2023-10-01,M019,IT Services,7,4,122817.79,89989.01,32828.78,8451.86
S004079,2023-11-01,M019,IT Services,8,5,141504.83,97429.0,44075.83,10008.29
S004080,2023-12-01,M019,IT Services,6,4,107040.78,73251.73,33789.05,6891.42
S004081,2024-01-01,M019,IT Services,8,4,122297.41,84487.19,37810.22,10005.39
S004082,2024-02-01,M019,IT Services,7,5,122041.46,90221.38,31820.08,3320.37
S004083,2024-03-01,M019,IT Services,8,4,139916.76,103434.93,36481.83,9244.56
S004084,2024-04-01,M019,IT Services,8,5,118180.92,80846.19,37334.73,10135.64
S004085,2024-05-01,M019,IT Services,8,4,116940.77,84190.88,32749.89,3616.43
S004086,2024-06-01,M019,IT Services,8,4,143354.74,99805.75,43548.99,8016.74
S004087,2024-07-01,M019,IT Services,7,4,125951.12,93412.45,32538.67,3097.3
S004088,2024-08-01,M019,IT Services,7,4,105436.92,78102.63,27334.29,6170.04
S004089,2024-09-01,M019,IT Services,8,5,141853.55,104198.08,37655.47,6076.64
S004090,2024-10-01,M019,IT Services,10,7,144769.62,100301.94,44467.68,8039.78
S004091,2024-11-01,M019,IT Services,9,5,149938.09,108329.54,41608.55,7899.47
S004092,2024-12-01,M019,IT Services,8,4,132474.78,93974.82,38499.96,8142.37
S004093,2025-01-01,M019,IT Services,7,4,125841.7,92558.43,33283.27,4027.48
S004094,2025-02-01,M019,IT Services,8,5,115697.79,79367.02,36330.77,3394.9
S004095,2025-03-01,M019,IT Services,8,5,129801.26,93734.18,36067.08,9905.46
S004096,2025-04-01,M019,IT Services,10,6,170900.71,125943.88,44956.83,6774.98
S004097,2025-05-01,M019,IT Services,8,6,127407.53,92122.99,35284.54,8273.18
S004098,2025-06-01,M019,IT Services,8,5,141482.25,100887.2,40595.05,2887.78
S004099,2025-07-01,M019,IT Services,8,5,124647.52,90209.33,34438.19,8232.03
S004100,2025-08-01,M019,IT Services,8,5,127165.92,90093.15,37072.77,2708.6
S004101,2025-09-01,M019,IT Services,8,6,145818.38,103751.49,42066.89,5454.35
S004102,2025-10-01,M019,IT Services,9,6,150115.54,106327.46,43788.08,11580.72
S004103,2025-11-01,M019,IT Services,11,6,174975.79,127673.31,47302.48,3508.94
S004104,2025-12-01,M019,IT Services,12,7,190820.77,132043.67,58777.1,14032.93
S004105,2023-01-01,M020,Software,5,3,96714.03,70184.87,26529.16,5327.61
S004106,2023-02-01,M020,Software,5,3,90891.35,65644.73,25246.62,7808.85
S004107,2023-03-01,M020,Software,7,5,140921.67,105666.47,35255.2,5501.36
S004108,2023-04-01,M020,Software,7,4,118026.41,85136.78,32889.63,8283.03
S004109,2023-05-01,M020,Software,6,4,111179.81,79692.21,31487.6,7767.13
S004110,2023-06-01,M020,Software,6,4,123139.72,87927.83,35211.89,2794.14
S004111,2023-07-01,M020,Software,6,3,118137.5,89596.59,28540.91,5734.71
S004112,2023-08-01,M020,Software,6,3,112899.87,82892.99,30006.88,6087.8
S004113,2023-09-01,M020,Software,7,5,141910.0,100513.9,41396.1,3339.83
S004114,2023-10-01,M020,Software,6,4,107647.69,76445.7,31201.99,5247.94
S004115,2023-11-01,M020,Software,7,3,126534.02,89150.85,37383.17,6549.32
S004116,2023-12-01,M020,Software,8,5,135969.15,102487.08,33482.07,6307.18
S004117,2024-01-01,M020,Software,8,6,163727.39,121099.04,42628.35,5043.2
S004118,2024-02-01,M020,Software,8,5,163848.57,120115.7,43732.87,5746.75
S004119,2024-03-01,M020,Software,8,5,160745.81,116410.35,44335.46,9007.19
S004120,2024-04-01,M020,Software,8,5,136342.48,102963.37,33379.11,6867.3
S004121,2024-05-01,M020,Software,7,4,129943.54,91367.38,38576.16,11217.62
S004122,2024-06-01,M020,Software,8,6,158871.54,112153.57,46717.97,5403.21
S004123,2024-07-01,M020,Software,8,4,157119.69,110813.1,46306.59,14042.25
S004124,2024-08-01,M020,Software,7,3,141649.35,101644.11,40005.24,3325.49
S004125,2024-09-01,M020,Software,9,6,183462.82,130076.54,53386.28,11592.24
S004126,2024-10-01,M020,Software,9,5,177892.58,132471.53,45421.05,11793.11
S004127,2024-11-01,M020,Software,10,7,194899.01,143063.94,51835.07,6868.42
S004128,2024-12-01,M020,Software,8,4,158814.99,115925.79,42889.2,4869.49
S004129,2025-01-01,M020,Software,9,6,151162.01,111207.81,39954.2,8738.71
S004130,2025-02-01,M020,Software,9,6,161341.65,114518.07,46823.58,12102.77
S004131,2025-03-01,M020,Software,11,6,223175.24,160679.56,62495.68,19611.18
S004132,2025-04-01,M020,Software,9,5,153197.38,110364.93,42832.45,5553.24
S004133,2025-05-01,M020,Software,9,6,163078.36,120142.74,42935.62,12398.52
S004134,2025-06-01,M020,Software,9,5,182482.63,132161.35,50321.28,15342.44
S004135,2025-07-01,M020,Software,9,7,177259.91,133915.08,43344.83,15692.78
S004136,2025-08-01,M020,Software,8,6,142920.78,104651.87,38268.91,11655.8
S004137,2025-09-01,M020,Software,8,5,138456.18,104716.42,33739.76,7116.63
S004138,2025-10-01,M020,Software,10,5,185678.65,136383.24,49295.41,16427.35
S004139,2025-11-01,M020,Software,10,7,203190.84,150100.59,53090.25,15033.5
S004140,2025-12-01,M020,Software,12,6,207787.08,157203.93,50583.15,11293.78
S004141,2023-01-01,M020,Business Services,5,3,41316.1,29410.88,11905.22,2736.5
S004142,2023-02-01,M020,Business Services,5,3,40643.24,29668.43,10974.81,2223.62
S004143,2023-03-01,M020,Business Services,6,3,61972.82,44693.35,17279.47,2218.81
S004144,2023-04-01,M020,Business Services,5,3,47961.46,36362.46,11599.0,1451.45
S004145,2023-05-01,M020,Business Services,6,4,59883.64,44077.79,15805.85,1495.22
S004146,2023-06-01,M020,Business Services,5,3,42862.13,30115.74,12746.39,1752.16
S004147,2023-07-01,M020,Business Services,5,3,51708.45,37059.64,14648.81,2657.75
S004148,2023-08-01,M020,Business Services,6,3,52257.6,37942.94,14314.66,2669.07
S004149,2023-09-01,M020,Business Services,7,4,58726.57,41914.89,16811.68,5229.67
S004150,2023-10-01,M020,Business Services,8,6,77252.91,56273.04,20979.87,3282.84
S004151,2023-11-01,M020,Business Services,8,5,78955.7,58268.71,20686.99,6981.42
S004152,2023-12-01,M020,Business Services,8,6,82349.79,58105.16,24244.63,5653.75
S004153,2024-01-01,M020,Business Services,8,4,74487.83,53707.72,20780.11,2887.07
S004154,2024-02-01,M020,Business Services,7,5,57283.37,42907.34,14376.03,3384.54
S004155,2024-03-01,M020,Business Services,7,3,62154.49,46287.65,15866.84,4414.48
S004156,2024-04-01,M020,Business Services,8,5,79833.02,57147.22,22685.8,5610.82
S004157,2024-05-01,M020,Business Services,8,5,69279.77,51279.8,17999.97,5856.07
S004158,2024-06-01,M020,Business Services,6,4,54982.73,38665.76,16316.97,1143.18
S004159,2024-07-01,M020,Business Services,7,5,56898.47,40903.68,15994.79,4693.85
S004160,2024-08-01,M020,Business Services,7,4,56989.41,42506.6,14482.81,3550.13
S004161,2024-09-01,M020,Business Services,8,5,68007.8,50900.87,17106.93,1475.05
S004162,2024-10-01,M020,Business Services,8,5,78641.02,58684.35,19956.67,5637.7
S004163,2024-11-01,M020,Business Services,7,4,71116.58,52117.02,18999.56,3410.31
S004164,2024-12-01,M020,Business Services,10,7,96600.9,67761.91,28838.99,4939.89
S004165,2025-01-01,M020,Business Services,8,4,70590.53,52002.97,18587.56,3081.72
S004166,2025-02-01,M020,Business Services,10,6,96571.11,71728.93,24842.18,3328.35
S004167,2025-03-01,M020,Business Services,8,4,77774.99,55074.73,22700.26,1857.62
S004168,2025-04-01,M020,Business Services,8,6,70199.66,52734.0,17465.66,3876.4
S004169,2025-05-01,M020,Business Services,9,5,88464.59,64235.92,24228.67,2032.92
S004170,2025-06-01,M020,Business Services,10,7,91866.78,69665.27,22201.51,5673.75
S004171,2025-07-01,M020,Business Services,8,5,66914.72,49661.26,17253.46,1772.3
S004172,2025-08-01,M020,Business Services,10,7,95157.03,72218.94,22938.09,7669.25
S004173,2025-09-01,M020,Business Services,8,4,80210.86,56862.73,23348.13,3792.84
S004174,2025-10-01,M020,Business Services,9,5,78482.46,56547.41,21935.05,1828.11
S004175,2025-11-01,M020,Business Services,10,6,85195.59,60263.81,24931.78,5246.34
S004176,2025-12-01,M020,Business Services,11,6,100356.84,74386.96,25969.88,8946.33
S004177,2023-01-01,M020,Consulting,5,3,127199.49,89118.59,38080.9,6794.81
S004178,2023-02-01,M020,Consulting,5,3,121758.31,90561.95,31196.36,10605.22
S004179,2023-03-01,M020,Consulting,5,3,140366.02,104790.89,35575.13,11832.49
S004180,2023-04-01,M020,Consulting,7,3,190343.78,136582.42,53761.36,13745.27
S004181,2023-05-01,M020,Consulting,7,4,189402.27,139171.79,50230.48,9372.71
S004182,2023-06-01,M020,Consulting,7,5,201153.84,142444.32,58709.52,9760.22
S004183,2023-07-01,M020,Consulting,6,4,156608.18,118328.59,38279.59,7114.89
S004184,2023-08-01,M020,Consulting,7,4,174316.07,129794.31,44521.76,7161.69
S004185,2023-09-01,M020,Consulting,6,4,155832.15,113306.41,42525.74,5473.72
S004186,2023-10-01,M020,Consulting,7,4,171965.68,128794.74,43170.94,8174.55
S004187,2023-11-01,M020,Consulting,6,3,151273.98,105997.95,45276.03,3491.58
S004188,2023-12-01,M020,Consulting,8,6,184386.5,136113.61,48272.89,7120.77
S004189,2024-01-01,M020,Consulting,6,4,139525.61,104891.85,34633.76,8520.12
S004190,2024-02-01,M020,Consulting,7,5,160068.22,119194.29,40873.93,10362.28
S004191,2024-03-01,M020,Consulting,7,4,184113.56,132660.81,51452.75,12556.39
S004192,2024-04-01,M020,Consulting,8,5,198551.37,144594.93,53956.44,12274.82
S004193,2024-05-01,M020,Consulting,7,4,185905.44,132253.2,53652.24,8824.86
S004194,2024-06-01,M020,Consulting,6,4,151139.36,107034.31,44105.05,13253.5
S004195,2024-07-01,M020,Consulting,7,5,179068.6,128556.31,50512.29,7613.58
S004196,2024-08-01,M020,Consulting,8,6,209526.79,148433.75,61093.04,8869.6
S004197,2024-09-01,M020,Consulting,8,6,194075.79,139214.21,54861.58,8356.21
S004198,2024-10-01,M020,Consulting,9,5,203416.31,149279.82,54136.49,14297.25
S004199,2024-11-01,M020,Consulting,9,5,222209.49,158409.08,63800.41,18230.52
S004200,2024-12-01,M020,Consulting,10,7,249883.56,181057.8,68825.76,20162.33
S004201,2025-01-01,M020,Consulting,9,6,210904.2,153917.76,56986.44,11526.53
S004202,2025-02-01,M020,Consulting,8,5,180603.58,136964.42,43639.16,8775.03
S004203,2025-03-01,M020,Consulting,10,7,244349.81,177296.17,67053.64,12543.73
S004204,2025-04-01,M020,Consulting,8,6,187713.17,136185.15,51528.02,15862.77
S004205,2025-05-01,M020,Consulting,8,4,219988.85,154866.27,65122.58,12160.49
S004206,2025-06-01,M020,Consulting,8,5,189952.39,133054.45,56897.94,9665.79
S004207,2025-07-01,M020,Consulting,10,7,230635.38,168369.14,62266.24,6128.5
S004208,2025-08-01,M020,Consulting,9,5,227252.12,159965.11,67287.01,6596.31
S004209,2025-09-01,M020,Consulting,9,5,216297.84,155687.69,60610.15,11023.32
S004210,2025-10-01,M020,Consulting,10,7,285539.32,212474.2,73065.12,13013.65
S004211,2025-11-01,M020,Consulting,9,6,241559.81,183452.8,58107.01,12736.89
S004212,2025-12-01,M020,Consulting,9,6,209424.84,158370.11,51054.73,5360.57
S004213,2023-01-01,M020,Digital Solutions,6,4,83955.05,63643.42,20311.63,7184.12
S004214,2023-02-01,M020,Digital Solutions,6,3,80110.97,57680.37,22430.6,6566.07
S004215,2023-03-01,M020,Digital Solutions,6,3,82367.65,60675.01,21692.64,3168.6
S004216,2023-04-01,M020,Digital Solutions,6,3,87085.71,61013.55,26072.16,5927.62
S004217,2023-05-01,M020,Digital Solutions,5,2,67250.53,50099.33,17151.2,3596.48
S004218,2023-06-01,M020,Digital Solutions,6,4,86983.28,62181.01,24802.27,1776.07
S004219,2023-07-01,M020,Digital Solutions,6,4,79042.79,58207.76,20835.03,3973.8
S004220,2023-08-01,M020,Digital Solutions,6,3,92764.97,68795.63,23969.34,5775.48
S004221,2023-09-01,M020,Digital Solutions,6,4,78398.49,57554.79,20843.7,6290.91
S004222,2023-10-01,M020,Digital Solutions,7,3,109480.14,82711.54,26768.6,4658.51
S004223,2023-11-01,M020,Digital Solutions,8,6,126973.6,95731.26,31242.34,6629.7
S004224,2023-12-01,M020,Digital Solutions,8,5,106031.29,75294.97,30736.32,5634.27
S004225,2024-01-01,M020,Digital Solutions,6,4,78948.53,58694.74,20253.79,6372.93
S004226,2024-02-01,M020,Digital Solutions,7,3,94038.31,66874.56,27163.75,5667.33
S004227,2024-03-01,M020,Digital Solutions,7,5,89798.84,66200.68,23598.16,3228.87
S004228,2024-04-01,M020,Digital Solutions,8,5,109013.38,77720.55,31292.83,4446.06
S004229,2024-05-01,M020,Digital Solutions,8,5,115507.59,87042.76,28464.83,2383.67
S004230,2024-06-01,M020,Digital Solutions,8,5,109790.3,77429.19,32361.11,8672.54
S004231,2024-07-01,M020,Digital Solutions,8,4,111692.11,84337.63,27354.48,5694.02
S004232,2024-08-01,M020,Digital Solutions,7,5,103447.23,73685.91,29761.32,9016.24
S004233,2024-09-01,M020,Digital Solutions,7,3,108592.29,81174.49,27417.8,9656.86
S004234,2024-10-01,M020,Digital Solutions,8,4,122456.79,88921.97,33534.82,7810.19
S004235,2024-11-01,M020,Digital Solutions,10,7,143246.71,104318.9,38927.81,5054.33
S004236,2024-12-01,M020,Digital Solutions,10,6,151409.18,112374.47,39034.71,3386.1
S004237,2025-01-01,M020,Digital Solutions,8,6,121243.17,85100.17,36143.0,9237.01
S004238,2025-02-01,M020,Digital Solutions,7,4,89482.82,64687.77,24795.05,2006.09
S004239,2025-03-01,M020,Digital Solutions,10,5,143619.82,103184.25,40435.57,9207.78
S004240,2025-04-01,M020,Digital Solutions,8,6,118728.77,88769.36,29959.41,4847.19
S004241,2025-05-01,M020,Digital Solutions,8,6,108366.96,80269.99,28096.97,8755.83
S004242,2025-06-01,M020,Digital Solutions,9,6,129349.7,93892.57,35457.13,6392.12
S004243,2025-07-01,M020,Digital Solutions,9,7,139918.51,101578.32,38340.19,4364.49
S004244,2025-08-01,M020,Digital Solutions,10,6,140169.33,104915.48,35253.85,9302.36
S004245,2025-09-01,M020,Digital Solutions,9,6,138901.54,100622.0,38279.54,12065.54
S004246,2025-10-01,M020,Digital Solutions,10,6,128484.08,94387.05,34097.03,4973.44
S004247,2025-11-01,M020,Digital Solutions,11,7,146641.33,107277.39,39363.94,5166.36
S004248,2025-12-01,M020,Digital Solutions,11,8,164756.56,122762.37,41994.19,12967.17
S004249,2023-01-01,M020,SaaS,6,4,66192.96,48726.26,17466.7,4595.42
S004250,2023-02-01,M020,SaaS,5,3,63303.31,45521.39,17781.92,2655.62
S004251,2023-03-01,M020,SaaS,7,4,92409.15,65855.59,26553.56,7175.41
S004252,2023-04-01,M020,SaaS,6,3,68696.61,48644.57,20052.04,2443.55
S004253,2023-05-01,M020,SaaS,6,4,66625.73,47054.47,19571.26,4683.93
S004254,2023-06-01,M020,SaaS,6,4,74406.01,55005.01,19401.0,4928.45
S004255,2023-07-01,M020,SaaS,7,4,81654.65,61744.56,19910.09,2936.18
S004256,2023-08-01,M020,SaaS,5,3,56736.79,41260.46,15476.33,4078.91
S004257,2023-09-01,M020,SaaS,7,5,78486.88,55865.9,22620.98,4819.92
S004258,2023-10-01,M020,SaaS,7,5,95319.98,68459.79,26860.19,7422.54
S004259,2023-11-01,M020,SaaS,8,4,95944.6,69834.78,26109.82,5303.92
S004260,2023-12-01,M020,SaaS,7,5,91861.38,67222.44,24638.94,7682.32
S004261,2024-01-01,M020,SaaS,6,3,76373.28,56450.23,19923.05,1836.52
S004262,2024-02-01,M020,SaaS,7,5,81692.59,59102.63,22589.96,1916.78
S004263,2024-03-01,M020,SaaS,8,6,91198.28,67815.06,23383.22,5498.11
S004264,2024-04-01,M020,SaaS,7,4,91299.46,67077.46,24222.0,5254.61
S004265,2024-05-01,M020,SaaS,8,4,86988.03,64455.25,22532.78,4877.59
S004266,2024-06-01,M020,SaaS,8,5,100016.86,74813.29,25203.57,3350.15
S004267,2024-07-01,M020,SaaS,8,4,86488.98,63781.62,22707.36,7289.55
S004268,2024-08-01,M020,SaaS,7,4,78105.93,58623.55,19482.38,1886.63
S004269,2024-09-01,M020,SaaS,9,5,107573.16,76177.34,31395.82,2896.62
S004270,2024-10-01,M020,SaaS,8,6,103978.92,77075.73,26903.19,5037.22
S004271,2024-11-01,M020,SaaS,8,5,108642.94,82245.02,26397.92,4625.27
S004272,2024-12-01,M020,SaaS,10,6,122805.97,86724.66,36081.31,10760.8
S004273,2025-01-01,M020,SaaS,8,5,86537.3,60864.99,25672.31,4903.57
S004274,2025-02-01,M020,SaaS,8,5,96358.2,70539.72,25818.48,2822.86
S004275,2025-03-01,M020,SaaS,10,6,120441.7,86883.51,33558.19,5149.69
S004276,2025-04-01,M020,SaaS,8,6,107077.8,76646.37,30431.43,7911.85
S004277,2025-05-01,M020,SaaS,9,6,105194.86,74564.56,30630.3,8348.49
S004278,2025-06-01,M020,SaaS,8,5,108291.58,82310.99,25980.59,2294.61
S004279,2025-07-01,M020,SaaS,10,7,132617.47,99759.61,32857.86,9430.86
S004280,2025-08-01,M020,SaaS,9,7,108221.65,76072.78,32148.87,6878.0
S004281,2025-09-01,M020,SaaS,10,6,135489.21,99037.42,36451.79,6609.82
S004282,2025-10-01,M020,SaaS,9,6,106185.18,74659.93,31525.25,6668.69
S004283,2025-11-01,M020,SaaS,11,6,138887.54,104521.07,34366.47,10037.34
S004284,2025-12-01,M020,SaaS,10,7,108363.48,80883.53,27479.95,7006.56
S004285,2023-01-01,M020,IT Services,5,3,88892.67,66622.94,22269.73,5361.11
S004286,2023-02-01,M020,IT Services,6,4,94479.25,67020.88,27458.37,3666.82
S004287,2023-03-01,M020,IT Services,6,3,92887.24,65113.11,27774.13,3923.94
S004288,2023-04-01,M020,IT Services,5,3,87070.22,62939.44,24130.78,5954.83
S004289,2023-05-01,M020,IT Services,6,4,110008.07,80809.97,29198.1,6037.09
S004290,2023-06-01,M020,IT Services,6,3,92429.15,64823.36,27605.79,4027.58
S004291,2023-07-01,M020,IT Services,7,5,102064.41,75494.15,26570.26,5129.12
S004292,2023-08-01,M020,IT Services,6,4,92886.36,68665.35,24221.01,7116.21
S004293,2023-09-01,M020,IT Services,5,3,73800.47,55710.56,18089.91,4578.03
S004294,2023-10-01,M020,IT Services,8,5,124171.73,93214.71,30957.02,2636.09
S004295,2023-11-01,M020,IT Services,6,3,87380.86,61689.33,25691.53,6299.03
S004296,2023-12-01,M020,IT Services,8,5,132242.89,96248.56,35994.33,8288.5
S004297,2024-01-01,M020,IT Services,8,4,125080.4,91434.91,33645.49,6225.91
S004298,2024-02-01,M020,IT Services,6,4,98944.34,70224.56,28719.78,2004.47
S004299,2024-03-01,M020,IT Services,8,5,142051.17,102191.61,39859.56,9218.72
S004300,2024-04-01,M020,IT Services,8,5,140991.39,101060.83,39930.56,8450.83
S004301,2024-05-01,M020,IT Services,6,4,91674.79,69532.07,22142.72,4588.82
S004302,2024-06-01,M020,IT Services,8,5,132756.36,98662.65,34093.71,9687.51
S004303,2024-07-01,M020,IT Services,7,4,114255.84,86364.33,27891.51,3962.97
S004304,2024-08-01,M020,IT Services,8,5,137593.4,99512.63,38080.77,4502.82
S004305,2024-09-01,M020,IT Services,8,5,135751.73,100603.29,35148.44,6245.55
S004306,2024-10-01,M020,IT Services,10,6,179740.9,134097.74,45643.16,9492.43
S004307,2024-11-01,M020,IT Services,9,5,134880.53,97530.64,37349.89,6113.73
S004308,2024-12-01,M020,IT Services,8,5,135131.44,99432.85,35698.59,2924.01
S004309,2025-01-01,M020,IT Services,8,4,119472.56,88851.26,30621.3,4229.86
S004310,2025-02-01,M020,IT Services,8,5,131282.78,96487.11,34795.67,11638.05
S004311,2025-03-01,M020,IT Services,10,6,171172.39,125741.96,45430.43,3853.74
S004312,2025-04-01,M020,IT Services,10,7,161136.53,120793.63,40342.9,13068.89
S004313,2025-05-01,M020,IT Services,10,7,161920.84,119896.87,42023.97,9497.18
S004314,2025-06-01,M020,IT Services,10,7,167237.0,124156.08,43080.92,4171.24
S004315,2025-07-01,M020,IT Services,10,6,156558.41,111524.62,45033.79,8882.84
S004316,2025-08-01,M020,IT Services,11,8,182364.43,134522.75,47841.68,4155.25
S004317,2025-09-01,M020,IT Services,9,5,148110.78,106841.86,41268.92,3634.07
S004318,2025-10-01,M020,IT Services,11,6,183965.36,132892.09,51073.27,16396.77
S004319,2025-11-01,M020,IT Services,12,8,180847.12,135600.34,45246.78,6276.63
S004320,2025-12-01,M020,IT Services,10,6,160441.0,117395.87,43045.13,12881.35
S004321,2023-01-01,M021,Software,7,4,118154.54,86727.87,31426.67,7997.66
S004322,2023-02-01,M021,Software,6,4,118431.48,86994.75,31436.73,
S004323,2023-03-01,M021,Software,7,4,141072.56,103153.58,37918.98,4348.99
S004324,2023-04-01,M021,Software,7,5,129874.33,93719.65,36154.68,8558.25
S004325,2023-05-01,M021,Software,7,4,117615.18,87847.4,29767.78,7694.38
S004326,2023-06-01,M021,Software,7,5,125622.76,93466.54,32156.22,11004.64
S004327,2023-07-01,M021,Software,6,3,109476.4,77325.08,32151.32,5875.96
S004328,2023-08-01,M021,Software,6,4,107665.8,79113.02,28552.78,3894.03
S004329,2023-09-01,M021,Software,7,5,134276.74,100623.26,33653.48,8901.84
S004330,2023-10-01,M021,Software,8,5,131263.93,97296.88,33967.05,3031.76
S004331,2023-11-01,M021,Software,8,5,151710.6,113803.45,37907.15,11348.84
S004332,2023-12-01,M021,Software,9,7,153535.86,110493.43,43042.43,7865.09
S004333,2024-01-01,M021,Software,8,5,156230.46,116291.16,39939.3,12309.48
S004334,2024-02-01,M021,Software,8,6,133205.4,95662.28,37543.12,8558.29
S004335,2024-03-01,M021,Software,9,6,163619.12,123156.78,40462.34,7366.68
S004336,2024-04-01,M021,Software,8,5,151843.22,112201.53,39641.69,10893.32
S004337,2024-05-01,M021,Software,8,5,139685.64,97931.19,41754.45,6388.54
S004338,2024-06-01,M021,Software,8,4,164586.91,118022.28,46564.63,6846.78
S004339,2024-07-01,M021,Software,8,4,162710.86,114636.99,48073.87,4989.84
S004340,2024-08-01,M021,Software,8,5,141217.35,99043.24,42174.11,6784.33
S004341,2024-09-01,M021,Software,10,5,190250.33,137363.14,52887.19,16248.82
S004342,2024-10-01,M021,Software,9,5,147317.72,108533.71,38784.01,12004.02
S004343,2024-11-01,M021,Software,9,5,147964.19,111172.72,36791.47,5363.47
S004344,2024-12-01,M021,Software,11,8,209264.37,150634.69,58629.68,11690.86
S004345,2025-01-01,M021,Software,8,6,150282.18,107603.04,42679.14,12631.0
S004346,2025-02-01,M021,Software,10,7,181046.63,135743.96,45302.67,15708.42
S004347,2025-03-01,M021,Software,11,6,188987.49,133516.4,55471.09,8003.78
S004348,2025-04-01,M021,Software,8,5,153428.59,115150.65,38277.94,6881.99
S004349,2025-05-01,M021,Software,11,7,213167.71,150924.87,62242.84,17842.32
S004350,2025-06-01,M021,Software,10,7,172508.46,125748.77,46759.69,15063.65
S004351,2025-07-01,M021,Software,10,6,163698.56,119875.82,43822.74,4290.7
S004352,2025-08-01,M021,Software,10,7,191785.0,141336.34,50448.66,17206.01
S004353,2025-09-01,M021,Software,9,5,149464.04,112049.03,37415.01,10693.73
S004354,2025-10-01,M021,Software,9,5,175724.08,128393.26,47330.82,10686.74
S004355,2025-11-01,M021,Software,12,6,219594.44,156096.12,63498.32,8874.82
S004356,2025-12-01,M021,Software,11,7,190803.1,135279.62,55523.48,5449.95
S004357,2023-01-01,M021,Business Services,7,4,66942.25,50454.02,16488.23,3621.17
S004358,2023-02-01,M021,Business Services,7,5,66303.71,47996.04,18307.67,3377.29
S004359,2023-03-01,M021,Business Services,7,5,70836.57,49799.2,21037.37,4711.22
S004360,2023-04-01,M021,Business Services,7,4,66867.1,50482.49,16384.61,5508.97
S004361,2023-05-01,M021,Business Services,6,4,52648.0,37633.18,15014.82,2820.14
S004362,2023-06-01,M021,Business Services,7,3,66005.08,49334.7,16670.38,2259.86
S004363,2023-07-01,M021,Business Services,7,4,57106.83,43296.88,13809.95,3506.61
S004364,2023-08-01,M021,Business Services,8,4,72091.23,53222.52,18868.71,6472.67
S004365,2023-09-01,M021,Business Services,8,5,65316.09,46210.73,19105.36,5703.53
S004366,2023-10-01,M021,Business Services,8,6,78283.82,57374.86,20908.96,5104.63
S004367,2023-11-01,M021,Business Services,8,6,66898.35,50296.96,16601.39,3284.25
S004368,2023-12-01,M021,Business Services,8,4,78232.59,59284.41,18948.18,3831.08
S004369,2024-01-01,M021,Business Services,9,4,93096.98,69189.33,23907.65,7826.56
S004370,2024-02-01,M021,Business Services,7,5,71217.08,50312.42,20904.66,5656.92
S004371,2024-03-01,M021,Business Services,7,5,72116.86,51528.93,20587.93,4412.6
S004372,2024-04-01,M021,Business Services,7,5,59987.92,43471.03,16516.89,2977.58
S004373,2024-05-01,M021,Business Services,7,4,62339.81,46307.39,16032.42,1656.06
S004374,2024-06-01,M021,Business Services,9,6,79529.81,58576.88,20952.93,3127.55
S004375,2024-07-01,M021,Business Services,8,4,65284.23,46237.7,19046.53,2426.74
S004376,2024-08-01,M021,Business Services,9,5,79056.92,57089.15,21967.77,3576.12
S004377,2024-09-01,M021,Business Services,9,5,89282.33,66712.95,22569.38,2473.39
S004378,2024-10-01,M021,Business Services,9,6,75496.87,53715.35,21781.52,4509.64
S004379,2024-11-01,M021,Business Services,10,6,101353.41,73104.55,28248.86,6371.46
S004380,2024-12-01,M021,Business Services,9,6,76098.5,53981.42,22117.08,5172.54
S004381,2025-01-01,M021,Business Services,8,6,79414.07,56885.71,22528.36,1838.33
S004382,2025-02-01,M021,Business Services,8,6,79070.63,59086.41,19984.22,3371.28
S004383,2025-03-01,M021,Business Services,11,8,97379.43,68381.08,28998.35,6869.19
S004384,2025-04-01,M021,Business Services,8,6,82233.79,61278.09,20955.7,6971.38
S004385,2025-05-01,M021,Business Services,9,6,82642.5,58612.88,24029.62,6920.68
S004386,2025-06-01,M021,Business Services,9,4,82393.65,58736.13,23657.52,2994.17
S004387,2025-07-01,M021,Business Services,9,5,80553.9,59830.3,20723.6,2083.0
S004388,2025-08-01,M021,Business Services,10,6,99662.82,70494.4,29168.42,2640.63
S004389,2025-09-01,M021,Business Services,9,6,82174.27,59939.85,22234.42,5035.24
S004390,2025-10-01,M021,Business Services,10,5,100684.09,70366.56,30317.53,2112.1
S004391,2025-11-01,M021,Business Services,10,6,92149.81,66765.01,25384.8,2454.24
S004392,2025-12-01,M021,Business Services,10,7,99098.8,72195.75,26903.05,2396.63
S004393,2023-01-01,M021,Consulting,7,5,161252.62,114613.17,46639.45,4176.69
S004394,2023-02-01,M021,Consulting,6,3,143581.5,104424.36,39157.14,7018.08
S004395,2023-03-01,M021,Consulting,8,6,180739.11,134886.67,45852.44,4596.76
S004396,2023-04-01,M021,Consulting,7,3,186873.22,137585.73,49287.49,7924.52
S004397,2023-05-01,M021,Consulting,6,3,152030.31,106660.32,45369.99,9876.2
S004398,2023-06-01,M021,Consulting,7,3,195287.96,146020.34,49267.62,12880.84
S004399,2023-07-01,M021,Consulting,6,4,137703.82,103955.91,33747.91,4481.49
S004400,2023-08-01,M021,Consulting,8,4,181662.02,128885.78,52776.24,4322.85
S004401,2023-09-01,M021,Consulting,8,5,196762.03,145057.28,51704.75,16914.98
S004402,2023-10-01,M021,Consulting,9,4,220862.3,165261.66,55600.64,7017.67
S004403,2023-11-01,M021,Consulting,9,5,246839.7,172797.3,74042.4,12001.36
S004404,2023-12-01,M021,Consulting,7,4,168704.14,125298.61,43405.53,10062.74
S004405,2024-01-01,M021,Consulting,6,4,150067.33,112846.16,37221.17,5163.29
S004406,2024-02-01,M021,Consulting,8,4,186784.17,131981.28,54802.89,4224.14
S004407,2024-03-01,M021,Consulting,10,6,286082.19,202039.68,84042.51,19035.55
S004408,2024-04-01,M021,Consulting,7,4,186156.91,131079.85,55077.06,12366.0
S004409,2024-05-01,M021,Consulting,8,4,183776.28,136709.31,47066.97,6969.13
S004410,2024-06-01,M021,Consulting,8,4,185051.44,131769.49,53281.95,5958.96
S004411,2024-07-01,M021,Consulting,7,4,200062.52,149285.94,50776.58,6218.48
S004412,2024-08-01,M021,Consulting,9,5,249322.72,180286.06,69036.66,9930.92
S004413,2024-09-01,M021,Consulting,7,4,179401.13,128505.76,50895.37,13686.69
S004414,2024-10-01,M021,Consulting,10,6,225311.03,160922.21,64388.82,12581.35
S004415,2024-11-01,M021,Consulting,9,5,244430.05,181411.33,63018.72,14869.66
S004416,2024-12-01,M021,Consulting,9,5,228027.21,168421.18,59606.03,14538.37
S004417,2025-01-01,M021,Consulting,10,6,266366.94,194823.12,71543.82,16982.51
S004418,2025-02-01,M021,Consulting,8,5,191602.67,138468.56,53134.11,14218.41
S004419,2025-03-01,M021,Consulting,9,5,224080.22,169402.17,54678.05,10299.81
S004420,2025-04-01,M021,Consulting,9,6,217547.5,161907.95,55639.55,10291.32
S004421,2025-05-01,M021,Consulting,8,5,223616.87,163028.73,60588.14,14170.87
S004422,2025-06-01,M021,Consulting,9,5,217496.31,162114.22,55382.09,9975.07
S004423,2025-07-01,M021,Consulting,9,6,241760.77,171155.8,70604.97,19696.49
S004424,2025-08-01,M021,Consulting,11,8,311011.52,224559.15,86452.37,21888.23
S004425,2025-09-01,M021,Consulting,10,6,260074.56,192539.58,67534.98,17939.86
S004426,2025-10-01,M021,Consulting,10,7,280043.51,205270.55,74772.96,23012.81
S004427,2025-11-01,M021,Consulting,12,7,285191.1,214762.3,70428.8,20775.74
S004428,2025-12-01,M021,Consulting,11,8,257863.0,181689.1,76173.9,13727.97
S004429,2023-01-01,M021,Digital Solutions,5,3,79345.21,59941.67,19403.54,5724.46
S004430,2023-02-01,M021,Digital Solutions,6,3,81300.52,61366.54,19933.98,3257.17
S004431,2023-03-01,M021,Digital Solutions,6,4,84612.48,62488.46,22124.02,1847.04
S004432,2023-04-01,M021,Digital Solutions,6,3,86906.4,62239.07,24667.33,4599.71
S004433,2023-05-01,M021,Digital Solutions,6,4,91393.07,67990.51,23402.56,6864.8
S004434,2023-06-01,M021,Digital Solutions,5,2,78057.77,57671.32,20386.45,4293.69
S004435,2023-07-01,M021,Digital Solutions,5,3,72017.21,51146.91,20870.3,3768.9
S004436,2023-08-01,M021,Digital Solutions,5,2,77112.05,56048.05,21064.0,3590.94
S004437,2023-09-01,M021,Digital Solutions,6,3,93032.05,64996.29,28035.76,2482.03
S004438,2023-10-01,M021,Digital Solutions,7,4,100008.35,73169.45,26838.9,6981.63
S004439,2023-11-01,M021,Digital Solutions,7,4,106131.93,77776.71,28355.22,2997.99
S004440,2023-12-01,M021,Digital Solutions,8,6,111950.49,79505.85,32444.64,8259.14
S004441,2024-01-01,M021,Digital Solutions,7,4,92706.62,68319.83,24386.79,7294.44
S004442,2024-02-01,M021,Digital Solutions,7,5,103704.45,74845.16,28859.29,7173.98
S004443,2024-03-01,M021,Digital Solutions,7,4,110670.45,78562.22,32108.23,3056.93
S004444,2024-04-01,M021,Digital Solutions,6,4,93672.07,68728.87,24943.2,7770.05
S004445,2024-05-01,M021,Digital Solutions,6,3,87625.81,63856.22,23769.59,5831.15
S004446,2024-06-01,M021,Digital Solutions,8,4,118776.87,87960.32,30816.55,5562.17
S004447,2024-07-01,M021,Digital Solutions,6,3,88628.86,64299.34,24329.52,5943.14
S004448,2024-08-01,M021,Digital Solutions,7,5,93692.81,67282.51,26410.3,5809.49
S004449,2024-09-01,M021,Digital Solutions,6,4,77856.16,56009.27,21846.89,5771.87
S004450,2024-10-01,M021,Digital Solutions,7,4,105801.18,77495.26,28305.92,4131.28
S004451,2024-11-01,M021,Digital Solutions,8,5,103076.51,73388.96,29687.55,4025.37
S004452,2024-12-01,M021,Digital Solutions,7,4,104514.15,78217.75,26296.4,6895.36
S004453,2025-01-01,M021,Digital Solutions,7,5,101270.24,71337.13,29933.11,2348.59
S004454,2025-02-01,M021,Digital Solutions,8,5,108228.46,80316.58,27911.88,9399.74
S004455,2025-03-01,M021,Digital Solutions,9,6,120220.07,84494.85,35725.22,4517.05
S004456,2025-04-01,M021,Digital Solutions,8,4,101091.81,72318.61,28773.2,6653.02
S004457,2025-05-01,M021,Digital Solutions,8,5,122406.45,85837.97,36568.48,5117.63
S004458,2025-06-01,M021,Digital Solutions,9,5,142123.32,100542.49,41580.83,8431.82
S004459,2025-07-01,M021,Digital Solutions,9,6,142563.63,103023.88,39539.75,8283.0
S004460,2025-08-01,M021,Digital Solutions,7,5,109666.19,80553.47,29112.72,4085.21
S004461,2025-09-01,M021,Digital Solutions,7,5,107057.85,76425.28,30632.57,8850.72
S004462,2025-10-01,M021,Digital Solutions,10,6,135139.66,95645.93,39493.73,3269.56
S004463,2025-11-01,M021,Digital Solutions,9,5,115333.58,83857.12,31476.46,10253.83
S004464,2025-12-01,M021,Digital Solutions,8,6,126787.99,89307.1,37480.89,10707.84
S004465,2023-01-01,M021,SaaS,5,3,55483.23,41086.08,14397.15,1445.27
S004466,2023-02-01,M021,SaaS,6,3,67234.17,49802.07,17432.1,4088.35
S004467,2023-03-01,M021,SaaS,6,4,65092.03,45988.92,19103.11,5430.94
S004468,2023-04-01,M021,SaaS,6,3,82271.69,60029.15,22242.54,6269.95
S004469,2023-05-01,M021,SaaS,5,2,55987.8,40894.44,15093.36,4455.28
S004470,2023-06-01,M021,SaaS,5,2,61268.68,45353.04,15915.64,4538.94
S004471,2023-07-01,M021,SaaS,6,4,73375.86,53491.34,19884.52,3988.72
S004472,2023-08-01,M021,SaaS,6,3,75693.53,53949.09,21744.44,5692.4
S004473,2023-09-01,M021,SaaS,5,3,61489.76,45212.19,16277.57,1708.43
S004474,2023-10-01,M021,SaaS,8,4,100262.29,71745.3,28516.99,3756.35
S004475,2023-11-01,M021,SaaS,6,3,80585.61,56649.11,23936.5,2951.27
S004476,2023-12-01,M021,SaaS,8,4,87633.58,64341.34,23292.24,4410.95
S004477,2024-01-01,M021,SaaS,7,4,84136.92,60039.79,24097.13,3711.08
S004478,2024-02-01,M021,SaaS,6,3,78437.88,57119.32,21318.56,3281.23
S004479,2024-03-01,M021,SaaS,6,3,71339.11,51905.87,19433.24,5465.35
S004480,2024-04-01,M021,SaaS,8,5,99427.28,73644.51,25782.77,3908.9
S004481,2024-05-01,M021,SaaS,7,5,84544.3,62112.21,22432.09,4689.49
S004482,2024-06-01,M021,SaaS,8,5,109947.88,76989.63,32958.25,3014.52
S004483,2024-07-01,M021,SaaS,8,5,94577.59,68614.63,25962.96,8108.67
S004484,2024-08-01,M021,SaaS,8,4,95137.48,69325.92,25811.56,7806.59
S004485,2024-09-01,M021,SaaS,8,4,101715.64,71565.63,30150.01,3145.49
S004486,2024-10-01,M021,SaaS,8,5,95079.01,68496.58,26582.43,3625.3
S004487,2024-11-01,M021,SaaS,9,6,115110.09,80966.16,34143.93,9223.94
S004488,2024-12-01,M021,SaaS,8,4,106531.97,74434.49,32097.48,8233.73
S004489,2025-01-01,M021,SaaS,8,6,96503.5,68440.47,28063.03,2203.83
S004490,2025-02-01,M021,SaaS,8,5,105792.64,79452.06,26340.58,2141.26
S004491,2025-03-01,M021,SaaS,9,6,108247.81,79493.98,28753.83,7259.33
S004492,2025-04-01,M021,SaaS,9,6,99907.85,70588.35,29319.5,2982.28
S004493,2025-05-01,M021,SaaS,8,4,98436.05,69405.22,29030.83,4388.5
S004494,2025-06-01,M021,SaaS,9,5,103392.95,75635.34,27757.61,3377.71
S004495,2025-07-01,M021,SaaS,8,4,99265.2,72132.3,27132.9,8005.04
S004496,2025-08-01,M021,SaaS,8,5,100943.9,74105.92,26837.98,2244.64
S004497,2025-09-01,M021,SaaS,8,4,104431.42,74614.01,29817.41,6513.78
S004498,2025-10-01,M021,SaaS,8,5,105162.13,77890.63,27271.5,8993.56
S004499,2025-11-01,M021,SaaS,9,5,120230.84,89554.93,30675.91,4039.37
S004500,2025-12-01,M021,SaaS,11,8,149412.3,105826.33,43585.97,9714.64
S004501,2023-01-01,M021,IT Services,6,3,108707.54,77808.08,30899.46,7040.87
S004502,2023-02-01,M021,IT Services,6,3,98145.0,74318.6,23826.4,6076.71
S004503,2023-03-01,M021,IT Services,6,3,89463.02,65381.99,24081.03,7121.62
S004504,2023-04-01,M021,IT Services,5,3,84441.19,63584.39,20856.8,5899.12
S004505,2023-05-01,M021,IT Services,5,3,84265.29,63257.55,21007.74,2429.99
S004506,2023-06-01,M021,IT Services,6,4,88694.57,65434.17,23260.4,3561.42
S004507,2023-07-01,M021,IT Services,6,4,93308.09,70114.23,23193.86,2708.03
S004508,2023-08-01,M021,IT Services,5,2,82198.79,60147.15,22051.64,5155.26
S004509,2023-09-01,M021,IT Services,5,3,78887.06,59739.62,19147.44,4665.95
S004510,2023-10-01,M021,IT Services,7,3,128670.83,93450.99,35219.84,7844.13
S004511,2023-11-01,M021,IT Services,6,3,91726.05,67697.42,24028.63,6492.09
S004512,2023-12-01,M021,IT Services,7,4,126495.94,90162.9,36333.04,8909.71
S004513,2024-01-01,M021,IT Services,7,3,123600.99,90420.67,33180.32,10759.16
S004514,2024-02-01,M021,IT Services,7,5,117385.98,84138.01,33247.97,8659.67
S004515,2024-03-01,M021,IT Services,7,4,116925.55,86828.24,30097.31,9165.57
S004516,2024-04-01,M021,IT Services,7,4,118653.72,87776.25,30877.47,5357.22
S004517,2024-05-01,M021,IT Services,6,4,99437.33,69535.17,29902.16,2452.86
S004518,2024-06-01,M021,IT Services,6,3,97432.75,69412.23,28020.52,7105.79
S004519,2024-07-01,M021,IT Services,7,5,103123.84,73991.44,29132.4,5268.72
S004520,2024-08-01,M021,IT Services,6,3,102333.17,71893.83,30439.34,6256.88
S004521,2024-09-01,M021,IT Services,7,4,106958.66,74831.46,32127.2,4238.21
S004522,2024-10-01,M021,IT Services,8,5,134840.98,99352.03,35488.95,10709.28
S004523,2024-11-01,M021,IT Services,7,4,122468.42,89197.89,33270.53,10245.45
S004524,2024-12-01,M021,IT Services,8,6,115492.81,82614.21,32878.6,3798.9
S004525,2025-01-01,M021,IT Services,8,6,120771.48,86531.42,34240.06,2455.73
S004526,2025-02-01,M021,IT Services,6,3,103426.51,74143.24,29283.27,7282.29
S004527,2025-03-01,M021,IT Services,8,6,127946.25,90186.85,37759.4,7346.73
S004528,2025-04-01,M021,IT Services,7,4,127587.26,96212.28,31374.98,5982.83
S004529,2025-05-01,M021,IT Services,9,6,143237.65,101430.75,41806.9,4514.56
S004530,2025-06-01,M021,IT Services,8,4,139612.44,99361.81,40250.63,4203.44
S004531,2025-07-01,M021,IT Services,9,6,140080.2,99355.66,40724.54,4980.81
S004532,2025-08-01,M021,IT Services,7,4,126605.43,89479.4,37126.03,5960.74
S004533,2025-09-01,M021,IT Services,7,3,123987.9,91094.66,32893.24,5884.68
S004534,2025-10-01,M021,IT Services,10,7,168003.77,121795.56,46208.21,4526.8
S004535,2025-11-01,M021,IT Services,9,5,134598.04,95061.39,39536.65,5537.7
S004536,2025-12-01,M021,IT Services,9,6,157287.55,118391.97,38895.58,7100.4
S004537,2023-01-01,M022,Software,5,3,94592.78,68191.02,26401.76,8450.56
S004538,2023-02-01,M022,Software,5,3,83839.54,59836.03,24003.51,1870.56
S004539,2023-03-01,M022,Software,6,4,113031.97,81655.05,31376.92,4650.69
S004540,2023-04-01,M022,Software,6,4,97404.93,68326.97,29077.96,4798.08
S004541,2023-05-01,M022,Software,6,3,112764.26,82428.33,30335.93,3925.92
S004542,2023-06-01,M022,Software,6,4,110354.77,80406.93,29947.84,2223.02
S004543,2023-07-01,M022,Software,6,3,112907.72,80491.41,32416.31,3044.16
S004544,2023-08-01,M022,Software,5,3,89472.89,65805.21,23667.68,3547.97
S004545,2023-09-01,M022,Software,6,4,107148.59,80424.62,26723.97,4461.38
S004546,2023-10-01,M022,Software,7,4,132981.95,99245.9,33736.05,4771.83
S004547,2023-11-01,M022,Software,6,4,116827.82,87742.95,29084.87,3454.62
S004548,2023-12-01,M022,Software,6,4,114774.02,82697.37,32076.65,9655.18
S004549,2024-01-01,M022,Software,6,3,106150.44,75343.2,30807.24,7576.4
S004550,2024-02-01,M022,Software,7,4,138044.7,96561.74,41482.96,5618.36
S004551,2024-03-01,M022,Software,7,4,132749.78,99183.5,33566.28,11204.05
S004552,2024-04-01,M022,Software,7,5,126879.11,91053.93,35825.18,6338.98
S004553,2024-05-01,M022,Software,6,3,109915.15,82016.47,27898.68,5415.12
S004554,2024-06-01,M022,Software,6,4,101523.27,70821.86,30701.41,7007.19
S004555,2024-07-01,M022,Software,6,4,108183.05,75387.44,32795.61,7626.4
S004556,2024-08-01,M022,Software,6,3,99069.68,69272.75,29796.93,5299.46
S004557,2024-09-01,M022,Software,7,5,114157.27,83352.16,30805.11,6101.44
S004558,2024-10-01,M022,Software,7,4,117667.72,82874.0,34793.72,6358.84
S004559,2024-11-01,M022,Software,8,5,132178.04,92614.98,39563.06,10218.88
S004560,2024-12-01,M022,Software,8,4,148054.64,106191.47,41863.17,12408.91
S004561,2025-01-01,M022,Software,6,3,101309.99,72040.94,29269.05,2179.19
S004562,2025-02-01,M022,Software,6,4,109446.01,77991.13,31454.88,9147.84
S004563,2025-03-01,M022,Software,8,5,162283.1,113810.79,48472.31,6009.39
S004564,2025-04-01,M022,Software,8,4,138947.51,99079.96,39867.55,9185.74
S004565,2025-05-01,M022,Software,7,4,132697.08,92889.1,39807.98,7100.93
S004566,2025-06-01,M022,Software,9,6,149982.9,109779.48,40203.42,5117.32
S004567,2025-07-01,M022,Software,8,5,150124.49,111894.25,38230.24,6584.15
S004568,2025-08-01,M022,Software,7,4,114699.19,80094.64,34604.55,4500.26
S004569,2025-09-01,M022,Software,9,6,178355.05,125244.49,53110.56,8910.25
S004570,2025-10-01,M022,Software,8,5,160768.75,119774.24,40994.51,13023.12
S004571,2025-11-01,M022,Software,8,6,147162.66,110667.11,36495.55,6197.69
S004572,2025-12-01,M022,Software,8,6,162345.14,117171.07,45174.07,12729.42
S004573,2023-01-01,M022,Business Services,7,5,66364.12,49842.48,16521.64,2535.93
S004574,2023-02-01,M022,Business Services,7,4,63407.3,44529.75,18877.55,4881.74
S004575,2023-03-01,M022,Business Services,9,6,89716.83,62236.64,27480.19,4349.09
S004576,2023-04-01,M022,Business Services,7,3,63209.09,44257.54,18951.55,3775.09
S004577,2023-05-01,M022,Business Services,7,4,61957.39,43307.68,18649.71,4788.66
S004578,2023-06-01,M022,Business Services,7,4,58690.38,42212.39,16477.99,2890.64
S004579,2023-07-01,M022,Business Services,8,5,68965.47,49074.08,19891.39,1484.48
S004580,2023-08-01,M022,Business Services,8,5,69433.21,51730.53,17702.68,5600.0
S004581,2023-09-01,M022,Business Services,7,4,61443.3,45745.8,15697.5,4053.54
S004582,2023-10-01,M022,Business Services,10,5,98717.0,70085.36,28631.64,5384.02
S004583,2023-11-01,M022,Business Services,9,6,91832.09,67437.27,24394.82,6528.76
S004584,2023-12-01,M022,Business Services,8,6,82304.38,60558.11,21746.27,4317.27
S004585,2024-01-01,M022,Business Services,10,6,100440.43,71300.49,29139.94,6617.09
S004586,2024-02-01,M022,Business Services,8,4,76495.14,55396.4,21098.74,2031.14
S004587,2024-03-01,M022,Business Services,9,6,92073.39,69193.4,22879.99,2769.69
S004588,2024-04-01,M022,Business Services,8,5,77960.46,54709.81,23250.65,1865.36
S004589,2024-05-01,M022,Business Services,9,6,79312.29,58331.5,20980.79,3777.61
S004590,2024-06-01,M022,Business Services,9,6,73137.95,51505.78,21632.17,4688.86
S004591,2024-07-01,M022,Business Services,10,7,98636.02,73077.53,25558.49,4916.38
S004592,2024-08-01,M022,Business Services,8,4,67289.73,49796.18,17493.55,2059.63
S004593,2024-09-01,M022,Business Services,10,7,101055.18,74336.44,26718.74,5685.31
S004594,2024-10-01,M022,Business Services,10,6,89723.21,63487.03,26236.18,7853.32
S004595,2024-11-01,M022,Business Services,10,6,97936.61,70296.11,27640.5,5053.05
S004596,2024-12-01,M022,Business Services,11,6,108652.09,76315.4,32336.69,9606.14
S004597,2025-01-01,M022,Business Services,10,6,97285.09,71085.07,26200.02,6694.37
S004598,2025-02-01,M022,Business Services,9,6,85862.33,60755.47,25106.86,7230.88
S004599,2025-03-01,M022,Business Services,12,9,113383.64,78670.29,34713.35,10088.42
S004600,2025-04-01,M022,Business Services,11,6,106801.01,74282.23,32518.78,8618.42
S004601,2025-05-01,M022,Business Services,9,6,88362.85,61678.59,26684.26,5255.36
S004602,2025-06-01,M022,Business Services,9,5,86124.95,64231.98,21892.97,1728.01
S004603,2025-07-01,M022,Business Services,9,5,80827.96,58269.81,22558.15,6069.84
S004604,2025-08-01,M022,Business Services,10,7,96940.84,67470.91,29469.93,7895.27
S004605,2025-09-01,M022,Business Services,9,6,83218.81,60810.93,22407.88,5906.68
S004606,2025-10-01,M022,Business Services,10,6,82533.1,58541.61,23991.49,3221.74
S004607,2025-11-01,M022,Business Services,10,6,101106.56,72068.33,29038.23,6885.08
S004608,2025-12-01,M022,Business Services,13,7,123853.43,86521.74,37331.69,6942.43
S004609,2023-01-01,M022,Consulting,5,3,128302.68,90353.97,37948.71,8174.49
S004610,2023-02-01,M022,Consulting,5,3,128634.99,91519.38,37115.61,5110.44
S004611,2023-03-01,M022,Consulting,5,3,126587.59,89641.21,36946.38,3339.98
S004612,2023-04-01,M022,Consulting,6,3,168321.65,124527.49,43794.16,11108.23
S004613,2023-05-01,M022,Consulting,6,4,161021.81,117731.14,43290.67,5522.15
S004614,2023-06-01,M022,Consulting,6,3,139001.37,100547.67,38453.7,6567.59
S004615,2023-07-01,M022,Consulting,7,4,175979.79,122747.88,53231.91,10557.03
S004616,2023-08-01,M022,Consulting,7,4,173085.84,127486.48,45599.36,9777.99
S004617,2023-09-01,M022,Consulting,6,3,137462.73,102352.98,35109.75,9671.77
S004618,2023-10-01,M022,Consulting,7,4,200333.03,141203.29,59129.74,6665.36
S004619,2023-11-01,M022,Consulting,6,4,157052.34,112719.44,44332.9,7975.31
S004620,2023-12-01,M022,Consulting,6,3,148677.98,105080.38,43597.6,5549.04
S004621,2024-01-01,M022,Consulting,7,5,179776.62,127522.27,52254.35,8476.96
S004622,2024-02-01,M022,Consulting,7,4,197112.19,144763.91,52348.28,8566.61
S004623,2024-03-01,M022,Consulting,6,4,155228.47,109973.33,45255.14,7726.12
S004624,2024-04-01,M022,Consulting,7,4,166600.77,123499.02,43101.75,12386.06
S004625,2024-05-01,M022,Consulting,5,3,123155.39,86437.28,36718.11,9581.64
S004626,2024-06-01,M022,Consulting,6,4,151124.91,109718.28,41406.63,9870.64
S004627,2024-07-01,M022,Consulting,6,3,148911.57,109706.0,39205.57,3616.48
S004628,2024-08-01,M022,Consulting,6,4,148898.13,105775.66,43122.47,4087.95
S004629,2024-09-01,M022,Consulting,6,4,152516.84,107345.41,45171.43,12821.88
S004630,2024-10-01,M022,Consulting,8,5,203595.07,151792.35,51802.72,16077.07
S004631,2024-11-01,M022,Consulting,8,5,191188.01,142301.57,48886.44,15127.33
S004632,2024-12-01,M022,Consulting,9,6,228889.28,171115.62,57773.66,19800.95
S004633,2025-01-01,M022,Consulting,6,4,153797.35,107783.11,46014.24,4456.9
S004634,2025-02-01,M022,Consulting,8,5,226077.09,159227.26,66849.83,16869.03
S004635,2025-03-01,M022,Consulting,7,4,161128.81,112273.1,48855.71,12553.48
S004636,2025-04-01,M022,Consulting,8,4,189673.11,139012.97,50660.14,10284.11
S004637,2025-05-01,M022,Consulting,8,6,197439.94,144510.01,52929.93,15679.42
S004638,2025-06-01,M022,Consulting,8,5,203482.55,150138.27,53344.28,15952.08
S004639,2025-07-01,M022,Consulting,8,6,226733.78,166212.04,60521.74,13780.76
S004640,2025-08-01,M022,Consulting,8,5,215488.83,154822.29,60666.54,15952.99
S004641,2025-09-01,M022,Consulting,7,4,170449.81,124229.85,46219.96,12040.58
S004642,2025-10-01,M022,Consulting,8,6,189738.57,140243.12,49495.45,4008.31
S004643,2025-11-01,M022,Consulting,9,5,211583.07,156962.31,54620.76,8401.63
S004644,2025-12-01,M022,Consulting,8,5,214107.54,152930.97,61176.57,15977.39
S004645,2023-01-01,M022,Digital Solutions,7,4,108725.82,79061.86,29663.96,7960.55
S004646,2023-02-01,M022,Digital Solutions,6,4,75878.99,52635.36,23243.63,5199.95
S004647,2023-03-01,M022,Digital Solutions,7,4,89426.69,62530.81,26895.88,4873.66
S004648,2023-04-01,M022,Digital Solutions,7,4,110442.89,78649.16,31793.73,7970.17
S004649,2023-05-01,M022,Digital Solutions,6,3,90485.62,67590.21,22895.41,4464.03
S004650,2023-06-01,M022,Digital Solutions,6,3,84027.84,61006.86,23020.98,5902.43
S004651,2023-07-01,M022,Digital Solutions,7,5,110488.51,80465.73,30022.78,8888.38
S004652,2023-08-01,M022,Digital Solutions,8,4,109722.05,79313.24,30408.81,7676.28
S004653,2023-09-01,M022,Digital Solutions,7,5,102903.01,71915.6,30987.41,6167.17
S004654,2023-10-01,M022,Digital Solutions,8,4,107860.18,76251.53,31608.65,8924.06
S004655,2023-11-01,M022,Digital Solutions,8,5,118539.97,88144.4,30395.57,8003.17
S004656,2023-12-01,M022,Digital Solutions,7,4,109676.61,76542.99,33133.62,9831.85
S004657,2024-01-01,M022,Digital Solutions,7,4,104306.29,74870.74,29435.55,3153.98
S004658,2024-02-01,M022,Digital Solutions,7,4,101398.79,71813.89,29584.9,8337.82
S004659,2024-03-01,M022,Digital Solutions,9,7,129088.89,90376.7,38712.19,2605.4
S004660,2024-04-01,M022,Digital Solutions,8,5,121369.85,88826.92,32542.93,2604.04
S004661,2024-05-01,M022,Digital Solutions,7,3,95652.76,70513.01,25139.75,7202.06
S004662,2024-06-01,M022,Digital Solutions,7,4,101907.22,72626.75,29280.47,3525.28
S004663,2024-07-01,M022,Digital Solutions,7,5,98015.79,71698.76,26317.03,6966.41
S004664,2024-08-01,M022,Digital Solutions,9,6,119641.65,84523.03,35118.62,9918.54
S004665,2024-09-01,M022,Digital Solutions,9,6,125413.77,92199.95,33213.82,9817.69
S004666,2024-10-01,M022,Digital Solutions,8,4,126198.09,87810.13,38387.96,2857.14
S004667,2024-11-01,M022,Digital Solutions,8,6,117282.04,81670.29,35611.75,5985.57
S004668,2024-12-01,M022,Digital Solutions,8,4,127134.35,94539.2,32595.15,7274.45
S004669,2025-01-01,M022,Digital Solutions,7,4,112268.73,79288.49,32980.24,7738.84
S004670,2025-02-01,M022,Digital Solutions,8,5,125461.87,91387.45,34074.42,4087.51
S004671,2025-03-01,M022,Digital Solutions,10,7,134054.03,100246.64,33807.39,9308.63
S004672,2025-04-01,M022,Digital Solutions,9,5,116188.39,85818.94,30369.45,5527.5
S004673,2025-05-01,M022,Digital Solutions,9,6,129523.12,95982.65,33540.47,3862.79
S004674,2025-06-01,M022,Digital Solutions,8,5,115357.56,82287.71,33069.85,10254.13
S004675,2025-07-01,M022,Digital Solutions,10,6,142060.24,104306.94,37753.3,5391.25
S004676,2025-08-01,M022,Digital Solutions,9,4,124345.7,91452.34,32893.36,3127.98
S004677,2025-09-01,M022,Digital Solutions,10,7,127271.76,90786.9,36484.86,7431.86
S004678,2025-10-01,M022,Digital Solutions,9,6,121101.97,90114.53,30987.44,6089.68
S004679,2025-11-01,M022,Digital Solutions,11,7,162421.25,115288.71,47132.54,4834.56
S004680,2025-12-01,M022,Digital Solutions,10,7,152144.86,106622.49,45522.37,7539.29
S004681,2023-01-01,M022,SaaS,6,4,71207.61,49427.12,21780.49,5055.25
S004682,2023-02-01,M022,SaaS,5,3,61184.04,45545.79,15638.25,3404.04
S004683,2023-03-01,M022,SaaS,6,4,67054.78,48564.17,18490.61,5145.41
S004684,2023-04-01,M022,SaaS,5,3,60486.63,43789.77,16696.86,4024.54
S004685,2023-05-01,M022,SaaS,5,2,63821.11,47556.04,16265.07,4771.41
S004686,2023-06-01,M022,SaaS,5,3,56578.46,39714.4,16864.06,2815.23
S004687,2023-07-01,M022,SaaS,6,4,77240.34,53533.08,23707.26,5325.46
S004688,2023-08-01,M022,SaaS,5,3,55284.38,39589.72,15694.66,4267.49
S004689,2023-09-01,M022,SaaS,5,3,63612.36,46625.23,16987.13,4452.15
S004690,2023-10-01,M022,SaaS,8,4,93394.41,67937.33,25457.08,7153.04
S004691,2023-11-01,M022,SaaS,7,4,82392.64,60125.96,22266.68,4417.82
S004692,2023-12-01,M022,SaaS,6,3,75658.71,54637.72,21020.99,3082.87
S004693,2024-01-01,M022,SaaS,6,3,74826.79,56118.26,18708.53,4284.14
S004694,2024-02-01,M022,SaaS,6,4,81332.21,60907.37,20424.84,3282.86
S004695,2024-03-01,M022,SaaS,8,4,109133.39,78101.52,31031.87,5871.29
S004696,2024-04-01,M022,SaaS,7,4,95621.35,67006.14,28615.21,8319.88
S004697,2024-05-01,M022,SaaS,7,5,82969.3,57909.98,25059.32,4754.26
S004698,2024-06-01,M022,SaaS,6,3,82385.92,59642.05,22743.87,1874.81
S004699,2024-07-01,M022,SaaS,7,4,76515.32,56277.32,20238.0,2513.87
S004700,2024-08-01,M022,SaaS,6,4,68057.05,50993.35,17063.7,4034.59
S004701,2024-09-01,M022,SaaS,8,5,97513.33,67809.54,29703.79,3540.13
S004702,2024-10-01,M022,SaaS,6,3,68331.19,47818.81,20512.38,4863.54
S004703,2024-11-01,M022,SaaS,7,4,76939.97,55614.56,21325.41,6039.24
S004704,2024-12-01,M022,SaaS,6,3,75089.17,56357.6,18731.57,3612.17
S004705,2025-01-01,M022,SaaS,7,4,96504.74,67758.2,28746.54,7678.76
S004706,2025-02-01,M022,SaaS,7,4,78100.39,56704.6,21395.79,3663.76
S004707,2025-03-01,M022,SaaS,9,4,122910.09,89814.87,33095.22,2628.67
S004708,2025-04-01,M022,SaaS,6,3,67909.7,48588.96,19320.74,4736.09
S004709,2025-05-01,M022,SaaS,7,5,87658.57,62606.52,25052.05,4634.52
S004710,2025-06-01,M022,SaaS,8,5,110259.42,80956.56,29302.86,4726.18
S004711,2025-07-01,M022,SaaS,8,5,105762.23,78069.28,27692.95,4373.83
S004712,2025-08-01,M022,SaaS,9,7,107121.92,76793.61,30328.31,7968.6
S004713,2025-09-01,M022,SaaS,8,4,95530.31,71322.27,24208.04,7186.65
S004714,2025-10-01,M022,SaaS,8,5,108953.86,76870.46,32083.4,4698.25
S004715,2025-11-01,M022,SaaS,7,4,84611.88,61372.24,23239.64,4869.59
S004716,2025-12-01,M022,SaaS,9,5,120797.96,85080.13,35717.83,8737.04
S004717,2023-01-01,M022,IT Services,5,3,86828.19,61310.99,25517.2,7448.51
S004718,2023-02-01,M022,IT Services,5,3,80579.19,56566.69,24012.5,3960.82
S004719,2023-03-01,M022,IT Services,6,3,95799.29,68054.17,27745.12,4016.22
S004720,2023-04-01,M022,IT Services,5,3,88228.08,63591.78,24636.3,5004.01
S004721,2023-05-01,M022,IT Services,5,3,84178.96,59516.39,24662.57,6239.33
S004722,2023-06-01,M022,IT Services,6,4,101042.02,71285.81,29756.21,7885.16
S004723,2023-07-01,M022,IT Services,5,3,91507.94,65724.43,25783.51,5654.68
S004724,2023-08-01,M022,IT Services,6,4,94944.75,70087.22,24857.53,7152.3
S004725,2023-09-01,M022,IT Services,6,3,110268.63,76560.93,33707.7,3555.15
S004726,2023-10-01,M022,IT Services,6,3,103987.59,72052.11,31935.48,5412.76
S004727,2023-11-01,M022,IT Services,6,4,104595.8,77182.21,27413.59,6244.38
S004728,2023-12-01,M022,IT Services,7,4,126410.99,91243.62,35167.37,3783.67
S004729,2024-01-01,M022,IT Services,7,4,118578.21,88663.91,29914.3,7907.6
S004730,2024-02-01,M022,IT Services,7,3,116542.39,80893.78,35648.61,5771.15
S004731,2024-03-01,M022,IT Services,7,5,103878.28,72164.98,31713.3,3042.17
S004732,2024-04-01,M022,IT Services,7,3,128588.8,89213.57,39375.23,4236.92
S004733,2024-05-01,M022,IT Services,7,4,110415.7,82313.04,28102.66,3284.74
S004734,2024-06-01,M022,IT Services,7,4,119945.84,87889.13,32056.71,4351.37
S004735,2024-07-01,M022,IT Services,6,4,107003.34,78958.4,28044.94,3548.91
S004736,2024-08-01,M022,IT Services,7,5,103615.97,72627.97,30988.0,6836.31
S004737,2024-09-01,M022,IT Services,7,4,125130.24,89651.6,35478.64,4119.98
S004738,2024-10-01,M022,IT Services,7,4,116238.1,86345.1,29893.0,5419.17
S004739,2024-11-01,M022,IT Services,7,5,103908.27,72264.75,31643.52,4721.95
S004740,2024-12-01,M022,IT Services,7,4,120817.55,86191.95,34625.6,4890.56
S004741,2025-01-01,M022,IT Services,8,4,139411.17,104698.9,34712.27,10577.55
S004742,2025-02-01,M022,IT Services,8,5,133907.21,95321.95,38585.26,3412.96
S004743,2025-03-01,M022,IT Services,8,6,126208.64,90093.88,36114.76,9201.36
S004744,2025-04-01,M022,IT Services,7,4,101675.02,75065.87,26609.15,2999.4
S004745,2025-05-01,M022,IT Services,7,5,112440.53,79201.74,33238.79,5729.78
S004746,2025-06-01,M022,IT Services,7,5,104731.12,73061.7,31669.42,4421.98
S004747,2025-07-01,M022,IT Services,7,5,120935.97,89268.86,31667.11,8743.85
S004748,2025-08-01,M022,IT Services,8,4,118448.12,87366.79,31081.33,2607.32
S004749,2025-09-01,M022,IT Services,7,4,128119.79,93745.27,34374.52,6080.29
S004750,2025-10-01,M022,IT Services,7,4,102457.9,74452.18,28005.72,2650.44
S004751,2025-11-01,M022,IT Services,9,5,158043.59,111656.58,46387.01,10003.0
S004752,2025-12-01,M022,IT Services,8,4,139031.41,104115.27,34916.14,5805.05
S004753,2023-01-01,M023,Software,5,3,94278.89,66143.27,28135.62,7303.05
S004754,2023-02-01,M023,Software,6,4,108506.87,76676.8,31830.07,8275.61
S004755,2023-03-01,M023,Software,7,5,120182.36,88922.77,31259.59,9367.61
S004756,2023-04-01,M023,Software,6,4,123046.28,87549.22,35497.06,5425.23
S004757,2023-05-01,M023,Software,7,5,133881.71,93239.38,40642.33,6138.59
S004758,2023-06-01,M023,Software,7,4,124937.44,93021.08,31916.36,3764.7
S004759,2023-07-01,M023,Software,5,3,83409.01,59080.36,24328.65,4420.4
S004760,2023-08-01,M023,Software,7,4,128096.59,93431.44,34665.15,3135.12
S004761,2023-09-01,M023,Software,7,4,114164.91,81070.13,33094.78,4351.2
S004762,2023-10-01,M023,Software,8,5,155060.93,113475.73,41585.2,5801.02
S004763,2023-11-01,M023,Software,8,5,162552.65,113473.68,49078.97,3684.98
S004764,2023-12-01,M023,Software,7,4,144311.65,104197.13,40114.52,4085.34
S004765,2024-01-01,M023,Software,7,4,126252.01,92668.87,33583.14,3538.65
S004766,2024-02-01,M023,Software,7,4,117384.97,87709.46,29675.51,10235.51
S004767,2024-03-01,M023,Software,8,6,137290.66,96474.62,40816.04,3817.78
S004768,2024-04-01,M023,Software,7,5,116026.51,80779.34,35247.17,6409.23
S004769,2024-05-01,M023,Software,6,4,101431.73,73905.41,27526.32,3776.61
S004770,2024-06-01,M023,Software,7,3,123551.28,87235.84,36315.44,6453.78
S004771,2024-07-01,M023,Software,8,4,130568.58,91556.59,39011.99,7307.81
S004772,2024-08-01,M023,Software,7,3,133669.28,95409.85,38259.43,8239.37
S004773,2024-09-01,M023,Software,8,5,143033.76,100808.74,42225.02,5406.77
S004774,2024-10-01,M023,Software,8,4,165174.91,114524.47,50650.44,12277.11
S004775,2024-11-01,M023,Software,8,6,138385.29,100005.8,38379.49,8705.02
S004776,2024-12-01,M023,Software,10,7,175935.54,125578.07,50357.47,4199.64
S004777,2025-01-01,M023,Software,8,5,145893.21,104575.68,41317.53,5345.79
S004778,2025-02-01,M023,Software,9,5,170285.77,125352.39,44933.38,5857.84
S004779,2025-03-01,M023,Software,9,6,173316.51,123203.05,50113.46,4301.11
S004780,2025-04-01,M023,Software,9,5,177746.71,128955.63,48791.08,4752.61
S004781,2025-05-01,M023,Software,7,4,130708.01,91617.13,39090.88,4192.67
S004782,2025-06-01,M023,Software,7,5,116554.05,82482.27,34071.78,5393.05
S004783,2025-07-01,M023,Software,8,5,134960.3,94325.43,40634.87,7757.41
S004784,2025-08-01,M023,Software,9,5,155359.86,107958.26,47401.6,9090.44
S004785,2025-09-01,M023,Software,8,5,161333.42,118310.17,43023.25,9132.77
S004786,2025-10-01,M023,Software,11,7,189202.05,140665.25,48536.8,6930.31
S004787,2025-11-01,M023,Software,10,7,165867.92,124285.61,41582.31,8877.56
S004788,2025-12-01,M023,Software,9,5,146311.53,107969.89,38341.64,8994.61
S004789,2023-01-01,M023,Business Services,5,3,41019.45,28483.42,12536.03,1191.95
S004790,2023-02-01,M023,Business Services,5,3,49281.11,37009.69,12271.42,4136.3
S004791,2023-03-01,M023,Business Services,6,3,52231.42,37340.82,14890.6,3948.66
S004792,2023-04-01,M023,Business Services,6,4,59912.32,42671.86,17240.46,1954.41
S004793,2023-05-01,M023,Business Services,6,4,49692.51,34765.27,14927.24,3710.82
S004794,2023-06-01,M023,Business Services,6,4,59380.39,42233.47,17146.92,2266.43
S004795,2023-07-01,M023,Business Services,6,4,50513.87,36204.59,14309.28,2206.96
S004796,2023-08-01,M023,Business Services,7,4,63842.93,46152.75,17690.18,2333.01
S004797,2023-09-01,M023,Business Services,6,4,50170.44,37041.58,13128.86,2762.98
S004798,2023-10-01,M023,Business Services,7,4,63404.1,46163.21,17240.89,3046.91
S004799,2023-11-01,M023,Business Services,6,3,59793.95,44750.99,15042.96,3040.12
S004800,2023-12-01,M023,Business Services,6,3,53506.66,37746.19,15760.47,1438.86
S004801,2024-01-01,M023,Business Services,7,5,64225.78,45612.49,18613.29,5747.74
S004802,2024-02-01,M023,Business Services,6,3,57879.77,43332.14,14547.63,4242.57
S004803,2024-03-01,M023,Business Services,7,4,57784.35,41074.69,16709.66,2737.17
S004804,2024-04-01,M023,Business Services,7,4,59925.5,42313.68,17611.82,2443.76
S004805,2024-05-01,M023,Business Services,7,3,63898.99,47269.16,16629.83,4338.35
S004806,2024-06-01,M023,Business Services,6,4,53657.01,38135.72,15521.29,1924.86
S004807,2024-07-01,M023,Business Services,7,5,68309.67,48187.86,20121.81,5780.07
S004808,2024-08-01,M023,Business Services,7,3,60641.47,43164.09,17477.38,3499.34
S004809,2024-09-01,M023,Business Services,8,5,81043.09,60670.35,20372.74,2848.79
S004810,2024-10-01,M023,Business Services,8,5,68963.88,47909.1,21054.78,3992.31
S004811,2024-11-01,M023,Business Services,8,5,76332.54,54737.6,21594.94,2739.65
S004812,2024-12-01,M023,Business Services,9,6,84577.23,59531.16,25046.07,7328.3
S004813,2025-01-01,M023,Business Services,9,6,92097.81,64451.6,27646.21,5992.75
S004814,2025-02-01,M023,Business Services,8,4,70736.95,49967.4,20769.55,1733.69
S004815,2025-03-01,M023,Business Services,10,5,97713.6,71735.02,25978.58,5914.67
S004816,2025-04-01,M023,Business Services,7,4,58720.45,41245.99,17474.46,3146.65
S004817,2025-05-01,M023,Business Services,9,4,83763.59,60291.44,23472.15,5095.94
S004818,2025-06-01,M023,Business Services,10,6,82202.14,61046.84,21155.3,3569.76
S004819,2025-07-01,M023,Business Services,9,6,88898.69,65485.51,23413.18,5861.25
S004820,2025-08-01,M023,Business Services,10,6,87409.34,63796.41,23612.93,5567.95
S004821,2025-09-01,M023,Business Services,8,4,80428.48,56250.66,24177.82,2308.03
S004822,2025-10-01,M023,Business Services,9,6,88908.18,66883.02,22025.16,3993.42
S004823,2025-11-01,M023,Business Services,11,7,102329.79,71540.84,30788.95,8783.38
S004824,2025-12-01,M023,Business Services,12,7,110497.93,80764.1,29733.83,7506.1
S004825,2023-01-01,M023,Consulting,7,4,168142.36,126542.13,41600.23,5718.21
S004826,2023-02-01,M023,Consulting,6,4,171790.12,122828.46,48961.66,7673.51
S004827,2023-03-01,M023,Consulting,8,5,217664.72,152191.46,65473.26,13444.68
S004828,2023-04-01,M023,Consulting,7,4,197481.2,142863.23,54617.97,5175.51
S004829,2023-05-01,M023,Consulting,8,4,222647.28,163786.38,58860.9,14556.44
S004830,2023-06-01,M023,Consulting,8,4,206520.06,154862.28,51657.78,14216.63
S004831,2023-07-01,M023,Consulting,6,3,165873.68,119922.6,45951.08,8264.04
S004832,2023-08-01,M023,Consulting,7,4,187392.97,131794.31,55598.66,8850.8
S004833,2023-09-01,M023,Consulting,8,5,201079.58,140802.37,60277.21,15810.99
S004834,2023-10-01,M023,Consulting,7,4,180551.15,128022.62,52528.53,4073.99
S004835,2023-11-01,M023,Consulting,9,5,236365.39,164599.41,71765.98,12606.67
S004836,2023-12-01,M023,Consulting,7,4,170443.59,123393.2,47050.39,7380.82
S004837,2024-01-01,M023,Consulting,7,5,197041.48,146248.07,50793.41,7174.16
S004838,2024-02-01,M023,Consulting,8,5,217925.22,152639.13,65286.09,11708.69
S004839,2024-03-01,M023,Consulting,8,5,210187.83,147603.91,62583.92,17604.14
S004840,2024-04-01,M023,Consulting,9,6,208453.58,154573.19,53880.39,5186.7
S004841,2024-05-01,M023,Consulting,9,6,220650.26,164568.7,56081.56,5444.28
S004842,2024-06-01,M023,Consulting,9,7,255863.26,181213.53,74649.73,13956.62
S004843,2024-07-01,M023,Consulting,8,4,226752.92,168281.06,58471.86,20272.17
S004844,2024-08-01,M023,Consulting,9,5,204599.4,150334.08,54265.32,9751.52
S004845,2024-09-01,M023,Consulting,9,5,217024.2,161138.05,55886.15,15329.06
S004846,2024-10-01,M023,Consulting,10,6,230863.5,165385.23,65478.27,17157.47
S004847,2024-11-01,M023,Consulting,10,5,273238.28,197064.26,76174.02,13114.34
S004848,2024-12-01,M023,Consulting,11,6,313357.9,218024.55,95333.35,19146.18
S004849,2025-01-01,M023,Consulting,10,6,280120.58,203859.91,76260.67,14716.69
S004850,2025-02-01,M023,Consulting,10,7,227006.9,170735.59,56271.31,14253.66
S004851,2025-03-01,M023,Consulting,12,8,304567.67,222688.63,81879.04,25109.31
S004852,2025-04-01,M023,Consulting,9,7,254572.27,182811.46,71760.81,14148.0
S004853,2025-05-01,M023,Consulting,9,5,256668.25,185116.36,71551.89,21919.82
S004854,2025-06-01,M023,Consulting,10,6,233505.34,168527.65,64977.69,8370.09
S004855,2025-07-01,M023,Consulting,10,5,282492.6,200947.66,81544.94,18512.29
S004856,2025-08-01,M023,Consulting,11,8,312475.38,218308.88,94166.5,19739.4
S004857,2025-09-01,M023,Consulting,12,9,287215.06,212987.97,74227.09,14023.46
S004858,2025-10-01,M023,Consulting,13,7,311568.44,221762.04,89806.4,25899.16
S004859,2025-11-01,M023,Consulting,10,6,265550.84,188966.04,76584.8,10301.22
S004860,2025-12-01,M023,Consulting,11,8,307492.29,218087.39,89404.9,20558.36
S004861,2023-01-01,M023,Digital Solutions,5,3,77148.92,56954.13,20194.79,1582.52
S004862,2023-02-01,M023,Digital Solutions,6,3,82971.78,61952.27,21019.51,2187.16
S004863,2023-03-01,M023,Digital Solutions,7,4,104305.57,78416.14,25889.43,5127.35
S004864,2023-04-01,M023,Digital Solutions,5,3,73079.27,51095.78,21983.49,3993.75
S004865,2023-05-01,M023,Digital Solutions,5,3,75366.92,56286.68,19080.24,3973.5
S004866,2023-06-01,M023,Digital Solutions,6,4,78418.94,58290.86,20128.08,7003.46
S004867,2023-07-01,M023,Digital Solutions,6,4,86279.99,64061.09,22218.9,4054.13
S004868,2023-08-01,M023,Digital Solutions,5,3,76648.28,53242.17,23406.11,2604.08
S004869,2023-09-01,M023,Digital Solutions,6,4,79406.01,57781.72,21624.29,7091.38
S004870,2023-10-01,M023,Digital Solutions,6,4,80679.1,57760.9,22918.2,3768.71
S004871,2023-11-01,M023,Digital Solutions,7,5,98573.95,69336.54,29237.41,3129.89
S004872,2023-12-01,M023,Digital Solutions,7,4,97601.22,70967.88,26633.34,2586.49
S004873,2024-01-01,M023,Digital Solutions,6,4,92031.15,64837.09,27194.06,6200.74
S004874,2024-02-01,M023,Digital Solutions,7,5,107394.32,76393.08,31001.24,4256.14
S004875,2024-03-01,M023,Digital Solutions,8,4,100861.62,72466.89,28394.73,3271.67
S004876,2024-04-01,M023,Digital Solutions,7,4,92887.23,68862.62,24024.61,6243.71
S004877,2024-05-01,M023,Digital Solutions,7,4,94034.18,66343.11,27691.07,4322.27
S004878,2024-06-01,M023,Digital Solutions,8,5,111474.97,83288.72,28186.25,4214.66
S004879,2024-07-01,M023,Digital Solutions,6,3,92575.83,68664.99,23910.84,2990.29
S004880,2024-08-01,M023,Digital Solutions,7,4,97601.12,71269.64,26331.48,2864.45
S004881,2024-09-01,M023,Digital Solutions,7,3,94790.22,67623.49,27166.73,7422.12
S004882,2024-10-01,M023,Digital Solutions,8,5,128074.27,95306.97,32767.3,8241.85
S004883,2024-11-01,M023,Digital Solutions,10,7,160604.37,117165.18,43439.19,13095.63
S004884,2024-12-01,M023,Digital Solutions,10,7,156297.01,110646.45,45650.56,7796.78
S004885,2025-01-01,M023,Digital Solutions,9,6,126691.41,90281.0,36410.41,5395.8
S004886,2025-02-01,M023,Digital Solutions,7,5,98119.01,68260.23,29858.78,5107.44
S004887,2025-03-01,M023,Digital Solutions,10,6,126158.56,93196.02,32962.54,9571.89
S004888,2025-04-01,M023,Digital Solutions,8,4,115042.44,82867.34,32175.1,9826.84
S004889,2025-05-01,M023,Digital Solutions,10,7,147368.22,105680.39,41687.83,6839.42
S004890,2025-06-01,M023,Digital Solutions,10,6,146616.5,106982.75,39633.75,5582.42
S004891,2025-07-01,M023,Digital Solutions,7,5,99410.61,73981.49,25429.12,6459.05
S004892,2025-08-01,M023,Digital Solutions,10,7,141163.06,98262.11,42900.95,11185.7
S004893,2025-09-01,M023,Digital Solutions,9,6,115945.0,87051.79,28893.21,4063.0
S004894,2025-10-01,M023,Digital Solutions,10,7,159288.2,119297.39,39990.81,8181.39
S004895,2025-11-01,M023,Digital Solutions,10,6,138547.38,99605.61,38941.77,5930.59
S004896,2025-12-01,M023,Digital Solutions,11,6,166626.9,119695.21,46931.69,3565.85
S004897,2023-01-01,M023,SaaS,5,3,62444.63,45983.74,16460.89,2038.76
S004898,2023-02-01,M023,SaaS,5,3,68483.26,49968.25,18515.01,4436.09
S004899,2023-03-01,M023,SaaS,6,4,65135.64,48954.92,16180.72,5526.41
S004900,2023-04-01,M023,SaaS,5,3,63685.7,47120.56,16565.14,3094.93
S004901,2023-05-01,M023,SaaS,6,4,68927.87,49186.19,19741.68,1598.39
S004902,2023-06-01,M023,SaaS,7,5,81150.16,57103.49,24046.67,4809.71
S004903,2023-07-01,M023,SaaS,5,3,62055.89,43629.58,18426.31,2679.53
S004904,2023-08-01,M023,SaaS,6,3,65399.27,45832.02,19567.25,1562.96
S004905,2023-09-01,M023,SaaS,7,5,86917.26,64777.49,22139.77,7816.42
S004906,2023-10-01,M023,SaaS,7,4,83504.23,62031.56,21472.67,4675.52
S004907,2023-11-01,M023,SaaS,8,5,104654.19,74091.2,30562.99,6831.59
S004908,2023-12-01,M023,SaaS,7,5,84151.28,61140.72,23010.56,1987.99
S004909,2024-01-01,M023,SaaS,6,3,71114.29,49363.04,21751.25,5603.3
S004910,2024-02-01,M023,SaaS,6,3,78554.29,56508.54,22045.75,4749.97
S004911,2024-03-01,M023,SaaS,8,4,105756.3,77404.23,28352.07,2126.48
S004912,2024-04-01,M023,SaaS,6,4,80273.78,56339.81,23933.97,6484.18
S004913,2024-05-01,M023,SaaS,8,5,98980.34,73100.86,25879.48,2317.53
S004914,2024-06-01,M023,SaaS,6,3,67440.26,50561.4,16878.86,4876.95
S004915,2024-07-01,M023,SaaS,7,4,81506.44,59559.37,21947.07,3103.08
S004916,2024-08-01,M023,SaaS,7,4,91291.38,67201.76,24089.62,3312.42
S004917,2024-09-01,M023,SaaS,8,5,90012.94,63579.83,26433.11,4571.05
S004918,2024-10-01,M023,SaaS,8,5,106613.09,79653.9,26959.19,5479.33
S004919,2024-11-01,M023,SaaS,8,4,97116.01,68932.6,28183.41,4371.48
S004920,2024-12-01,M023,SaaS,8,5,102604.85,76585.44,26019.41,4839.74
S004921,2025-01-01,M023,SaaS,9,5,105655.37,73479.97,32175.4,6656.05
S004922,2025-02-01,M023,SaaS,9,7,113547.24,84231.96,29315.28,4376.98
S004923,2025-03-01,M023,SaaS,9,6,107307.01,76118.97,31188.04,4300.84
S004924,2025-04-01,M023,SaaS,8,4,98458.45,70206.48,28251.97,6017.81
S004925,2025-05-01,M023,SaaS,9,5,109611.79,77629.81,31981.98,8528.66
S004926,2025-06-01,M023,SaaS,7,5,80640.55,57767.47,22873.08,3983.03
S004927,2025-07-01,M023,SaaS,9,5,120747.22,83841.03,36906.19,9739.51
S004928,2025-08-01,M023,SaaS,9,5,105519.39,75943.27,29576.12,3585.6
S004929,2025-09-01,M023,SaaS,8,5,97708.43,68929.57,28778.86,7268.23
S004930,2025-10-01,M023,SaaS,9,6,118496.69,86692.29,31804.4,2755.73
S004931,2025-11-01,M023,SaaS,11,8,145078.19,103782.56,41295.63,6527.76
S004932,2025-12-01,M023,SaaS,10,6,116715.14,82728.1,33987.04,4329.15
S004933,2023-01-01,M023,IT Services,7,4,112634.66,79718.32,32916.34,9773.1
S004934,2023-02-01,M023,IT Services,7,5,104443.74,74958.97,29484.77,9281.89
S004935,2023-03-01,M023,IT Services,8,6,136675.42,94826.6,41848.82,11898.75
S004936,2023-04-01,M023,IT Services,6,3,110388.95,81380.03,29008.92,2749.76
S004937,2023-05-01,M023,IT Services,7,5,117177.6,86501.43,30676.17,5310.15
S004938,2023-06-01,M023,IT Services,7,3,120104.18,87540.48,32563.7,7174.88
S004939,2023-07-01,M023,IT Services,8,6,146995.79,102633.32,44362.47,3987.43
S004940,2023-08-01,M023,IT Services,8,5,139164.02,100179.91,38984.11,11834.57
S004941,2023-09-01,M023,IT Services,7,3,121244.65,87444.43,33800.22,6032.35
S004942,2023-10-01,M023,IT Services,7,4,118941.47,86074.05,32867.42,7948.27
S004943,2023-11-01,M023,IT Services,8,5,133873.61,95986.54,37887.07,8777.14
S004944,2023-12-01,M023,IT Services,9,5,161475.77,118763.84,42711.93,3408.36
S004945,2024-01-01,M023,IT Services,7,4,112115.25,84274.46,27840.79,6842.58
S004946,2024-02-01,M023,IT Services,7,4,102698.38,75596.25,27102.13,7096.14
S004947,2024-03-01,M023,IT Services,9,4,136097.3,100067.21,36030.09,7450.86
S004948,2024-04-01,M023,IT Services,9,6,140959.65,104773.98,36185.67,9532.91
S004949,2024-05-01,M023,IT Services,9,5,162526.53,113285.07,49241.46,3873.93
S004950,2024-06-01,M023,IT Services,7,5,115694.16,82786.78,32907.38,4810.9
S004951,2024-07-01,M023,IT Services,8,6,122022.85,88887.16,33135.69,3211.67
S004952,2024-08-01,M023,IT Services,9,6,141825.03,100507.0,41318.03,5807.2
S004953,2024-09-01,M023,IT Services,8,4,121215.28,88407.45,32807.83,4817.32
S004954,2024-10-01,M023,IT Services,8,6,143160.36,100640.16,42520.2,10098.6
S004955,2024-11-01,M023,IT Services,11,7,168329.05,120261.16,48067.89,4333.81
S004956,2024-12-01,M023,IT Services,11,7,191610.42,137456.95,54153.47,7991.41
S004957,2025-01-01,M023,IT Services,10,6,156097.85,110084.45,46013.4,13714.17
S004958,2025-02-01,M023,IT Services,11,6,188069.9,130430.19,57639.71,8439.43
S004959,2025-03-01,M023,IT Services,10,6,181787.06,130542.1,51244.96,7685.88
S004960,2025-04-01,M023,IT Services,11,7,200238.12,150006.37,50231.75,14879.18
S004961,2025-05-01,M023,IT Services,10,5,148757.1,108001.02,40756.08,6389.23
S004962,2025-06-01,M023,IT Services,11,8,160946.98,117111.49,43835.49,6639.26
S004963,2025-07-01,M023,IT Services,11,8,161742.95,113745.49,47997.46,14533.76
S004964,2025-08-01,M023,IT Services,12,7,211567.25,157272.79,54294.46,18641.21
S004965,2025-09-01,M023,IT Services,9,5,156884.34,110394.63,46489.71,9046.36
S004966,2025-10-01,M023,IT Services,13,7,198657.64,144016.78,54640.86,17247.77
S004967,2025-11-01,M023,IT Services,10,7,174617.17,128682.44,45934.73,15626.96
S004968,2025-12-01,M023,IT Services,14,7,216059.25,154722.36,61336.89,8240.09
S004969,2023-01-01,M024,Software,105,62,2133208.93,1397183.12,736025.81,133493.3
S004970,2023-02-01,M024,Software,88,58,1758708.9,1244259.28,514449.62,139447.0
S004971,2023-03-01,M024,Software,110,80,1832294.4,1195753.22,636541.18,76970.36
S004972,2023-04-01,M024,Software,91,54,1511332.6,988455.9,522876.7,106792.33
S004973,2023-05-01,M024,Software,81,49,1433337.98,985085.61,448252.37,65032.01
S004974,2023-06-01,M024,Software,102,80,1799614.05,1171799.77,627814.28,43410.33
S004975,2023-07-01,M024,Software,87,48,1582032.35,1034771.06,547261.29,110512.4
S004976,2023-08-01,M024,Software,104,73,2100383.71,1414053.98,686329.73,132269.14
S004977,2023-09-01,M024,Software,88,65,1552227.6,1044969.92,507257.68,122251.45
S004978,2023-10-01,M024,Software,99,72,1739867.63,1231960.6,507907.03,71770.08
S004979,2023-11-01,M024,Software,110,80,1872962.22,1281594.5,591367.72,55992.46
S004980,2023-12-01,M024,Software,115,87,2172439.71,1453958.7,718481.01,51824.3
S004981,2024-01-01,M024,Software,89,50,1689358.52,1170429.06,518929.46,45964.94
S004982,2024-02-01,M024,Software,92,53,1778036.7,1194390.31,583646.39,115305.96
S004983,2024-03-01,M024,Software,108,61,1778212.49,1234124.5,544087.99,140148.31
S004984,2024-04-01,M024,Software,101,68,1696382.5,1168212.5,528170.0,49839.43
S004985,2024-05-01,M024,Software,102,66,1717300.47,1199111.25,518189.22,145547.85
S004986,2024-06-01,M024,Software,85,48,1687036.22,1130567.96,556468.26,109088.08
S004987,2024-07-01,M024,Software,86,64,1716599.69,1172281.11,544318.58,80168.81
S004988,2024-08-01,M024,Software,86,58,1637562.32,1111240.23,526322.09,124412.43
S004989,2024-09-01,M024,Software,102,75,1657505.2,1131947.07,525558.13,49295.3
S004990,2024-10-01,M024,Software,114,80,2327472.05,1598538.19,728933.86,126752.65
S004991,2024-11-01,M024,Software,113,77,2062407.38,1425139.07,637268.31,64044.03
S004992,2024-12-01,M024,Software,90,71,1725708.31,1214160.29,511548.02,66807.68
S004993,2025-01-01,M024,Software,92,61,1543730.6,1076140.29,467590.31,91010.76
S004994,2025-02-01,M024,Software,110,64,1955075.84,1303086.39,651989.45,64593.05
S004995,2025-03-01,M024,Software,112,62,2155553.27,1464705.3,690847.97,182759.41
S004996,2025-04-01,M024,Software,102,74,1720065.71,1181177.95,538887.76,96531.1
S004997,2025-05-01,M024,Software,84,54,1469677.66,956055.88,513621.78,110799.95
S004998,2025-06-01,M024,Software,108,66,1952995.39,1309125.48,643869.91,80132.4
S004999,2025-07-01,M024,Software,98,64,1942447.84,1340979.36,601468.48,121381.82
S005000,2025-08-01,M024,Software,94,68,1532653.27,1074447.39,458205.88,98732.76
S005001,2025-09-01,M024,Software,113,78,1998650.11,1343749.54,654900.57,136201.51
S005002,2025-10-01,M024,Software,98,56,1759117.58,1207494.02,551623.56,78824.9
S005003,2025-11-01,M024,Software,117,70,2189641.9,1490381.05,699260.85,185839.78
S005004,2025-12-01,M024,Software,106,81,1883002.68,1300468.34,582534.34,157781.66
S005005,2023-01-01,M024,Business Services,96,54,861700.21,608652.37,253047.84,42368.36
S005006,2023-02-01,M024,Business Services,78,60,779807.2,507016.45,272790.75,20409.81
S005007,2023-03-01,M024,Business Services,83,60,708441.67,475882.54,232559.13,59896.86
S005008,2023-04-01,M024,Business Services,88,61,844551.01,570606.52,273944.49,69045.84
S005009,2023-05-01,M024,Business Services,95,66,815310.7,529789.37,285521.33,35098.28
S005010,2023-06-01,M024,Business Services,96,70,962676.98,654681.31,307995.67,73004.34
S005011,2023-07-01,M024,Business Services,96,70,898585.81,634261.68,264324.13,53796.22
S005012,2023-08-01,M024,Business Services,84,58,822808.78,546655.17,276153.61,63044.87
S005013,2023-09-01,M024,Business Services,95,74,819380.37,553270.2,266110.17,48552.87
S005014,2023-10-01,M024,Business Services,99,76,1015141.42,683525.54,331615.88,35584.46
S005015,2023-11-01,M024,Business Services,84,58,818126.73,536990.3,281136.43,58177.61
S005016,2023-12-01,M024,Business Services,97,72,841538.72,571768.31,269770.41,47290.06
S005017,2024-01-01,M024,Business Services,99,67,973467.11,680339.41,293127.7,42074.23
S005018,2024-02-01,M024,Business Services,96,56,970038.48,650753.8,319284.68,64456.43
S005019,2024-03-01,M024,Business Services,103,73,1036533.77,682382.33,354151.44,86484.57
S005020,2024-04-01,M024,Business Services,97,75,951599.8,623723.22,327876.58,33575.64
S005021,2024-05-01,M024,Business Services,84,50,762953.23,518348.28,244604.95,33569.46
S005022,2024-06-01,M024,Business Services,92,57,940219.2,633843.43,306375.77,78475.73
S005023,2024-07-01,M024,Business Services,95,64,900061.03,605519.14,294541.89,38411.31
S005024,2024-08-01,M024,Business Services,93,62,809546.57,538869.48,270677.09,34633.83
S005025,2024-09-01,M024,Business Services,94,59,778182.4,521572.75,256609.65,26494.49
S005026,2024-10-01,M024,Business Services,113,71,1002917.84,698068.42,304849.42,43208.42
S005027,2024-11-01,M024,Business Services,104,81,1006204.73,682320.19,323884.54,57978.96
S005028,2024-12-01,M024,Business Services,99,61,1017292.12,663948.11,353344.01,65643.77
S005029,2025-01-01,M024,Business Services,106,68,1070226.44,753988.1,316238.34,53509.14
S005030,2025-02-01,M024,Business Services,88,51,860942.0,564665.15,296276.85,54408.71
S005031,2025-03-01,M024,Business Services,101,62,869008.49,595781.54,273226.95,39011.09
S005032,2025-04-01,M024,Business Services,88,65,866972.65,585163.03,281809.62,71152.83
S005033,2025-05-01,M024,Business Services,97,64,916399.4,607623.18,308776.22,64682.95
S005034,2025-06-01,M024,Business Services,106,59,1086466.09,727777.72,358688.37,60083.94
S005035,2025-07-01,M024,Business Services,85,64,764235.49,504624.9,259610.59,17298.27
S005036,2025-08-01,M024,Business Services,102,64,935304.3,642701.91,292602.39,30003.29
S005037,2025-09-01,M024,Business Services,88,51,768391.34,523495.04,244896.3,55445.22
S005038,2025-10-01,M024,Business Services,97,69,822233.52,552289.51,269944.01,48290.44
S005039,2025-11-01,M024,Business Services,105,71,910516.9,626521.59,283995.31,21353.47
S005040,2025-12-01,M024,Business Services,90,63,831495.53,541149.9,290345.63,17101.76
S005041,2023-01-01,M024,Consulting,75,51,1721245.06,1204974.7,516270.36,139304.99
S005042,2023-02-01,M024,Consulting,65,39,1785290.21,1214745.4,570544.81,85724.56
S005043,2023-03-01,M024,Consulting,78,44,1923636.27,1278204.14,645432.13,94600.62
S005044,2023-04-01,M024,Consulting,57,34,1337448.38,899269.6,438178.78,84331.2
S005045,2023-05-01,M024,Consulting,66,50,1869200.43,1305228.5,563971.93,90101.15
S005046,2023-06-01,M024,Consulting,71,47,1618834.53,1082620.65,536213.88,55744.1
S005047,2023-07-01,M024,Consulting,76,57,1851983.45,1265280.9,586702.55,50922.11
S005048,2023-08-01,M024,Consulting,72,52,1989455.24,1332420.64,657034.6,101683.69
S005049,2023-09-01,M024,Consulting,70,50,1926321.06,1291917.74,634403.32,44267.17
S005050,2023-10-01,M024,Consulting,84,64,2388357.08,1688546.96,699810.12,168584.19
S005051,2023-11-01,M024,Consulting,81,57,2154781.89,1470046.01,684735.88,172948.56
S005052,2023-12-01,M024,Consulting,78,51,2181441.53,1487178.9,694262.63,57271.25
S005053,2024-01-01,M024,Consulting,61,36,1471556.99,1037953.28,433603.71,67624.87
S005054,2024-02-01,M024,Consulting,68,46,1652642.83,1111444.35,541198.48,84626.5
S005055,2024-03-01,M024,Consulting,77,58,2132509.95,1489788.85,642721.1,54918.58
S005056,2024-04-01,M024,Consulting,75,51,1954461.56,1279787.87,674673.69,108161.99
S005057,2024-05-01,M024,Consulting,68,43,1559121.71,1065122.1,493999.61,106268.91
S005058,2024-06-01,M024,Consulting,65,48,1707881.22,1125003.02,582878.2,58786.31
S005059,2024-07-01,M024,Consulting,61,47,1608841.64,1060983.73,547857.91,117692.37
S005060,2024-08-01,M024,Consulting,75,50,1989418.49,1369869.44,619549.05,106057.51
S005061,2024-09-01,M024,Consulting,69,45,1716045.24,1146239.9,569805.34,142178.35
S005062,2024-10-01,M024,Consulting,75,48,1829527.68,1254260.92,575266.76,119660.17
S005063,2024-11-01,M024,Consulting,81,57,1977370.79,1399661.01,577709.78,99330.57
S005064,2024-12-01,M024,Consulting,75,50,1845133.88,1242571.52,602562.36,109706.88
S005065,2025-01-01,M024,Consulting,80,58,2215034.21,1472417.17,742617.04,139268.96
S005066,2025-02-01,M024,Consulting,79,53,2244888.18,1549951.65,694936.53,91798.13
S005067,2025-03-01,M024,Consulting,68,40,1782340.5,1206283.19,576057.31,159675.7
S005068,2025-04-01,M024,Consulting,75,43,2132693.73,1466028.47,666665.26,111676.49
S005069,2025-05-01,M024,Consulting,79,58,2080939.77,1382929.81,698009.96,138226.14
S005070,2025-06-01,M024,Consulting,78,55,2093439.27,1418986.3,674452.97,67212.83
S005071,2025-07-01,M024,Consulting,81,54,2075868.77,1396805.29,679063.48,56609.7
S005072,2025-08-01,M024,Consulting,68,48,1840772.26,1248168.54,592603.72,49086.3
S005073,2025-09-01,M024,Consulting,73,56,1813179.73,1199671.87,613507.86,120691.4
S005074,2025-10-01,M024,Consulting,70,53,1809677.92,1279088.12,530589.8,80469.62
S005075,2025-11-01,M024,Consulting,67,49,1821510.87,1267672.08,553838.79,143111.15
S005076,2025-12-01,M024,Consulting,78,54,2161021.38,1449024.31,711997.07,119095.96
S005077,2023-01-01,M024,Digital Solutions,87,51,1369618.54,932236.59,437381.95,114549.19
S005078,2023-02-01,M024,Digital Solutions,93,53,1234757.14,813530.43,421226.71,43140.37
S005079,2023-03-01,M024,Digital Solutions,104,77,1542662.44,1041979.58,500682.86,63312.12
S005080,2023-04-01,M024,Digital Solutions,89,54,1372738.07,972757.17,399980.9,70175.99
S005081,2023-05-01,M024,Digital Solutions,96,58,1538568.37,1060022.0,478546.37,83451.62
S005082,2023-06-01,M024,Digital Solutions,99,74,1332485.47,887769.47,444716.0,78507.34
S005083,2023-07-01,M024,Digital Solutions,97,67,1559898.61,1060562.73,499335.88,54865.76
S005084,2023-08-01,M024,Digital Solutions,103,66,1574153.25,1024812.77,549340.48,82333.83
S005085,2023-09-01,M024,Digital Solutions,83,62,1075074.54,702528.94,372545.6,47685.39
S005086,2023-10-01,M024,Digital Solutions,104,74,1324710.18,867806.52,456903.66,96014.1
S005087,2023-11-01,M024,Digital Solutions,112,74,1721106.43,1144505.86,576600.57,38451.32
S005088,2023-12-01,M024,Digital Solutions,101,73,1335557.64,908900.56,426657.08,56049.51
S005089,2024-01-01,M024,Digital Solutions,81,62,1064853.16,738747.91,326105.25,48516.38
S005090,2024-02-01,M024,Digital Solutions,101,61,1466910.91,1021391.98,445518.93,89446.95
S005091,2024-03-01,M024,Digital Solutions,98,70,1355858.62,895783.94,460074.68,67780.1
S005092,2024-04-01,M024,Digital Solutions,107,68,1600540.62,1072622.7,527917.92,91075.84
S005093,2024-05-01,M024,Digital Solutions,91,61,1291343.78,848116.33,443227.45,74488.79
S005094,2024-06-01,M024,Digital Solutions,87,49,1161250.7,809218.39,352032.31,89902.98
S005095,2024-07-01,M024,Digital Solutions,101,71,1298904.17,857502.36,441401.81,80859.48
S005096,2024-08-01,M024,Digital Solutions,105,65,1503993.35,1003743.14,500250.21,94772.72
S005097,2024-09-01,M024,Digital Solutions,92,70,1456368.67,972299.24,484069.43,101740.06
S005098,2024-10-01,M024,Digital Solutions,109,71,1666630.64,1169751.94,496878.7,144244.52
S005099,2024-11-01,M024,Digital Solutions,95,75,1262175.72,877033.7,385142.02,111244.95
S005100,2024-12-01,M024,Digital Solutions,108,77,1706357.39,1176043.12,530314.27,61399.71
S005101,2025-01-01,M024,Digital Solutions,91,64,1415248.67,965826.82,449421.85,43498.71
S005102,2025-02-01,M024,Digital Solutions,105,71,1681058.71,1125237.34,555821.37,145244.9
S005103,2025-03-01,M024,Digital Solutions,108,65,1636535.79,1141298.27,495237.52,141099.34
S005104,2025-04-01,M024,Digital Solutions,102,76,1335712.09,907208.7,428503.39,98109.54
S005105,2025-05-01,M024,Digital Solutions,93,72,1205549.87,840768.41,364781.46,80838.56
S005106,2025-06-01,M024,Digital Solutions,109,81,1436823.23,954957.61,481865.62,94883.84
S005107,2025-07-01,M024,Digital Solutions,91,53,1266869.04,892124.58,374744.46,77267.18
S005108,2025-08-01,M024,Digital Solutions,105,72,1619215.57,1064803.94,554411.63,70144.85
S005109,2025-09-01,M024,Digital Solutions,100,62,1601861.0,1112214.93,489646.07,82664.59
S005110,2025-10-01,M024,Digital Solutions,97,68,1350375.64,906288.53,444087.11,47308.94
S005111,2025-11-01,M024,Digital Solutions,101,76,1371637.99,966006.31,405631.68,37934.41
S005112,2025-12-01,M024,Digital Solutions,93,69,1345071.29,941281.03,403790.26,112119.71
S005113,2023-01-01,M024,SaaS,67,52,761303.63,538075.91,223227.72,51845.13
S005114,2023-02-01,M024,SaaS,66,39,876254.84,602344.67,273910.17,23675.28
S005115,2023-03-01,M024,SaaS,82,54,1119600.04,755204.23,364395.81,45974.78
S005116,2023-04-01,M024,SaaS,65,48,756494.37,513356.55,243137.82,19380.62
S005117,2023-05-01,M024,SaaS,72,42,783626.68,511919.84,271706.84,51978.98
S005118,2023-06-01,M024,SaaS,69,42,800461.33,522204.88,278256.45,21469.35
S005119,2023-07-01,M024,SaaS,67,39,765218.82,514341.86,250876.96,25781.49
S005120,2023-08-01,M024,SaaS,75,57,898850.85,598872.68,299978.17,75104.05
S005121,2023-09-01,M024,SaaS,65,45,895319.99,616413.5,278906.49,48187.73
S005122,2023-10-01,M024,SaaS,72,49,945103.6,634573.73,310529.87,67889.04
S005123,2023-11-01,M024,SaaS,78,52,995484.13,687025.98,308458.15,24486.55
S005124,2023-12-01,M024,SaaS,80,63,983757.04,640728.63,343028.41,57246.8
S005125,2024-01-01,M024,SaaS,84,54,919630.09,613198.55,306431.54,50644.28
S005126,2024-02-01,M024,SaaS,83,50,952720.86,665405.6,287315.26,29847.29
S005127,2024-03-01,M024,SaaS,91,64,1200065.76,797086.27,402979.49,60072.87
S005128,2024-04-01,M024,SaaS,72,50,795595.94,517949.11,277646.83,55894.34
S005129,2024-05-01,M024,SaaS,81,49,1040460.58,699204.31,341256.27,87212.02
S005130,2024-06-01,M024,SaaS,84,58,1150444.54,796060.55,354383.99,83462.7
S005131,2024-07-01,M024,SaaS,80,48,895365.21,624661.43,270703.78,80460.59
S005132,2024-08-01,M024,SaaS,82,57,1053538.55,691335.13,362203.42,26170.52
S005133,2024-09-01,M024,SaaS,86,59,954558.99,642061.54,312497.45,55496.19
S005134,2024-10-01,M024,SaaS,86,57,931579.86,619907.07,311672.79,26317.69
S005135,2024-11-01,M024,SaaS,80,48,1007606.67,692283.19,315323.48,48222.16
S005136,2024-12-01,M024,SaaS,75,57,1024335.12,689266.65,335068.47,20733.88
S005137,2025-01-01,M024,SaaS,70,45,910343.81,631964.2,278379.61,53280.79
S005138,2025-02-01,M024,SaaS,78,50,907064.59,589073.03,317991.56,73053.86
S005139,2025-03-01,M024,SaaS,96,58,1259338.35,844869.24,414469.11,45531.79
S005140,2025-04-01,M024,SaaS,79,49,1014938.98,696342.99,318595.99,26173.05
S005141,2025-05-01,M024,SaaS,77,50,1036124.98,692521.37,343603.61,26848.35
S005142,2025-06-01,M024,SaaS,74,57,882978.76,584408.61,298570.15,60323.99
S005143,2025-07-01,M024,SaaS,75,41,846657.98,553451.22,293206.76,19723.7
S005144,2025-08-01,M024,SaaS,87,49,1177340.24,781133.0,396207.24,30698.72
S005145,2025-09-01,M024,SaaS,75,50,952826.85,658586.32,294240.53,56824.97
S005146,2025-10-01,M024,SaaS,73,44,965357.72,676271.09,289086.63,49972.42
S005147,2025-11-01,M024,SaaS,86,57,1149911.24,794307.55,355603.69,38472.8
S005148,2025-12-01,M024,SaaS,83,56,1122381.12,788355.0,334026.12,46289.84
S005149,2023-01-01,M024,IT Services,71,51,1023766.81,669946.2,353820.61,48578.99
S005150,2023-02-01,M024,IT Services,64,38,1084055.66,739452.62,344603.04,46021.64
S005151,2023-03-01,M024,IT Services,64,41,987870.11,685743.13,302126.98,51120.49
S005152,2023-04-01,M024,IT Services,70,46,1250387.43,843930.23,406457.2,30315.48
S005153,2023-05-01,M024,IT Services,62,37,973300.16,687198.7,286101.46,76886.25
S005154,2023-06-01,M024,IT Services,73,54,1184073.58,813341.73,370731.85,93473.68
S005155,2023-07-01,M024,IT Services,71,50,1156567.03,766780.87,389786.16,41561.54
S005156,2023-08-01,M024,IT Services,58,40,932686.14,651502.75,281183.39,66006.77
S005157,2023-09-01,M024,IT Services,62,45,1016768.4,719466.79,297301.61,91120.89
S005158,2023-10-01,M024,IT Services,67,49,1045788.17,696133.46,349654.71,59958.23
S005159,2023-11-01,M024,IT Services,61,38,1091472.0,736882.6,354589.4,83104.13
S005160,2023-12-01,M024,IT Services,78,53,1432338.08,962561.27,469776.81,114517.15
S005161,2024-01-01,M024,IT Services,72,42,1051621.74,719794.16,331827.58,83508.97
S005162,2024-02-01,M024,IT Services,73,46,1220478.65,857003.36,363475.29,92991.0
S005163,2024-03-01,M024,IT Services,69,39,1023270.71,693620.99,329649.72,91609.4
S005164,2024-04-01,M024,IT Services,65,40,1052889.5,701430.56,351458.94,75831.82
S005165,2024-05-01,M024,IT Services,64,42,1052604.43,732838.92,319765.51,32229.75
S005166,2024-06-01,M024,IT Services,64,44,997387.08,667322.97,330064.11,85804.35
S005167,2024-07-01,M024,IT Services,70,51,1170391.6,802106.0,368285.6,44530.45
S005168,2024-08-01,M024,IT Services,70,47,1105684.95,745023.5,360661.45,87348.63
S005169,2024-09-01,M024,IT Services,64,44,1074549.54,756622.71,317926.83,93238.71
S005170,2024-10-01,M024,IT Services,77,50,1176093.03,772379.11,403713.92,57256.56
S005171,2024-11-01,M024,IT Services,74,41,1292788.8,873112.79,419676.01,65737.68
S005172,2024-12-01,M024,IT Services,72,50,1171695.57,813405.28,358290.29,40257.63
S005173,2025-01-01,M024,IT Services,69,52,1033430.96,684306.22,349124.74,54555.35
S005174,2025-02-01,M024,IT Services,61,44,1063547.03,718364.71,345182.32,71157.25
S005175,2025-03-01,M024,IT Services,64,50,1115978.08,790225.6,325752.48,31943.97
S005176,2025-04-01,M024,IT Services,69,45,1045331.05,727945.99,317385.06,50678.34
S005177,2025-05-01,M024,IT Services,78,55,1175592.65,776952.68,398639.97,42589.35
S005178,2025-06-01,M024,IT Services,72,53,1051743.09,691401.03,360342.06,66443.64
S005179,2025-07-01,M024,IT Services,77,47,1225558.25,853049.68,372508.57,94377.39
S005180,2025-08-01,M024,IT Services,77,58,1401995.3,941398.84,460596.46,124698.72
S005181,2025-09-01,M024,IT Services,64,38,1156385.34,777934.65,378450.69,50956.45
S005182,2025-10-01,M024,IT Services,66,41,1092349.03,734394.19,357954.84,81376.68
S005183,2025-11-01,M024,IT Services,77,44,1264601.28,838868.71,425732.57,88620.95
S005184,2025-12-01,M024,IT Services,65,48,1159986.33,771036.03,388950.3,66321.49
S005185,2023-01-01,M025,Software,6,4,118256.55,83162.57,35093.98,3247.84
S005186,2023-02-01,M025,Software,8,5,157128.07,112192.1,44935.97,3250.41
S005187,2023-03-01,M025,Software,7,4,123197.07,85177.27,38019.8,9381.62
S005188,2023-04-01,M025,Software,6,4,108275.32,80383.76,27891.56,9522.12
S005189,2023-05-01,M025,Software,7,5,128509.65,94374.71,34134.94,11126.85
S005190,2023-06-01,M025,Software,7,4,127468.85,90071.18,37397.67,8605.61
S005191,2023-07-01,M025,Software,6,4,122875.79,85143.96,37731.83,4600.16
S005192,2023-08-01,M025,Software,6,4,121553.04,83674.9,37878.14,10674.63
S005193,2023-09-01,M025,Software,8,5,164320.49,121293.21,43027.28,14230.06
S005194,2023-10-01,M025,Software,9,6,167667.8,119231.68,48436.12,9509.09
S005195,2023-11-01,M025,Software,8,6,148298.21,103064.14,45234.07,11245.55
S005196,2023-12-01,M025,Software,7,5,138775.32,99480.12,39295.2,10519.76
S005197,2024-01-01,M025,Software,7,5,128327.52,92754.1,35573.42,6090.57
S005198,2024-02-01,M025,Software,8,5,138040.37,100550.61,37489.76,7997.11
S005199,2024-03-01,M025,Software,9,6,146585.14,100779.46,45805.68,3355.76
S005200,2024-04-01,M025,Software,8,5,154251.89,106712.04,47539.85,3313.97
S005201,2024-05-01,M025,Software,9,6,172371.38,117732.68,54638.7,12173.06
S005202,2024-06-01,M025,Software,9,5,184158.18,126481.57,57676.61,7233.71
S005203,2024-07-01,M025,Software,9,5,180827.98,124208.76,56619.22,14609.28
S005204,2024-08-01,M025,Software,8,5,161080.06,113073.74,48006.32,11562.41
S005205,2024-09-01,M025,Software,10,6,180258.92,130441.26,49817.66,9249.47
S005206,2024-10-01,M025,Software,9,6,155107.38,112620.15,42487.23,3703.68
S005207,2024-11-01,M025,Software,10,7,175155.96,125301.52,49854.44,15014.3
S005208,2024-12-01,M025,Software,9,4,184987.61,131944.51,53043.1,10089.0
S005209,2025-01-01,M025,Software,11,7,188900.29,135043.78,53856.51,12297.12
S005210,2025-02-01,M025,Software,10,7,200899.29,141219.02,59680.27,17769.07
S005211,2025-03-01,M025,Software,10,5,183844.2,128483.83,55360.37,12217.58
S005212,2025-04-01,M025,Software,10,7,189943.24,134939.14,55004.1,5070.68
S005213,2025-05-01,M025,Software,9,5,163307.56,117476.64,45830.92,12948.92
S005214,2025-06-01,M025,Software,10,5,189784.13,133574.6,56209.53,11387.43
S005215,2025-07-01,M025,Software,9,6,152066.87,110435.42,41631.45,6797.12
S005216,2025-08-01,M025,Software,10,7,205628.91,145954.95,59673.96,4166.57
S005217,2025-09-01,M025,Software,10,7,170896.69,121575.4,49321.29,7490.85
S005218,2025-10-01,M025,Software,11,8,195211.71,144589.41,50622.3,12535.38
S005219,2025-11-01,M025,Software,12,7,201144.22,142523.03,58621.19,6993.96
S005220,2025-12-01,M025,Software,13,8,227121.71,157325.49,69796.22,4850.82
S005221,2023-01-01,M025,Business Services,6,4,52686.5,38690.47,13996.03,4723.05
S005222,2023-02-01,M025,Business Services,8,6,70182.48,51334.42,18848.06,5465.17
S005223,2023-03-01,M025,Business Services,7,4,58752.01,42235.49,16516.52,3301.82
S005224,2023-04-01,M025,Business Services,7,5,59500.62,42958.74,16541.88,5157.09
S005225,2023-05-01,M025,Business Services,8,6,77897.11,54289.46,23607.65,6596.35
S005226,2023-06-01,M025,Business Services,7,5,64260.26,47277.05,16983.21,2445.22
S005227,2023-07-01,M025,Business Services,6,3,57100.47,40161.99,16938.48,2358.31
S005228,2023-08-01,M025,Business Services,8,5,67766.24,50233.02,17533.22,3140.79
S005229,2023-09-01,M025,Business Services,7,4,63096.08,45773.7,17322.38,2619.56
S005230,2023-10-01,M025,Business Services,9,6,86013.69,63039.01,22974.68,5413.43
S005231,2023-11-01,M025,Business Services,9,6,77484.49,57221.19,20263.3,5060.45
S005232,2023-12-01,M025,Business Services,9,5,82435.73,60561.3,21874.43,7194.22
S005233,2024-01-01,M025,Business Services,8,5,75017.23,51264.45,23752.78,1845.96
S005234,2024-02-01,M025,Business Services,9,6,82577.12,57015.1,25562.02,6732.4
S005235,2024-03-01,M025,Business Services,9,6,92522.36,67800.14,24722.22,2665.79
S005236,2024-04-01,M025,Business Services,8,4,65394.95,46270.56,19124.39,4052.63
S005237,2024-05-01,M025,Business Services,7,5,68005.86,47529.69,20476.17,5312.13
S005238,2024-06-01,M025,Business Services,10,7,96272.32,66591.42,29680.9,3554.46
S005239,2024-07-01,M025,Business Services,10,5,91352.58,66867.85,24484.73,4359.36
S005240,2024-08-01,M025,Business Services,10,6,102600.04,72076.07,30523.97,6157.07
S005241,2024-09-01,M025,Business Services,10,7,95268.02,68031.1,27236.92,2744.78
S005242,2024-10-01,M025,Business Services,10,6,103025.06,74121.29,28903.77,9164.46
S005243,2024-11-01,M025,Business Services,9,6,76212.57,54668.23,21544.34,4924.55
S005244,2024-12-01,M025,Business Services,11,8,105122.67,73815.3,31307.37,5172.87
S005245,2025-01-01,M025,Business Services,9,6,88847.21,64914.88,23932.33,2289.54
S005246,2025-02-01,M025,Business Services,9,6,73302.55,50793.44,22509.11,3679.01
S005247,2025-03-01,M025,Business Services,12,8,109754.28,80072.59,29681.69,5288.83
S005248,2025-04-01,M025,Business Services,9,6,75800.8,54316.28,21484.52,4565.14
S005249,2025-05-01,M025,Business Services,11,7,99800.02,73187.91,26612.11,4836.36
S005250,2025-06-01,M025,Business Services,12,8,105329.86,74773.31,30556.55,5711.23
S005251,2025-07-01,M025,Business Services,12,8,105788.67,76413.22,29375.45,2504.53
S005252,2025-08-01,M025,Business Services,12,7,103911.78,73448.29,30463.49,5662.12
S005253,2025-09-01,M025,Business Services,10,7,82376.22,58385.96,23990.26,7127.65
S005254,2025-10-01,M025,Business Services,13,8,121998.95,87853.68,34145.27,5051.29
S005255,2025-11-01,M025,Business Services,11,7,103640.18,72489.11,31151.07,8266.03
S005256,2025-12-01,M025,Business Services,13,9,130604.95,95377.02,35227.93,8910.17
S005257,2023-01-01,M025,Consulting,5,3,122949.18,85411.28,37537.9,9578.54
S005258,2023-02-01,M025,Consulting,6,3,143299.31,98014.1,45285.21,7694.91
S005259,2023-03-01,M025,Consulting,6,3,168680.48,122049.24,46631.24,3969.58
S005260,2023-04-01,M025,Consulting,7,4,161939.35,112308.63,49630.72,6561.53
S005261,2023-05-01,M025,Consulting,6,3,158757.79,113531.51,45226.28,5296.39
S005262,2023-06-01,M025,Consulting,7,4,168075.58,118259.73,49815.85,7175.78
S005263,2023-07-01,M025,Consulting,5,2,120266.82,83071.2,37195.62,3212.16
S005264,2023-08-01,M025,Consulting,5,3,123926.17,87267.53,36658.64,7113.67
S005265,2023-09-01,M025,Consulting,6,4,170850.83,119391.65,51459.18,15348.67
S005266,2023-10-01,M025,Consulting,6,3,168576.04,123375.61,45200.43,11337.96
S005267,2023-11-01,M025,Consulting,8,5,183560.32,131874.12,51686.2,5679.15
S005268,2023-12-01,M025,Consulting,8,6,186579.8,130000.26,56579.54,14190.31
S005269,2024-01-01,M025,Consulting,6,4,154382.72,110844.16,43538.56,12213.78
S005270,2024-02-01,M025,Consulting,8,5,224296.3,165307.52,58988.78,9970.14
S005271,2024-03-01,M025,Consulting,8,5,195503.02,144762.14,50740.88,16659.21
S005272,2024-04-01,M025,Consulting,8,5,223724.31,154236.55,69487.76,15311.79
S005273,2024-05-01,M025,Consulting,8,5,204808.88,141333.81,63475.07,17455.33
S005274,2024-06-01,M025,Consulting,7,4,199447.17,143743.21,55703.96,5824.31
S005275,2024-07-01,M025,Consulting,7,4,194245.43,137649.11,56596.32,14014.54
S005276,2024-08-01,M025,Consulting,7,5,186871.61,137379.88,49491.73,12333.4
S005277,2024-09-01,M025,Consulting,9,6,215856.37,149088.84,66767.53,17523.23
S005278,2024-10-01,M025,Consulting,7,4,160700.64,110126.88,50573.76,4944.6
S005279,2024-11-01,M025,Consulting,8,5,199270.62,145730.7,53539.92,13298.35
S005280,2024-12-01,M025,Consulting,8,5,223863.22,156964.9,66898.32,15224.65
S005281,2025-01-01,M025,Consulting,9,5,253850.84,181023.87,72826.97,18318.23
S005282,2025-02-01,M025,Consulting,9,5,206923.91,144820.2,62103.71,15064.42
S005283,2025-03-01,M025,Consulting,10,7,270792.47,194643.93,76148.54,14620.48
S005284,2025-04-01,M025,Consulting,9,6,208021.68,149449.81,58571.87,4717.63
S005285,2025-05-01,M025,Consulting,10,7,266027.73,187802.92,78224.81,9847.05
S005286,2025-06-01,M025,Consulting,9,5,231089.41,167600.67,63488.74,16492.88
S005287,2025-07-01,M025,Consulting,8,6,197661.06,139949.53,57711.53,12198.04
S005288,2025-08-01,M025,Consulting,11,7,292932.64,206725.07,86207.57,26225.75
S005289,2025-09-01,M025,Consulting,10,6,235019.51,167220.61,67798.9,13320.99
S005290,2025-10-01,M025,Consulting,9,7,242692.63,167990.77,74701.86,4884.05
S005291,2025-11-01,M025,Consulting,11,7,293784.53,217229.68,76554.85,11847.4
S005292,2025-12-01,M025,Consulting,9,5,214356.28,151763.92,62592.36,4553.35
S005293,2023-01-01,M025,Digital Solutions,6,4,76204.34,54471.47,21732.87,1789.29
S005294,2023-02-01,M025,Digital Solutions,5,3,78475.39,57162.58,21312.81,4777.52
S005295,2023-03-01,M025,Digital Solutions,7,4,103917.81,73116.65,30801.16,4144.65
S005296,2023-04-01,M025,Digital Solutions,6,3,94325.67,65878.25,28447.42,5061.18
S005297,2023-05-01,M025,Digital Solutions,6,4,83557.28,59635.34,23921.94,4115.19
S005298,2023-06-01,M025,Digital Solutions,6,4,82690.15,58898.99,23791.16,2238.28
S005299,2023-07-01,M025,Digital Solutions,6,3,76554.11,55343.27,21210.84,5794.56
S005300,2023-08-01,M025,Digital Solutions,7,4,95639.92,70617.43,25022.49,2511.35
S005301,2023-09-01,M025,Digital Solutions,5,3,70680.67,50756.8,19923.87,2138.69
S005302,2023-10-01,M025,Digital Solutions,7,4,101166.77,74911.92,26254.85,5057.99
S005303,2023-11-01,M025,Digital Solutions,8,4,122374.85,88723.03,33651.82,6577.38
S005304,2023-12-01,M025,Digital Solutions,7,5,90635.83,64578.73,26057.1,5347.94
S005305,2024-01-01,M025,Digital Solutions,6,4,93232.63,64261.88,28970.75,3712.71
S005306,2024-02-01,M025,Digital Solutions,7,4,109076.79,75417.29,33659.5,7257.43
S005307,2024-03-01,M025,Digital Solutions,7,4,108242.58,76096.8,32145.78,2344.99
S005308,2024-04-01,M025,Digital Solutions,6,3,87986.93,60242.98,27743.95,7878.96
S005309,2024-05-01,M025,Digital Solutions,8,5,117212.18,83904.43,33307.75,4057.26
S005310,2024-06-01,M025,Digital Solutions,8,5,113630.93,81135.4,32495.53,6077.18
S005311,2024-07-01,M025,Digital Solutions,7,4,93456.6,64945.97,28510.63,7060.53
S005312,2024-08-01,M025,Digital Solutions,7,4,107124.95,73526.96,33597.99,2366.78
S005313,2024-09-01,M025,Digital Solutions,7,4,92056.02,64552.7,27503.32,7878.03
S005314,2024-10-01,M025,Digital Solutions,10,6,160078.04,111971.19,48106.85,8106.0
S005315,2024-11-01,M025,Digital Solutions,9,7,126402.46,93818.71,32583.75,6185.11
S005316,2024-12-01,M025,Digital Solutions,8,5,114702.86,79658.74,35044.12,3095.18
S005317,2025-01-01,M025,Digital Solutions,8,5,104867.62,72580.16,32287.46,7808.36
S005318,2025-02-01,M025,Digital Solutions,9,5,118626.91,82776.52,35850.39,3449.05
S005319,2025-03-01,M025,Digital Solutions,10,6,139029.81,101132.16,37897.65,7175.68
S005320,2025-04-01,M025,Digital Solutions,10,7,132455.83,91067.19,41388.64,6070.1
S005321,2025-05-01,M025,Digital Solutions,9,5,121665.43,89811.19,31854.24,9679.56
S005322,2025-06-01,M025,Digital Solutions,8,6,125511.73,85789.57,39722.16,3120.41
S005323,2025-07-01,M025,Digital Solutions,9,5,130481.35,89991.1,40490.25,4250.89
S005324,2025-08-01,M025,Digital Solutions,9,6,130829.75,95385.28,35444.47,7066.64
S005325,2025-09-01,M025,Digital Solutions,10,6,139356.61,96772.3,42584.31,3595.8
S005326,2025-10-01,M025,Digital Solutions,9,5,123573.21,88465.98,35107.23,9495.52
S005327,2025-11-01,M025,Digital Solutions,12,7,157722.3,109062.58,48659.72,11978.56
S005328,2025-12-01,M025,Digital Solutions,10,6,134787.17,96433.91,38353.26,6402.67
S005329,2023-01-01,M025,SaaS,6,3,73116.42,51240.88,21875.54,1675.0
S005330,2023-02-01,M025,SaaS,8,6,107315.7,79156.49,28159.21,2383.44
S005331,2023-03-01,M025,SaaS,6,4,76163.37,55715.82,20447.55,6428.65
S005332,2023-04-01,M025,SaaS,7,4,80819.26,57965.61,22853.65,1652.6
S005333,2023-05-01,M025,SaaS,6,3,81552.23,59539.44,22012.79,6616.74
S005334,2023-06-01,M025,SaaS,7,5,93047.2,68080.31,24966.89,7099.19
S005335,2023-07-01,M025,SaaS,7,5,93386.98,65884.69,27502.29,6167.69
S005336,2023-08-01,M025,SaaS,8,6,103830.75,73444.93,30385.82,6090.17
S005337,2023-09-01,M025,SaaS,8,4,109651.74,76320.54,33331.2,2795.51
S005338,2023-10-01,M025,SaaS,7,5,86429.04,59588.66,26840.38,6918.69
S005339,2023-11-01,M025,SaaS,9,6,105625.36,78133.89,27491.47,4639.74
S005340,2023-12-01,M025,SaaS,7,5,78888.02,56875.96,22012.06,4034.76
S005341,2024-01-01,M025,SaaS,8,4,93883.66,64320.93,29562.73,4251.15
S005342,2024-02-01,M025,SaaS,7,5,92240.08,67445.98,24794.1,7673.59
S005343,2024-03-01,M025,SaaS,9,5,119273.26,84722.93,34550.33,4161.16
S005344,2024-04-01,M025,SaaS,7,4,92595.81,65189.42,27406.39,7753.02
S005345,2024-05-01,M025,SaaS,8,5,109112.78,75500.37,33612.41,4688.42
S005346,2024-06-01,M025,SaaS,10,6,131716.78,93532.04,38184.74,5102.84
S005347,2024-07-01,M025,SaaS,8,6,108896.62,76089.5,32807.12,6890.61
S005348,2024-08-01,M025,SaaS,9,7,111382.1,76076.49,35305.61,9576.61
S005349,2024-09-01,M025,SaaS,8,4,91890.22,66865.54,25024.68,8262.91
S005350,2024-10-01,M025,SaaS,9,5,114211.99,84586.35,29625.64,2850.34
S005351,2024-11-01,M025,SaaS,11,6,124338.38,90561.19,33777.19,6411.44
S005352,2024-12-01,M025,SaaS,9,5,114639.4,78588.56,36050.84,6216.18
S005353,2025-01-01,M025,SaaS,11,6,141419.69,96868.58,44551.11,3093.32
S005354,2025-02-01,M025,SaaS,10,6,117968.62,83429.79,34538.83,3140.73
S005355,2025-03-01,M025,SaaS,10,6,119654.92,83772.47,35882.45,2907.65
S005356,2025-04-01,M025,SaaS,10,7,120000.17,86252.14,33748.03,9765.25
S005357,2025-05-01,M025,SaaS,10,7,125516.35,89609.83,35906.52,4896.85
S005358,2025-06-01,M025,SaaS,10,5,108363.51,78214.39,30149.12,5241.56
S005359,2025-07-01,M025,SaaS,9,7,122076.54,86693.84,35382.7,6445.33
S005360,2025-08-01,M025,SaaS,12,7,163788.63,119354.93,44433.7,5820.17
S005361,2025-09-01,M025,SaaS,11,7,129028.1,89627.59,39400.51,4404.92
S005362,2025-10-01,M025,SaaS,14,7,173367.82,119526.52,53841.3,14207.09
S005363,2025-11-01,M025,SaaS,12,8,156920.03,114979.83,41940.2,14042.62
S005364,2025-12-01,M025,SaaS,12,6,162788.89,113770.38,49018.51,6602.84
S005365,2023-01-01,M025,IT Services,8,5,134141.38,95195.35,38946.03,4818.56
S005366,2023-02-01,M025,IT Services,7,5,109285.07,78322.28,30962.79,5300.43
S005367,2023-03-01,M025,IT Services,9,5,163444.43,113843.74,49600.69,14545.69
S005368,2023-04-01,M025,IT Services,8,5,141393.39,102710.08,38683.31,6392.89
S005369,2023-05-01,M025,IT Services,9,6,156856.73,110029.82,46826.91,10765.27
S005370,2023-06-01,M025,IT Services,8,4,135248.25,100299.67,34948.58,4735.17
S005371,2023-07-01,M025,IT Services,8,4,138870.37,98800.35,40070.02,10860.08
S005372,2023-08-01,M025,IT Services,8,6,122126.59,87549.56,34577.03,5036.59
S005373,2023-09-01,M025,IT Services,8,6,123937.48,88307.76,35629.72,8749.27
S005374,2023-10-01,M025,IT Services,11,6,191234.92,137002.5,54232.42,8496.51
S005375,2023-11-01,M025,IT Services,10,7,182789.96,127480.66,55309.3,11611.07
S005376,2023-12-01,M025,IT Services,11,7,175472.89,124584.72,50888.17,4645.51
S005377,2024-01-01,M025,IT Services,10,7,182358.36,127506.57,54851.79,6209.86
S005378,2024-02-01,M025,IT Services,8,5,144557.15,102090.74,42466.41,12374.93
S005379,2024-03-01,M025,IT Services,10,6,166368.6,114607.35,51761.25,13490.82
S005380,2024-04-01,M025,IT Services,11,7,163913.0,120582.63,43330.37,4671.6
S005381,2024-05-01,M025,IT Services,9,5,154709.49,111088.67,43620.82,9725.79
S005382,2024-06-01,M025,IT Services,11,7,169970.83,119138.6,50832.23,5881.64
S005383,2024-07-01,M025,IT Services,10,7,161914.42,111542.43,50371.99,6592.82
S005384,2024-08-01,M025,IT Services,12,8,190109.72,129862.84,60246.88,15432.19
S005385,2024-09-01,M025,IT Services,11,6,187502.13,133375.17,54126.96,14774.22
S005386,2024-10-01,M025,IT Services,10,6,159804.79,118259.68,41545.11,9719.87
S005387,2024-11-01,M025,IT Services,10,6,168173.47,123428.34,44745.13,4008.12
S005388,2024-12-01,M025,IT Services,10,7,159577.21,109472.48,50104.73,3726.72
S005389,2025-01-01,M025,IT Services,10,7,176760.67,127768.51,48992.16,12813.24
S005390,2025-02-01,M025,IT Services,10,6,146951.98,100959.65,45992.33,8961.04
S005391,2025-03-01,M025,IT Services,11,6,169504.65,123582.27,45922.38,10787.96
S005392,2025-04-01,M025,IT Services,12,7,177010.56,123316.05,53694.51,4121.07
S005393,2025-05-01,M025,IT Services,13,8,221267.73,153646.77,67620.96,17648.01
S005394,2025-06-01,M025,IT Services,13,8,216993.96,148830.52,68163.44,14674.86
S005395,2025-07-01,M025,IT Services,14,10,247515.44,181666.89,65848.55,13233.41
S005396,2025-08-01,M025,IT Services,11,8,161637.36,112923.38,48713.98,6201.7
S005397,2025-09-01,M025,IT Services,11,7,199933.16,142106.94,57826.22,12789.08
S005398,2025-10-01,M025,IT Services,14,9,252058.5,177592.36,74466.14,10634.52
S005399,2025-11-01,M025,IT Services,14,9,208680.93,143386.61,65294.32,18654.42
S005400,2025-12-01,M025,IT Services,14,10,202775.51,141050.52,61724.99,5213.92
S005401,2023-01-01,M026,Software,73,45,1340507.41,863538.56,476968.85,85897.73
S005402,2023-02-01,M026,Software,87,52,1420775.33,926025.84,494749.49,54452.48
S005403,2023-03-01,M026,Software,73,51,1382180.4,920274.55,461905.85,45956.38
S005404,2023-04-01,M026,Software,86,60,1418787.52,980746.81,438040.71,71532.68
S005405,2023-05-01,M026,Software,66,40,1136122.47,766933.01,369189.46,28108.11
S005406,2023-06-01,M026,Software,79,47,1343677.97,888167.6,455510.37,101027.89
S005407,2023-07-01,M026,Software,79,60,1505565.46,1000507.15,505058.31,77980.73
S005408,2023-08-01,M026,Software,69,44,1304877.17,871743.71,433133.46,49849.66
S005409,2023-09-01,M026,Software,87,60,1740475.74,1131874.8,608600.94,57531.43
S005410,2023-10-01,M026,Software,77,54,1511297.98,991242.65,520055.33,102565.13
S005411,2023-11-01,M026,Software,80,63,1584516.53,1085741.73,498774.8,79296.06
S005412,2023-12-01,M026,Software,92,63,1700420.39,1177926.25,522494.14,139205.87
S005413,2024-01-01,M026,Software,70,52,1204107.3,774457.65,429649.65,45786.51
S005414,2024-02-01,M026,Software,83,56,1464297.25,981636.95,482660.3,38016.24
S005415,2024-03-01,M026,Software,83,60,1566396.32,1065142.55,501253.77,107451.08
S005416,2024-04-01,M026,Software,88,68,1702245.77,1107164.42,595081.35,91416.93
S005417,2024-05-01,M026,Software,81,56,1374795.74,909812.11,464983.63,36924.03
S005418,2024-06-01,M026,Software,74,53,1287526.73,854673.65,432853.08,46964.65
S005419,2024-07-01,M026,Software,74,48,1493946.05,1043368.25,450577.8,71214.74
S005420,2024-08-01,M026,Software,71,41,1253718.28,825219.19,428499.09,72042.56
S005421,2024-09-01,M026,Software,71,50,1260331.82,853942.5,406389.32,75297.48
S005422,2024-10-01,M026,Software,90,66,1750200.99,1222708.4,527492.59,132605.52
S005423,2024-11-01,M026,Software,83,62,1709414.59,1182167.7,527246.89,71982.25
S005424,2024-12-01,M026,Software,87,60,1661329.76,1078473.69,582856.07,116935.71
S005425,2025-01-01,M026,Software,79,45,1302690.86,887034.45,415656.41,116115.0
S005426,2025-02-01,M026,Software,98,65,1683922.33,1131700.82,552221.51,51173.11
S005427,2025-03-01,M026,Software,89,70,1627238.08,1084172.3,543065.78,44323.86
S005428,2025-04-01,M026,Software,83,57,1617360.82,1051320.22,566040.6,55895.34
S005429,2025-05-01,M026,Software,95,65,1693538.58,1181707.94,511830.64,37673.0
S005430,2025-06-01,M026,Software,99,71,1861315.26,1210539.32,650775.94,70157.12
S005431,2025-07-01,M026,Software,91,53,1665165.27,1162440.08,502725.19,131047.23
S005432,2025-08-01,M026,Software,80,46,1615671.37,1100881.5,514789.87,91316.41
S005433,2025-09-01,M026,Software,81,48,1473081.83,1006668.98,466412.85,130678.99
S005434,2025-10-01,M026,Software,104,64,1848101.91,1203915.53,644186.38,98015.08
S005435,2025-11-01,M026,Software,82,57,1640187.95,1104543.23,535644.72,48616.6
S005436,2025-12-01,M026,Software,96,72,1585161.25,1079990.5,505170.75,49475.42
S005437,2023-01-01,M026,Business Services,70,54,666103.83,439611.76,226492.07,20643.03
S005438,2023-02-01,M026,Business Services,77,48,681221.93,464229.5,216992.43,14553.55
S005439,2023-03-01,M026,Business Services,89,68,727380.31,470825.57,256554.74,30004.6
S005440,2023-04-01,M026,Business Services,73,44,612471.49,408001.84,204469.65,19662.95
S005441,2023-05-01,M026,Business Services,77,42,696177.68,487437.12,208740.56,20484.91
S005442,2023-06-01,M026,Business Services,68,38,664910.8,446911.04,217999.76,13429.5
S005443,2023-07-01,M026,Business Services,83,59,799813.43,554294.16,245519.27,51813.63
S005444,2023-08-01,M026,Business Services,67,44,664336.95,448333.73,216003.22,58888.66
S005445,2023-09-01,M026,Business Services,80,46,820206.36,526743.21,293463.15,51205.59
S005446,2023-10-01,M026,Business Services,90,65,773775.49,515119.07,258656.42,64215.35
S005447,2023-11-01,M026,Business Services,79,51,739111.48,505561.86,233549.62,30590.65
S005448,2023-12-01,M026,Business Services,75,57,650402.86,427384.2,223018.66,24513.99
S005449,2024-01-01,M026,Business Services,86,55,780945.51,512483.15,268462.36,41000.84
S005450,2024-02-01,M026,Business Services,66,45,577687.26,395405.47,182281.79,33888.48
S005451,2024-03-01,M026,Business Services,73,53,606901.07,403487.86,203413.21,18200.41
S005452,2024-04-01,M026,Business Services,87,65,737968.96,472754.41,265214.55,21453.92
S005453,2024-05-01,M026,Business Services,68,43,599431.22,384528.84,214902.38,37577.6
S005454,2024-06-01,M026,Business Services,85,59,875585.51,582563.94,293021.57,62303.65
S005455,2024-07-01,M026,Business Services,85,49,848472.45,579422.6,269049.85,39092.05
S005456,2024-08-01,M026,Business Services,83,60,697167.47,479644.94,217522.53,40914.82
S005457,2024-09-01,M026,Business Services,68,45,634681.96,443925.99,190755.97,41479.33
S005458,2024-10-01,M026,Business Services,89,54,905377.08,620011.46,285365.62,78609.63
S005459,2024-11-01,M026,Business Services,95,59,982193.75,639272.01,342921.74,43010.62
S005460,2024-12-01,M026,Business Services,96,57,856252.6,587984.63,268267.97,22336.01
S005461,2025-01-01,M026,Business Services,91,67,904395.36,596503.44,307891.92,61505.78
S005462,2025-02-01,M026,Business Services,89,59,861900.9,580515.94,281384.96,27927.12
S005463,2025-03-01,M026,Business Services,76,43,691719.32,465036.99,226682.33,14738.93
S005464,2025-04-01,M026,Business Services,75,46,770148.16,530278.2,239869.96,44172.06
S005465,2025-05-01,M026,Business Services,90,49,882744.54,590250.02,292494.52,69360.68
S005466,2025-06-01,M026,Business Services,81,60,810929.7,534378.26,276551.44,67369.12
S005467,2025-07-01,M026,Business Services,75,59,644656.27,449864.8,194791.47,27715.95
S005468,2025-08-01,M026,Business Services,88,54,857505.81,579824.37,277681.44,28017.52
S005469,2025-09-01,M026,Business Services,80,59,749435.56,499856.49,249579.07,38329.29
S005470,2025-10-01,M026,Business Services,94,74,780067.69,531411.1,248656.59,58479.97
S005471,2025-11-01,M026,Business Services,105,78,903301.8,616881.48,286420.32,66032.92
S005472,2025-12-01,M026,Business Services,91,72,827630.61,542434.77,285195.84,60991.25
S005473,2023-01-01,M026,Consulting,65,42,1685731.24,1178552.63,507178.61,133882.08
S005474,2023-02-01,M026,Consulting,85,58,2396768.22,1540495.34,856272.88,174858.35
S005475,2023-03-01,M026,Consulting,91,65,2595923.23,1690704.15,905219.08,193035.8
S005476,2023-04-01,M026,Consulting,69,50,1809142.35,1199384.78,609757.57,37165.88
S005477,2023-05-01,M026,Consulting,76,46,1915495.91,1312689.35,602806.56,55728.15
S005478,2023-06-01,M026,Consulting,77,53,1980928.49,1341971.41,638957.08,71134.53
S005479,2023-07-01,M026,Consulting,81,63,1964636.41,1364538.67,600097.74,141126.02
S005480,2023-08-01,M026,Consulting,83,60,2164352.07,1484109.38,680242.69,115882.67
S005481,2023-09-01,M026,Consulting,87,66,2026363.67,1310465.5,715898.17,169090.75
S005482,2023-10-01,M026,Consulting,80,51,1824319.31,1254016.56,570302.75,144901.39
S005483,2023-11-01,M026,Consulting,77,55,2092555.98,1450801.89,641754.09,140962.58
S005484,2023-12-01,M026,Consulting,95,55,2354512.73,1598625.86,755886.87,202575.07
S005485,2024-01-01,M026,Consulting,88,59,2261891.24,1462753.31,799137.93,167623.71
S005486,2024-02-01,M026,Consulting,74,45,1931113.43,1282559.69,648553.74,71431.68
S005487,2024-03-01,M026,Consulting,92,71,2074917.93,1329284.49,745633.44,75952.03
S005488,2024-04-01,M026,Consulting,82,57,2347361.69,1622917.03,724444.66,201837.3
S005489,2024-05-01,M026,Consulting,85,53,2059493.17,1376057.13,683436.04,171032.37
S005490,2024-06-01,M026,Consulting,85,65,2077031.77,1343879.35,733152.42,181554.91
S005491,2024-07-01,M026,Consulting,80,55,2214169.48,1516770.39,697399.09,65275.13
S005492,2024-08-01,M026,Consulting,85,66,2063804.91,1350420.97,713383.94,152311.81
S005493,2024-09-01,M026,Consulting,91,72,2109564.94,1400455.68,709109.26,180510.82
S005494,2024-10-01,M026,Consulting,96,58,2507843.45,1744396.2,763447.25,86898.93
S005495,2024-11-01,M026,Consulting,93,58,2456754.64,1678057.53,778697.11,146762.65
S005496,2024-12-01,M026,Consulting,78,58,2098220.85,1415749.55,682471.3,105002.38
S005497,2025-01-01,M026,Consulting,84,52,2156376.15,1409791.5,746584.65,144553.06
S005498,2025-02-01,M026,Consulting,80,57,2198684.11,1417541.34,781142.77,117380.26
S005499,2025-03-01,M026,Consulting,87,65,2496346.75,1700090.6,796256.15,135342.93
S005500,2025-04-01,M026,Consulting,97,58,2786372.71,1893421.85,892950.86,74814.99
S005501,2025-05-01,M026,Consulting,91,60,2591965.26,1674500.71,917464.55,218980.66
S005502,2025-06-01,M026,Consulting,90,53,2394893.78,1625929.59,768964.19,48336.1
S005503,2025-07-01,M026,Consulting,87,52,2274978.34,1477181.5,797796.84,76930.64
S005504,2025-08-01,M026,Consulting,93,58,2100436.41,1459071.09,641365.32,102114.85
S005505,2025-09-01,M026,Consulting,90,57,2561588.61,1691626.6,869962.01,188553.23
S005506,2025-10-01,M026,Consulting,102,61,2782674.31,1942641.47,840032.84,236746.49
S005507,2025-11-01,M026,Consulting,101,65,2395951.95,1600294.75,795657.2,100508.6
S005508,2025-12-01,M026,Consulting,101,63,2347543.72,1591127.89,756415.83,72565.54
S005509,2023-01-01,M026,Digital Solutions,61,35,795919.23,522497.33,273421.9,43067.92
S005510,2023-02-01,M026,Digital Solutions,66,49,907769.76,583153.83,324615.93,33598.19
S005511,2023-03-01,M026,Digital Solutions,74,47,1112368.92,778215.16,334153.76,25510.08
S005512,2023-04-01,M026,Digital Solutions,82,45,1151178.03,769695.83,381482.2,28957.89
S005513,2023-05-01,M026,Digital Solutions,70,43,1111569.37,764735.29,346834.08,66085.08
S005514,2023-06-01,M026,Digital Solutions,79,59,1026134.93,666994.94,359139.99,60101.61
S005515,2023-07-01,M026,Digital Solutions,67,47,866065.67,587618.68,278446.99,46276.17
S005516,2023-08-01,M026,Digital Solutions,78,58,1212867.72,800366.15,412501.57,61409.87
S005517,2023-09-01,M026,Digital Solutions,71,55,936561.7,608170.98,328390.72,82876.08
S005518,2023-10-01,M026,Digital Solutions,83,59,1229489.08,814266.85,415222.23,50068.2
S005519,2023-11-01,M026,Digital Solutions,78,56,1050594.74,673076.4,377518.34,39887.82
S005520,2023-12-01,M026,Digital Solutions,77,57,1061859.47,701228.66,360630.81,30607.94
S005521,2024-01-01,M026,Digital Solutions,73,53,1029333.85,690048.27,339285.58,55697.46
S005522,2024-02-01,M026,Digital Solutions,76,57,1040489.18,715872.3,324616.88,37713.65
S005523,2024-03-01,M026,Digital Solutions,73,47,1171764.89,790933.69,380831.2,72699.13
S005524,2024-04-01,M026,Digital Solutions,71,53,903388.36,606691.15,296697.21,61972.14
S005525,2024-05-01,M026,Digital Solutions,84,54,1169246.72,795136.14,374110.58,90468.36
S005526,2024-06-01,M026,Digital Solutions,69,54,1084284.76,730990.47,353294.29,35631.68
S005527,2024-07-01,M026,Digital Solutions,82,48,1195135.09,792220.97,402914.12,52109.22
S005528,2024-08-01,M026,Digital Solutions,66,38,1010222.81,649197.03,361025.78,65696.86
S005529,2024-09-01,M026,Digital Solutions,88,48,1330961.05,928706.21,402254.84,89806.69
S005530,2024-10-01,M026,Digital Solutions,76,42,1112948.95,726674.54,386274.41,46358.45
S005531,2024-11-01,M026,Digital Solutions,73,48,1041321.75,677083.42,364238.33,29173.01
S005532,2024-12-01,M026,Digital Solutions,77,43,1145119.9,780458.79,364661.11,83414.71
S005533,2025-01-01,M026,Digital Solutions,87,60,1289616.3,890795.72,398820.58,92651.56
S005534,2025-02-01,M026,Digital Solutions,72,56,1104565.55,747751.13,356814.42,30787.82
S005535,2025-03-01,M026,Digital Solutions,96,58,1371009.0,891124.21,479884.79,115679.02
S005536,2025-04-01,M026,Digital Solutions,70,39,1019010.27,706650.64,312359.63,56823.63
S005537,2025-05-01,M026,Digital Solutions,85,56,1154219.16,770604.96,383614.2,27458.73
S005538,2025-06-01,M026,Digital Solutions,76,52,1088204.82,732240.42,355964.4,89493.63
S005539,2025-07-01,M026,Digital Solutions,89,68,1412195.32,909635.07,502560.25,47373.64
S005540,2025-08-01,M026,Digital Solutions,74,52,1147524.05,786326.44,361197.61,25022.28
S005541,2025-09-01,M026,Digital Solutions,72,57,1013389.89,684053.67,329336.22,24028.6
S005542,2025-10-01,M026,Digital Solutions,84,54,1181611.35,792384.04,389227.31,50434.81
S005543,2025-11-01,M026,Digital Solutions,97,59,1360835.46,940444.2,420391.26,66935.3
S005544,2025-12-01,M026,Digital Solutions,96,53,1352933.22,933820.07,419113.15,52181.09
S005545,2023-01-01,M026,SaaS,55,42,758888.43,494046.27,264842.16,39668.79
S005546,2023-02-01,M026,SaaS,52,34,600694.91,402519.1,198175.81,50115.86
S005547,2023-03-01,M026,SaaS,53,35,701263.7,478503.42,222760.28,27406.03
S005548,2023-04-01,M026,SaaS,50,33,656315.43,422385.88,233929.55,33064.08
S005549,2023-05-01,M026,SaaS,48,33,590417.74,394178.01,196239.73,49884.15
S005550,2023-06-01,M026,SaaS,55,32,680204.69,468071.92,212132.77,20095.4
S005551,2023-07-01,M026,SaaS,59,34,708186.51,484097.31,224089.2,49233.88
S005552,2023-08-01,M026,SaaS,59,36,714645.79,457715.33,256930.46,24091.61
S005553,2023-09-01,M026,SaaS,55,39,749348.51,481378.88,267969.63,35296.92
S005554,2023-10-01,M026,SaaS,63,43,682398.57,445248.61,237149.96,46606.57
S005555,2023-11-01,M026,SaaS,68,44,796745.33,532797.15,263948.18,64453.64
S005556,2023-12-01,M026,SaaS,66,46,741380.36,500697.16,240683.2,24735.1
S005557,2024-01-01,M026,SaaS,49,29,641177.55,420708.98,220468.57,37807.1
S005558,2024-02-01,M026,SaaS,54,42,692104.72,454438.32,237666.4,54463.0
S005559,2024-03-01,M026,SaaS,66,37,832378.19,581854.2,250523.99,49065.1
S005560,2024-04-01,M026,SaaS,53,29,642358.74,447247.23,195111.51,18175.53
S005561,2024-05-01,M026,SaaS,48,32,622646.02,413700.44,208945.58,50468.94
S005562,2024-06-01,M026,SaaS,50,29,611930.76,415704.06,196226.7,43274.02
S005563,2024-07-01,M026,SaaS,50,37,548732.27,358851.88,189880.39,27285.94
S005564,2024-08-01,M026,SaaS,59,37,715546.32,474520.57,241025.75,49342.04
S005565,2024-09-01,M026,SaaS,61,38,674032.46,433822.47,240209.99,59457.2
S005566,2024-10-01,M026,SaaS,55,42,688157.24,440716.7,247440.54,46340.5
S005567,2024-11-01,M026,SaaS,55,31,685619.11,453967.09,231652.02,48580.15
S005568,2024-12-01,M026,SaaS,54,30,639578.52,420678.67,218899.85,33992.88
S005569,2025-01-01,M026,SaaS,63,49,723802.63,493170.64,230631.99,23374.31
S005570,2025-02-01,M026,SaaS,52,41,588455.18,408666.36,179788.82,31156.79
S005571,2025-03-01,M026,SaaS,73,54,892068.25,605986.72,286081.53,59956.55
S005572,2025-04-01,M026,SaaS,63,48,743481.16,486388.42,257092.74,46051.39
S005573,2025-05-01,M026,SaaS,57,43,784507.66,537615.23,246892.43,29660.94
S005574,2025-06-01,M026,SaaS,66,42,788748.41,537210.29,251538.12,49759.86
S005575,2025-07-01,M026,SaaS,66,47,745621.17,490079.53,255541.64,36022.78
S005576,2025-08-01,M026,SaaS,54,40,617412.65,406197.79,211214.86,53024.04
S005577,2025-09-01,M026,SaaS,67,51,742276.05,515350.59,226925.46,24595.91
S005578,2025-10-01,M026,SaaS,66,49,834096.75,545654.56,288442.19,42613.75
S005579,2025-11-01,M026,SaaS,66,48,859628.6,590295.6,269333.0,58515.69
S005580,2025-12-01,M026,SaaS,67,45,873052.01,606274.01,266778.0,64342.69
S005581,2023-01-01,M026,IT Services,47,29,820962.49,565561.12,255401.37,42728.11
S005582,2023-02-01,M026,IT Services,48,26,760928.66,500916.66,260012.0,53760.46
S005583,2023-03-01,M026,IT Services,51,29,790065.51,534982.17,255083.34,44311.27
S005584,2023-04-01,M026,IT Services,43,32,677234.38,449985.72,227248.66,26972.15
S005585,2023-05-01,M026,IT Services,41,26,632300.65,417471.48,214829.17,37650.73
S005586,2023-06-01,M026,IT Services,49,32,741400.84,491425.03,249975.81,27464.49
S005587,2023-07-01,M026,IT Services,43,28,720879.94,465854.44,255025.5,20299.4
S005588,2023-08-01,M026,IT Services,51,28,877431.45,581488.46,295942.99,60111.69
S005589,2023-09-01,M026,IT Services,42,28,673740.22,448614.95,225125.27,37606.5
S005590,2023-10-01,M026,IT Services,53,42,831359.49,543494.91,287864.58,26284.38
S005591,2023-11-01,M026,IT Services,49,37,786361.78,527180.72,259181.06,27267.19
S005592,2023-12-01,M026,IT Services,58,38,996311.63,676944.0,319367.63,68269.86
S005593,2024-01-01,M026,IT Services,55,30,959059.11,665093.09,293966.02,29103.39
S005594,2024-02-01,M026,IT Services,55,33,868156.38,606379.74,261776.64,47465.41
S005595,2024-03-01,M026,IT Services,61,33,1086181.18,714914.03,371267.15,84544.44
S005596,2024-04-01,M026,IT Services,55,37,986561.57,660459.74,326101.83,74404.44
S005597,2024-05-01,M026,IT Services,56,40,837963.02,539861.25,298101.77,61262.41
S005598,2024-06-01,M026,IT Services,47,37,724812.34,495866.33,228946.01,28704.64
S005599,2024-07-01,M026,IT Services,48,26,724704.95,474880.6,249824.35,37609.8
S005600,2024-08-01,M026,IT Services,45,32,813393.16,554190.44,259202.72,72446.22
S005601,2024-09-01,M026,IT Services,57,32,918789.86,613641.99,305147.87,50471.47
S005602,2024-10-01,M026,IT Services,56,42,883486.71,573421.23,310065.48,69135.12
S005603,2024-11-01,M026,IT Services,51,33,926718.87,617260.98,309457.89,78181.53
S005604,2024-12-01,M026,IT Services,57,40,955247.1,642791.02,312456.08,49932.38
S005605,2025-01-01,M026,IT Services,52,32,817313.0,536058.39,281254.61,42201.41
S005606,2025-02-01,M026,IT Services,49,27,760016.44,491983.57,268032.87,47673.07
S005607,2025-03-01,M026,IT Services,66,48,1103848.59,752731.18,351117.41,38537.58
S005608,2025-04-01,M026,IT Services,61,47,1047066.42,731013.25,316053.17,52821.88
S005609,2025-05-01,M026,IT Services,57,36,1046758.57,732387.95,314370.62,63538.12
S005610,2025-06-01,M026,IT Services,50,38,823186.5,528512.83,294673.67,25291.08
S005611,2025-07-01,M026,IT Services,51,40,792813.92,521732.1,271081.82,49378.83
S005612,2025-08-01,M026,IT Services,53,39,837288.2,542168.98,295119.22,68738.08
S005613,2025-09-01,M026,IT Services,63,41,1109635.99,719672.38,389963.61,32470.06
S005614,2025-10-01,M026,IT Services,67,51,981443.46,683981.3,297462.16,51597.8
S005615,2025-11-01,M026,IT Services,63,39,970785.44,623453.32,347332.12,40894.43
S005616,2025-12-01,M026,IT Services,55,35,820890.33,532127.53,288762.8,52944.63
S005617,2023-01-01,M027,Software,57,34,1036258.11,712853.6,323404.51,79366.84
S005618,2023-02-01,M027,Software,69,50,1399870.55,911937.76,487932.79,68551.59
S005619,2023-03-01,M027,Software,70,43,1277819.0,894294.75,383524.25,62978.44
S005620,2023-04-01,M027,Software,69,51,1150445.92,787977.92,362468.0,39896.87
S005621,2023-05-01,M027,Software,66,44,1320888.47,899334.89,421553.58,71564.29
S005622,2023-06-01,M027,Software,67,37,1204520.49,785412.95,419107.54,82855.13
S005623,2023-07-01,M027,Software,59,41,1091379.45,740190.97,351188.48,50606.86
S005624,2023-08-01,M027,Software,60,37,1197012.79,780684.91,416327.88,101873.52
S005625,2023-09-01,M027,Software,57,43,1097989.8,722434.73,375555.07,32682.42
S005626,2023-10-01,M027,Software,77,59,1428727.46,971274.17,457453.29,71858.4
S005627,2023-11-01,M027,Software,59,46,1177275.08,805500.05,371775.03,55694.45
S005628,2023-12-01,M027,Software,77,54,1511148.82,994239.49,516909.33,83272.02
S005629,2024-01-01,M027,Software,57,41,1060015.92,704479.7,355536.22,86751.68
S005630,2024-02-01,M027,Software,61,34,1009952.06,667187.62,342764.44,67884.76
S005631,2024-03-01,M027,Software,76,52,1527730.32,1031242.86,496487.46,115323.56
S005632,2024-04-01,M027,Software,69,40,1349368.46,947901.45,401467.01,46632.77
S005633,2024-05-01,M027,Software,63,40,1144341.74,760962.99,383378.75,85980.53
S005634,2024-06-01,M027,Software,73,53,1361678.51,892677.0,469001.51,117283.92
S005635,2024-07-01,M027,Software,69,51,1175600.38,771242.65,404357.73,61594.16
S005636,2024-08-01,M027,Software,63,35,1089547.46,705784.36,383763.1,97597.19
S005637,2024-09-01,M027,Software,65,44,1296114.84,873137.99,422976.85,33179.96
S005638,2024-10-01,M027,Software,76,49,1458916.62,964421.73,494494.89,51836.03
S005639,2024-11-01,M027,Software,74,47,1488538.65,1031266.64,457272.01,129379.37
S005640,2024-12-01,M027,Software,76,50,1348206.11,907230.77,440975.34,45166.86
S005641,2025-01-01,M027,Software,69,52,1382150.22,932363.94,449786.28,89980.97
S005642,2025-02-01,M027,Software,72,40,1273511.7,850424.9,423086.8,57246.52
S005643,2025-03-01,M027,Software,74,44,1512325.59,1049488.85,462836.74,53602.63
S005644,2025-04-01,M027,Software,70,52,1187617.81,793404.06,394213.75,100606.36
S005645,2025-05-01,M027,Software,66,51,1161915.22,763602.57,398312.65,43943.82
S005646,2025-06-01,M027,Software,73,57,1291355.63,862193.05,429162.58,107927.53
S005647,2025-07-01,M027,Software,68,49,1315909.52,869521.3,446388.22,79637.93
S005648,2025-08-01,M027,Software,67,52,1223533.24,794954.81,428578.43,33400.36
S005649,2025-09-01,M027,Software,66,52,1228818.8,865899.97,362918.83,55515.52
S005650,2025-10-01,M027,Software,75,53,1506676.57,1011558.32,495118.25,98151.91
S005651,2025-11-01,M027,Software,68,44,1342351.87,939411.68,402940.19,62564.27
S005652,2025-12-01,M027,Software,63,49,1099565.38,756140.54,343424.84,91092.81
S005653,2023-01-01,M027,Business Services,79,58,676734.97,467015.16,209719.81,43075.52
S005654,2023-02-01,M027,Business Services,70,50,611639.2,418078.18,193561.02,27314.25
S005655,2023-03-01,M027,Business Services,87,62,710378.2,487997.24,222380.96,35253.83
S005656,2023-04-01,M027,Business Services,73,52,634295.79,422547.02,211748.77,49996.06
S005657,2023-05-01,M027,Business Services,86,53,727494.18,482965.35,244528.83,39410.75
S005658,2023-06-01,M027,Business Services,70,48,617877.37,402206.91,215670.46,17927.18
S005659,2023-07-01,M027,Business Services,87,52,891683.38,608088.15,283595.23,19639.78
S005660,2023-08-01,M027,Business Services,73,53,674173.08,440145.39,234027.69,49312.04
S005661,2023-09-01,M027,Business Services,74,44,658649.64,448134.3,210515.34,15632.31
S005662,2023-10-01,M027,Business Services,100,68,1034597.61,672169.23,362428.38,69479.54
S005663,2023-11-01,M027,Business Services,102,65,876336.49,591371.19,284965.3,68914.54
S005664,2023-12-01,M027,Business Services,82,53,668106.94,458022.9,210084.04,34400.58
S005665,2024-01-01,M027,Business Services,75,55,619460.62,412886.74,206573.88,28909.0
S005666,2024-02-01,M027,Business Services,86,61,767825.59,529193.27,238632.32,46603.65
S005667,2024-03-01,M027,Business Services,102,65,939719.29,640419.41,299299.88,59026.0
S005668,2024-04-01,M027,Business Services,81,51,818490.64,545812.62,272678.02,53527.39
S005669,2024-05-01,M027,Business Services,89,57,833669.79,571307.63,262362.16,42531.94
S005670,2024-06-01,M027,Business Services,80,51,808216.49,563965.76,244250.73,66944.53
S005671,2024-07-01,M027,Business Services,87,61,889108.2,612400.59,276707.61,25934.13
S005672,2024-08-01,M027,Business Services,94,72,791731.68,556889.59,234842.09,68063.82
S005673,2024-09-01,M027,Business Services,96,71,916971.35,621190.71,295780.64,68074.98
S005674,2024-10-01,M027,Business Services,81,57,673647.16,438831.32,234815.84,43140.81
S005675,2024-11-01,M027,Business Services,84,52,851951.06,576673.37,275277.69,59412.75
S005676,2024-12-01,M027,Business Services,88,49,753292.88,523364.93,229927.95,50121.68
S005677,2025-01-01,M027,Business Services,86,55,817142.98,541867.63,275275.35,27924.79
S005678,2025-02-01,M027,Business Services,87,64,732397.95,515948.2,216449.75,24314.66
S005679,2025-03-01,M027,Business Services,101,72,873088.23,603137.84,269950.39,23057.68
S005680,2025-04-01,M027,Business Services,79,63,795973.98,528959.62,267014.36,56971.78
S005681,2025-05-01,M027,Business Services,79,47,777283.64,514105.58,263178.06,50584.84
S005682,2025-06-01,M027,Business Services,96,53,831711.13,547234.02,284477.11,58351.58
S005683,2025-07-01,M027,Business Services,97,75,864640.46,602850.83,261789.63,27265.24
S005684,2025-08-01,M027,Business Services,88,55,825300.25,569328.53,255971.72,32815.52
S005685,2025-09-01,M027,Business Services,97,68,840891.2,551269.54,289621.66,70435.39
S005686,2025-10-01,M027,Business Services,89,52,781472.97,506308.26,275164.71,45917.92
S005687,2025-11-01,M027,Business Services,99,78,976030.02,643825.3,332204.72,40195.18
S005688,2025-12-01,M027,Business Services,110,87,955841.56,647621.24,308220.32,43665.03
S005689,2023-01-01,M027,Consulting,47,34,1240627.49,854685.98,385941.51,102320.21
S005690,2023-02-01,M027,Consulting,51,33,1206672.59,798519.2,408153.39,93344.64
S005691,2023-03-01,M027,Consulting,49,28,1110437.97,729919.14,380518.83,28917.88
S005692,2023-04-01,M027,Consulting,55,33,1266231.66,836760.45,429471.21,33502.83
S005693,2023-05-01,M027,Consulting,54,33,1226599.81,839588.12,387011.69,106168.54
S005694,2023-06-01,M027,Consulting,45,30,1161082.07,756577.5,404504.57,54093.92
S005695,2023-07-01,M027,Consulting,51,38,1197793.42,783861.21,413932.21,71938.92
S005696,2023-08-01,M027,Consulting,55,42,1249909.49,820746.55,429162.94,83680.29
S005697,2023-09-01,M027,Consulting,48,31,1248476.36,869436.99,379039.37,43050.96
S005698,2023-10-01,M027,Consulting,56,32,1526131.37,1068688.89,457442.48,97401.48
S005699,2023-11-01,M027,Consulting,57,45,1629415.98,1124446.1,504969.88,111947.53
S005700,2023-12-01,M027,Consulting,50,33,1128545.37,774985.28,353560.09,77141.4
S005701,2024-01-01,M027,Consulting,60,34,1393181.81,944257.75,448924.06,102247.01
S005702,2024-02-01,M027,Consulting,50,31,1395877.43,913072.56,482804.87,98482.49
S005703,2024-03-01,M027,Consulting,63,35,1766895.72,1170287.34,596608.38,153168.62
S005704,2024-04-01,M027,Consulting,50,32,1133692.48,767493.44,366199.04,42997.7
S005705,2024-05-01,M027,Consulting,54,40,1331418.05,927975.19,403442.86,72848.81
S005706,2024-06-01,M027,Consulting,52,37,1286384.44,899156.74,387227.7,67079.96
S005707,2024-07-01,M027,Consulting,50,37,1361219.57,898320.59,462898.98,64802.46
S005708,2024-08-01,M027,Consulting,60,42,1709880.38,1158665.75,551214.63,43393.43
S005709,2024-09-01,M027,Consulting,57,43,1547675.82,1073391.16,474284.66,65129.3
S005710,2024-10-01,M027,Consulting,66,48,1887828.42,1332170.04,555658.38,163839.8
S005711,2024-11-01,M027,Consulting,64,44,1591646.28,1104107.78,487538.5,38565.41
S005712,2024-12-01,M027,Consulting,58,38,1309953.3,894735.41,415217.89,51959.92
S005713,2025-01-01,M027,Consulting,62,47,1770041.13,1188109.64,581931.49,110312.01
S005714,2025-02-01,M027,Consulting,62,36,1691773.82,1117403.08,574370.74,88454.19
S005715,2025-03-01,M027,Consulting,52,30,1391385.85,944437.79,446948.06,28694.8
S005716,2025-04-01,M027,Consulting,48,32,1353921.45,898815.51,455105.94,31680.32
S005717,2025-05-01,M027,Consulting,55,33,1311819.66,866233.29,445586.37,29048.22
S005718,2025-06-01,M027,Consulting,61,38,1576284.51,1066916.38,509368.13,63007.23
S005719,2025-07-01,M027,Consulting,60,43,1557022.28,1066222.5,490799.78,102103.83
S005720,2025-08-01,M027,Consulting,52,32,1407967.74,982541.52,425426.22,76737.23
S005721,2025-09-01,M027,Consulting,51,38,1251100.92,850628.97,400471.95,85664.96
S005722,2025-10-01,M027,Consulting,65,44,1599676.41,1061962.56,537713.85,67419.24
S005723,2025-11-01,M027,Consulting,69,41,1884258.89,1320959.55,563299.34,163623.53
S005724,2025-12-01,M027,Consulting,67,52,1892472.75,1284161.64,608311.11,59719.86
S005725,2023-01-01,M027,Digital Solutions,79,54,1246704.12,848093.23,398610.89,67612.17
S005726,2023-02-01,M027,Digital Solutions,78,53,1156129.31,758562.12,397567.19,42587.69
S005727,2023-03-01,M027,Digital Solutions,75,46,1006788.74,667219.2,339569.54,45795.25
S005728,2023-04-01,M027,Digital Solutions,77,50,1185682.3,804409.13,381273.17,84970.5
S005729,2023-05-01,M027,Digital Solutions,92,56,1285712.13,870254.35,415457.78,33664.52
S005730,2023-06-01,M027,Digital Solutions,70,42,994055.27,664140.68,329914.59,31616.91
S005731,2023-07-01,M027,Digital Solutions,81,52,1055138.32,705783.09,349355.23,43401.72
S005732,2023-08-01,M027,Digital Solutions,83,47,1271301.45,842343.59,428957.86,32498.26
S005733,2023-09-01,M027,Digital Solutions,81,55,1220958.98,842559.81,378399.17,84506.63
S005734,2023-10-01,M027,Digital Solutions,100,56,1448655.23,948138.71,500516.52,60096.16
S005735,2023-11-01,M027,Digital Solutions,101,77,1582778.8,1031920.62,550858.18,88869.53
S005736,2023-12-01,M027,Digital Solutions,81,59,1026875.35,685306.68,341568.67,44961.7
S005737,2024-01-01,M027,Digital Solutions,87,56,1202968.1,797438.25,405529.85,86500.98
S005738,2024-02-01,M027,Digital Solutions,84,51,1207327.81,800131.49,407196.32,95922.86
S005739,2024-03-01,M027,Digital Solutions,98,74,1314195.62,886457.3,427738.32,117232.43
S005740,2024-04-01,M027,Digital Solutions,92,55,1441685.77,991879.11,449806.66,92602.12
S005741,2024-05-01,M027,Digital Solutions,80,63,1245327.89,832688.92,412638.97,60671.13
S005742,2024-06-01,M027,Digital Solutions,83,45,1334114.34,931843.66,402270.68,35340.83
S005743,2024-07-01,M027,Digital Solutions,97,68,1268937.88,859315.32,409622.56,38688.02
S005744,2024-08-01,M027,Digital Solutions,78,53,1201162.27,811618.85,389543.42,46477.65
S005745,2024-09-01,M027,Digital Solutions,76,43,1185625.99,836286.41,349339.58,60646.49
S005746,2024-10-01,M027,Digital Solutions,103,61,1585422.23,1048448.03,536974.2,72510.13
S005747,2024-11-01,M027,Digital Solutions,101,56,1477958.69,1031118.46,446840.23,94838.63
S005748,2024-12-01,M027,Digital Solutions,80,59,1062230.03,689560.01,372670.02,74493.68
S005749,2025-01-01,M027,Digital Solutions,89,57,1407581.79,941732.29,465849.5,81712.52
S005750,2025-02-01,M027,Digital Solutions,76,49,1141984.12,757109.55,384874.57,94112.36
S005751,2025-03-01,M027,Digital Solutions,102,56,1383408.75,939419.5,443989.25,52059.65
S005752,2025-04-01,M027,Digital Solutions,81,62,1293102.44,900228.33,392874.11,28932.95
S005753,2025-05-01,M027,Digital Solutions,93,55,1330323.12,906781.16,423541.96,92958.95
S005754,2025-06-01,M027,Digital Solutions,90,69,1173095.78,816566.24,356529.54,72232.49
S005755,2025-07-01,M027,Digital Solutions,84,52,1278560.9,860554.34,418006.56,55043.6
S005756,2025-08-01,M027,Digital Solutions,79,45,1200529.48,827407.27,373122.21,94817.65
S005757,2025-09-01,M027,Digital Solutions,94,60,1327555.54,897266.96,430288.58,42214.84
S005758,2025-10-01,M027,Digital Solutions,82,45,1152278.03,810297.01,341981.02,94751.31
S005759,2025-11-01,M027,Digital Solutions,108,78,1386064.35,979905.23,406159.12,47581.59
S005760,2025-12-01,M027,Digital Solutions,91,63,1396035.16,962185.21,433849.95,59086.76
S005761,2023-01-01,M027,SaaS,53,30,637478.59,420845.21,216633.38,22921.63
S005762,2023-02-01,M027,SaaS,51,31,662839.29,453224.56,209614.73,46591.13
S005763,2023-03-01,M027,SaaS,65,46,711005.66,464165.72,246839.94,14855.14
S005764,2023-04-01,M027,SaaS,58,45,648228.29,447359.31,200868.98,25845.44
S005765,2023-05-01,M027,SaaS,60,39,819366.98,566723.38,252643.6,30118.73
S005766,2023-06-01,M027,SaaS,64,49,840611.71,591617.98,248993.73,34567.21
S005767,2023-07-01,M027,SaaS,54,39,721416.35,474564.85,246851.5,50061.23
S005768,2023-08-01,M027,SaaS,60,46,692140.22,477727.62,214412.6,51336.59
S005769,2023-09-01,M027,SaaS,63,48,848976.21,559916.44,289059.77,29653.65
S005770,2023-10-01,M027,SaaS,56,38,684074.49,457613.0,226461.49,33093.36
S005771,2023-11-01,M027,SaaS,63,50,703967.23,464538.91,239428.32,59331.26
S005772,2023-12-01,M027,SaaS,62,39,720548.91,486212.48,234336.43,50271.45
S005773,2024-01-01,M027,SaaS,51,29,630000.84,412772.57,217228.27,44738.37
S005774,2024-02-01,M027,SaaS,67,50,897526.24,632763.21,264763.03,78250.84
S005775,2024-03-01,M027,SaaS,67,45,843098.03,549513.64,293584.39,59444.57
S005776,2024-04-01,M027,SaaS,50,36,558123.18,394442.8,163680.38,15821.8
S005777,2024-05-01,M027,SaaS,56,36,647569.2,446922.37,200646.83,16656.01
S005778,2024-06-01,M027,SaaS,52,36,640354.62,416884.33,223470.29,38651.4
S005779,2024-07-01,M027,SaaS,57,35,740678.72,492935.33,247743.39,62425.8
S005780,2024-08-01,M027,SaaS,55,40,720986.94,489096.5,231890.44,42007.16
S005781,2024-09-01,M027,SaaS,63,39,814674.73,539209.19,275465.54,73320.09
S005782,2024-10-01,M027,SaaS,68,53,848551.84,592057.48,256494.36,60213.77
S005783,2024-11-01,M027,SaaS,64,36,798780.96,559658.98,239121.98,51342.93
S005784,2024-12-01,M027,SaaS,62,36,842844.39,553588.16,289256.23,61163.11
S005785,2025-01-01,M027,SaaS,65,44,708004.88,499522.03,208482.85,51575.76
S005786,2025-02-01,M027,SaaS,59,40,740843.4,506937.12,233906.28,49346.91
S005787,2025-03-01,M027,SaaS,64,35,795099.38,531949.43,263149.95,55915.14
S005788,2025-04-01,M027,SaaS,56,44,744062.72,510572.29,233490.43,33684.09
S005789,2025-05-01,M027,SaaS,53,33,692918.92,476394.36,216524.56,20338.42
S005790,2025-06-01,M027,SaaS,54,39,717515.59,472652.43,244863.16,64226.03
S005791,2025-07-01,M027,SaaS,61,46,795915.17,555522.4,240392.77,17098.05
S005792,2025-08-01,M027,SaaS,54,33,667470.31,434554.04,232916.27,42855.57
S005793,2025-09-01,M027,SaaS,67,43,867032.45,601046.67,265985.78,62948.47
S005794,2025-10-01,M027,SaaS,76,46,829141.26,576612.12,252529.14,62694.08
S005795,2025-11-01,M027,SaaS,72,49,969689.22,657731.45,311957.77,37921.99
S005796,2025-12-01,M027,SaaS,63,37,811801.19,546757.55,265043.64,57294.93
S005797,2023-01-01,M027,IT Services,79,61,1193216.76,801830.63,391386.13,28814.47
S005798,2023-02-01,M027,IT Services,71,44,1267628.88,882427.45,385201.43,60399.64
S005799,2023-03-01,M027,IT Services,76,49,1214530.84,835620.18,378910.66,31926.2
S005800,2023-04-01,M027,IT Services,74,43,1096077.01,775229.12,320847.89,42748.36
S005801,2023-05-01,M027,IT Services,72,45,1284222.11,893546.23,390675.88,43108.98
S005802,2023-06-01,M027,IT Services,69,40,1034769.66,681451.86,353317.8,91316.15
S005803,2023-07-01,M027,IT Services,71,56,1086518.14,717539.19,368978.95,86009.83
S005804,2023-08-01,M027,IT Services,71,55,1095015.72,720202.6,374813.12,92910.29
S005805,2023-09-01,M027,IT Services,83,50,1198556.22,841423.9,357132.32,87645.09
S005806,2023-10-01,M027,IT Services,91,60,1592600.25,1055694.29,536905.96,116644.99
S005807,2023-11-01,M027,IT Services,85,51,1253424.07,850193.07,403231.0,37934.44
S005808,2023-12-01,M027,IT Services,71,47,1233875.39,826062.0,407813.39,35486.39
S005809,2024-01-01,M027,IT Services,79,47,1377777.8,939486.5,438291.3,122403.31
S005810,2024-02-01,M027,IT Services,65,48,1154546.21,808395.31,346150.9,55373.0
S005811,2024-03-01,M027,IT Services,91,59,1649176.11,1086885.15,562290.96,89846.6
S005812,2024-04-01,M027,IT Services,69,55,1029347.1,699304.88,330042.22,46162.79
S005813,2024-05-01,M027,IT Services,73,54,1276267.21,843935.1,432332.11,38016.04
S005814,2024-06-01,M027,IT Services,82,62,1252670.09,861649.33,391020.76,41384.08
S005815,2024-07-01,M027,IT Services,81,48,1177851.8,819778.71,358073.09,82711.41
S005816,2024-08-01,M027,IT Services,83,60,1432374.45,931891.93,500482.52,83113.93
S005817,2024-09-01,M027,IT Services,78,45,1187976.29,835784.49,352191.8,26589.35
S005818,2024-10-01,M027,IT Services,88,48,1336724.81,884100.83,452623.98,98003.89
S005819,2024-11-01,M027,IT Services,87,61,1439817.34,1002173.15,437644.19,50016.3
S005820,2024-12-01,M027,IT Services,77,50,1344741.42,877241.22,467500.2,60786.77
S005821,2025-01-01,M027,IT Services,77,52,1392751.52,924178.28,468573.24,49217.66
S005822,2025-02-01,M027,IT Services,68,46,1172555.03,803174.36,369380.67,85235.22
S005823,2025-03-01,M027,IT Services,88,50,1601416.1,1091656.55,509759.55,75258.5
S005824,2025-04-01,M027,IT Services,66,52,1116148.07,742403.15,373744.92,88276.75
S005825,2025-05-01,M027,IT Services,74,46,1311871.63,860646.52,451225.11,59999.02
S005826,2025-06-01,M027,IT Services,82,56,1253766.18,858382.79,395383.39,38884.23
S005827,2025-07-01,M027,IT Services,73,46,1259480.23,862938.34,396541.89,64889.88
S005828,2025-08-01,M027,IT Services,82,65,1378431.41,935601.61,442829.8,62561.72
S005829,2025-09-01,M027,IT Services,72,52,1075042.51,759971.94,315070.57,37558.68
S005830,2025-10-01,M027,IT Services,93,52,1563601.66,1069842.13,493759.53,97730.13
S005831,2025-11-01,M027,IT Services,96,69,1581266.54,1044365.78,536900.76,55005.75
S005832,2025-12-01,M027,IT Services,91,50,1370453.03,936062.96,434390.07,63300.08
S005833,2023-01-01,M028,Software,9,7,178113.65,129766.95,48346.7,12052.14
S005834,2023-02-01,M028,Software,9,5,146273.17,103554.78,42718.39,11904.67
S005835,2023-03-01,M028,Software,10,6,190705.34,138803.89,51901.45,9197.54
S005836,2023-04-01,M028,Software,9,7,165815.6,117739.34,48076.26,13424.15
S005837,2023-05-01,M028,Software,10,6,185935.15,129521.83,56413.32,11001.03
S005838,2023-06-01,M028,Software,9,6,181868.39,124008.45,57859.94,10355.88
S005839,2023-07-01,M028,Software,8,4,146509.3,101374.73,45134.57,3988.19
S005840,2023-08-01,M028,Software,9,6,155601.54,112409.71,43191.83,6324.73
S005841,2023-09-01,M028,Software,10,7,172253.35,123681.88,48571.47,10861.62
S005842,2023-10-01,M028,Software,12,7,205257.38,146876.63,58380.75,8708.45
S005843,2023-11-01,M028,Software,11,7,199756.25,144134.39,55621.86,9140.86
S005844,2023-12-01,M028,Software,9,5,165669.31,113264.58,52404.73,5048.47
S005845,2024-01-01,M028,Software,11,6,185450.33,135415.81,50034.52,9781.02
S005846,2024-02-01,M028,Software,9,6,154768.62,112419.95,42348.67,4912.69
S005847,2024-03-01,M028,Software,12,8,219305.03,158993.73,60311.3,17079.05
S005848,2024-04-01,M028,Software,9,6,157345.78,112045.86,45299.92,6097.64
S005849,2024-05-01,M028,Software,10,7,181173.8,127779.38,53394.42,13730.51
S005850,2024-06-01,M028,Software,11,6,178713.64,127730.74,50982.9,8963.45
S005851,2024-07-01,M028,Software,12,8,234780.65,163001.72,71778.93,18810.63
S005852,2024-08-01,M028,Software,10,6,203578.86,144263.4,59315.46,15027.29
S005853,2024-09-01,M028,Software,13,9,222165.58,157724.61,64440.97,10001.51
S005854,2024-10-01,M028,Software,12,9,199333.75,147766.74,51567.01,15079.03
S005855,2024-11-01,M028,Software,14,9,228262.16,158338.53,69923.63,6110.79
S005856,2024-12-01,M028,Software,12,9,236042.83,170237.86,65804.97,10764.09
S005857,2025-01-01,M028,Software,14,8,244790.54,177931.79,66858.75,18854.42
S005858,2025-02-01,M028,Software,13,8,266839.92,195306.41,71533.51,10098.8
S005859,2025-03-01,M028,Software,13,7,266783.49,185635.57,81147.92,13561.56
S005860,2025-04-01,M028,Software,13,7,255703.08,188021.44,67681.64,17850.06
S005861,2025-05-01,M028,Software,11,8,179684.72,126085.72,53599.0,9087.02
S005862,2025-06-01,M028,Software,15,8,255918.32,182812.49,73105.83,21132.46
S005863,2025-07-01,M028,Software,14,9,264185.15,194741.91,69443.24,15265.2
S005864,2025-08-01,M028,Software,12,7,207657.63,144870.56,62787.07,4783.96
S005865,2025-09-01,M028,Software,15,10,284780.45,202764.2,82016.25,13571.21
S005866,2025-10-01,M028,Software,16,9,276461.54,196976.15,79485.39,16572.59
S005867,2025-11-01,M028,Software,15,10,261928.27,191190.06,70738.21,22699.0
S005868,2025-12-01,M028,Software,14,10,245584.73,180330.88,65253.85,11071.67
S005869,2023-01-01,M028,Business Services,8,4,66817.76,48844.78,17972.98,4545.08
S005870,2023-02-01,M028,Business Services,7,5,64644.36,44320.81,20323.55,3650.98
S005871,2023-03-01,M028,Business Services,7,4,61587.88,44288.7,17299.18,2877.59
S005872,2023-04-01,M028,Business Services,7,4,69337.5,48156.02,21181.48,3339.66
S005873,2023-05-01,M028,Business Services,8,5,78023.8,55925.15,22098.65,5149.19
S005874,2023-06-01,M028,Business Services,9,5,76671.82,52807.53,23864.29,3347.65
S005875,2023-07-01,M028,Business Services,9,5,84534.7,61087.71,23446.99,5825.51
S005876,2023-08-01,M028,Business Services,10,6,90197.44,64217.2,25980.24,7651.77
S005877,2023-09-01,M028,Business Services,7,4,66761.58,45687.91,21073.67,5207.29
S005878,2023-10-01,M028,Business Services,8,5,68789.0,47794.63,20994.37,2006.68
S005879,2023-11-01,M028,Business Services,10,7,95883.92,65380.96,30502.96,7387.34
S005880,2023-12-01,M028,Business Services,10,6,81007.28,59423.41,21583.87,2569.11
S005881,2024-01-01,M028,Business Services,8,6,68274.41,48674.16,19600.25,1871.74
S005882,2024-02-01,M028,Business Services,10,5,85148.09,59557.53,25590.56,3811.86
S005883,2024-03-01,M028,Business Services,10,7,83084.46,58515.3,24569.16,1980.4
S005884,2024-04-01,M028,Business Services,10,7,83038.87,58086.7,24952.17,4963.59
S005885,2024-05-01,M028,Business Services,10,5,90026.37,65617.04,24409.33,4155.38
S005886,2024-06-01,M028,Business Services,11,6,103345.77,74627.07,28718.7,7418.02
S005887,2024-07-01,M028,Business Services,10,7,93968.74,67068.81,26899.93,2415.36
S005888,2024-08-01,M028,Business Services,10,7,82728.07,56442.65,26285.42,1720.97
S005889,2024-09-01,M028,Business Services,9,7,84998.27,58992.24,26006.03,2669.42
S005890,2024-10-01,M028,Business Services,12,9,112279.49,81371.56,30907.93,8387.16
S005891,2024-11-01,M028,Business Services,13,8,119644.07,88118.66,31525.41,3242.23
S005892,2024-12-01,M028,Business Services,11,6,103727.04,72012.72,31714.32,3094.68
S005893,2025-01-01,M028,Business Services,11,6,97837.11,72350.86,25486.25,2245.01
S005894,2025-02-01,M028,Business Services,12,9,119025.95,81447.19,37578.76,2815.12
S005895,2025-03-01,M028,Business Services,14,8,140892.64,96678.06,44214.58,11979.27
S005896,2025-04-01,M028,Business Services,11,7,97731.72,67539.46,30192.26,5026.11
S005897,2025-05-01,M028,Business Services,11,7,91728.87,66341.1,25387.77,7589.71
S005898,2025-06-01,M028,Business Services,13,10,128378.05,93233.2,35144.85,9045.14
S005899,2025-07-01,M028,Business Services,12,9,124056.29,88987.38,35068.91,9690.25
S005900,2025-08-01,M028,Business Services,13,8,119643.81,82242.93,37400.88,3315.54
S005901,2025-09-01,M028,Business Services,12,6,114566.94,81837.75,32729.19,9502.78
S005902,2025-10-01,M028,Business Services,14,8,134447.5,96869.99,37577.51,4853.76
S005903,2025-11-01,M028,Business Services,14,10,142574.2,98880.91,43693.29,4668.97
S005904,2025-12-01,M028,Business Services,13,9,120158.08,85494.79,34663.29,8464.54
S005905,2023-01-01,M028,Consulting,5,2,116094.44,81134.84,34959.6,7707.8
S005906,2023-02-01,M028,Consulting,6,4,160782.15,116384.87,44397.28,14430.36
S005907,2023-03-01,M028,Consulting,7,5,196064.45,141957.24,54107.21,12612.55
S005908,2023-04-01,M028,Consulting,6,3,155533.99,115066.1,40467.89,7022.63
S005909,2023-05-01,M028,Consulting,6,3,140286.82,96059.6,44227.22,4938.19
S005910,2023-06-01,M028,Consulting,6,4,150185.56,104866.33,45319.23,4088.85
S005911,2023-07-01,M028,Consulting,6,4,135499.84,94457.82,41042.02,10262.39
S005912,2023-08-01,M028,Consulting,6,3,155291.83,106580.29,48711.54,9749.68
S005913,2023-09-01,M028,Consulting,7,4,192694.35,137758.86,54935.49,7038.35
S005914,2023-10-01,M028,Consulting,7,4,169771.41,124666.01,45105.4,3750.01
S005915,2023-11-01,M028,Consulting,7,4,193005.53,140162.96,52842.57,15055.28
S005916,2023-12-01,M028,Consulting,8,4,221384.79,160136.18,61248.61,11505.67
S005917,2024-01-01,M028,Consulting,6,3,155906.32,112697.73,43208.59,10077.39
S005918,2024-02-01,M028,Consulting,8,5,212693.06,151230.44,61462.62,6362.96
S005919,2024-03-01,M028,Consulting,8,4,187153.76,134548.54,52605.22,3953.69
S005920,2024-04-01,M028,Consulting,7,4,195098.52,140633.36,54465.16,16298.35
S005921,2024-05-01,M028,Consulting,6,4,160293.11,115319.04,44974.07,6433.5
S005922,2024-06-01,M028,Consulting,7,4,161243.92,115746.4,45497.52,7123.39
S005923,2024-07-01,M028,Consulting,6,3,167125.52,116810.96,50314.56,4968.45
S005924,2024-08-01,M028,Consulting,8,5,203470.66,142309.33,61161.33,14213.24
S005925,2024-09-01,M028,Consulting,8,5,225331.83,155453.06,69878.77,16846.32
S005926,2024-10-01,M028,Consulting,9,5,247873.39,183237.65,64635.74,6428.89
S005927,2024-11-01,M028,Consulting,9,5,245740.95,175510.3,70230.65,12404.28
S005928,2024-12-01,M028,Consulting,9,5,231867.75,161844.64,70023.11,19914.2
S005929,2025-01-01,M028,Consulting,9,6,238012.12,173502.75,64509.37,11642.24
S005930,2025-02-01,M028,Consulting,8,4,198478.89,137197.36,61281.53,10883.5
S005931,2025-03-01,M028,Consulting,9,6,205020.29,140556.65,64463.64,9323.22
S005932,2025-04-01,M028,Consulting,9,7,214103.35,155183.8,58919.55,6492.95
S005933,2025-05-01,M028,Consulting,7,4,166384.71,114952.25,51432.46,12969.07
S005934,2025-06-01,M028,Consulting,8,4,206049.94,149696.82,56353.12,11656.99
S005935,2025-07-01,M028,Consulting,9,6,251919.57,178600.14,73319.43,6942.91
S005936,2025-08-01,M028,Consulting,10,5,273294.67,186467.66,86827.01,12352.55
S005937,2025-09-01,M028,Consulting,9,5,213706.02,146828.73,66877.29,15029.83
S005938,2025-10-01,M028,Consulting,10,6,250856.81,175991.91,74864.9,21886.65
S005939,2025-11-01,M028,Consulting,10,6,234338.35,161872.82,72465.53,16589.3
S005940,2025-12-01,M028,Consulting,11,6,253357.32,174971.87,78385.45,20641.69
S005941,2023-01-01,M028,Digital Solutions,6,4,90836.29,66253.25,24583.04,3579.08
S005942,2023-02-01,M028,Digital Solutions,7,5,95085.42,65005.92,30079.5,7914.37
S005943,2023-03-01,M028,Digital Solutions,8,5,107028.47,77432.96,29595.51,8136.85
S005944,2023-04-01,M028,Digital Solutions,6,4,85377.1,62484.8,22892.3,5244.02
S005945,2023-05-01,M028,Digital Solutions,7,5,95641.55,69548.57,26092.98,2560.02
S005946,2023-06-01,M028,Digital Solutions,6,4,78692.72,54090.52,24602.2,4284.51
S005947,2023-07-01,M028,Digital Solutions,8,6,126033.64,89839.64,36194.0,6951.69
S005948,2023-08-01,M028,Digital Solutions,8,6,123312.52,88268.55,35043.97,3766.24
S005949,2023-09-01,M028,Digital Solutions,7,5,96623.19,68562.83,28060.36,7156.39
S005950,2023-10-01,M028,Digital Solutions,9,5,120236.9,84376.22,35860.68,6646.15
S005951,2023-11-01,M028,Digital Solutions,8,4,127236.48,89397.58,37838.9,3680.28
S005952,2023-12-01,M028,Digital Solutions,8,5,114863.52,84863.58,29999.94,3452.73
S005953,2024-01-01,M028,Digital Solutions,8,6,123871.02,85563.37,38307.65,5172.5
S005954,2024-02-01,M028,Digital Solutions,8,4,109814.03,77025.33,32788.7,2715.99
S005955,2024-03-01,M028,Digital Solutions,9,6,130948.61,90746.6,40202.01,2850.35
S005956,2024-04-01,M028,Digital Solutions,7,4,96442.03,67087.4,29354.63,6899.0
S005957,2024-05-01,M028,Digital Solutions,7,5,92091.53,68241.73,23849.8,4687.15
S005958,2024-06-01,M028,Digital Solutions,8,5,111408.18,76253.96,35154.22,3230.31
S005959,2024-07-01,M028,Digital Solutions,9,6,123510.02,89369.11,34140.91,6797.84
S005960,2024-08-01,M028,Digital Solutions,7,5,89562.58,63603.61,25958.97,3092.82
S005961,2024-09-01,M028,Digital Solutions,9,6,135978.66,95892.36,40086.3,6145.36
S005962,2024-10-01,M028,Digital Solutions,9,5,137027.06,94545.36,42481.7,3972.09
S005963,2024-11-01,M028,Digital Solutions,10,5,155448.9,112624.65,42824.25,13343.69
S005964,2024-12-01,M028,Digital Solutions,9,7,120325.83,86626.68,33699.15,3432.26
S005965,2025-01-01,M028,Digital Solutions,10,5,158269.14,111283.51,46985.63,9711.66
S005966,2025-02-01,M028,Digital Solutions,10,6,136706.19,99012.14,37694.05,5718.72
S005967,2025-03-01,M028,Digital Solutions,12,7,176196.69,126604.34,49592.35,9429.65
S005968,2025-04-01,M028,Digital Solutions,11,7,152553.35,106089.4,46463.95,5646.42
S005969,2025-05-01,M028,Digital Solutions,9,6,127604.09,91764.35,35839.74,10073.07
S005970,2025-06-01,M028,Digital Solutions,10,5,152250.18,110621.74,41628.44,11483.87
S005971,2025-07-01,M028,Digital Solutions,9,5,132292.3,94136.56,38155.74,9488.34
S005972,2025-08-01,M028,Digital Solutions,10,6,145304.2,102672.14,42632.06,3606.07
S005973,2025-09-01,M028,Digital Solutions,10,6,155325.43,110338.49,44986.94,7493.36
S005974,2025-10-01,M028,Digital Solutions,13,10,200609.41,138350.29,62259.12,9156.8
S005975,2025-11-01,M028,Digital Solutions,12,8,161915.33,114827.22,47088.11,14318.84
S005976,2025-12-01,M028,Digital Solutions,11,6,173366.36,124269.4,49096.96,4013.87
S005977,2023-01-01,M028,SaaS,9,5,102227.85,75041.03,27186.82,4345.14
S005978,2023-02-01,M028,SaaS,10,7,121169.16,84720.3,36448.86,4176.91
S005979,2023-03-01,M028,SaaS,9,5,122628.62,89036.75,33591.87,10205.02
S005980,2023-04-01,M028,SaaS,9,5,109709.74,77826.98,31882.76,7747.04
S005981,2023-05-01,M028,SaaS,10,5,108539.96,76625.02,31914.94,5294.48
S005982,2023-06-01,M028,SaaS,12,8,144079.8,98265.87,45813.93,12634.15
S005983,2023-07-01,M028,SaaS,10,7,112861.63,83669.77,29191.86,8992.25
S005984,2023-08-01,M028,SaaS,9,7,118460.98,85351.27,33109.71,3422.83
S005985,2023-09-01,M028,SaaS,11,8,147137.67,104763.01,42374.66,11854.12
S005986,2023-10-01,M028,SaaS,12,8,158044.9,114986.11,43058.79,4639.63
S005987,2023-11-01,M028,SaaS,11,8,138556.99,96110.57,42446.42,2878.73
S005988,2023-12-01,M028,SaaS,11,8,140046.95,103872.54,36174.41,7025.06
S005989,2024-01-01,M028,SaaS,10,7,135004.02,95293.02,39711.0,11834.93
S005990,2024-02-01,M028,SaaS,10,6,118569.43,82488.37,36081.06,3879.5
S005991,2024-03-01,M028,SaaS,12,9,137001.02,96202.54,40798.48,10521.14
S005992,2024-04-01,M028,SaaS,11,8,137359.91,94578.88,42781.03,7755.32
S005993,2024-05-01,M028,SaaS,11,8,133088.9,91523.2,41565.7,11669.37
S005994,2024-06-01,M028,SaaS,11,6,131630.35,91601.87,40028.48,7767.92
S005995,2024-07-01,M028,SaaS,11,8,119426.24,85431.16,33995.08,8456.41
S005996,2024-08-01,M028,SaaS,11,7,139455.33,99507.18,39948.15,3600.94
S005997,2024-09-01,M028,SaaS,12,7,142186.06,100025.87,42160.19,12646.13
S005998,2024-10-01,M028,SaaS,14,9,166835.44,123078.35,43757.09,5286.08
S005999,2024-11-01,M028,SaaS,15,10,195961.75,144440.22,51521.53,6780.31
S006000,2024-12-01,M028,SaaS,16,9,205888.68,144531.22,61357.46,11274.08
S006001,2025-01-01,M028,SaaS,13,8,160667.0,114133.73,46533.27,7330.83
S006002,2025-02-01,M028,SaaS,12,8,144905.23,100610.18,44295.05,10764.87
S006003,2025-03-01,M028,SaaS,13,7,163629.0,117303.9,46325.1,5793.14
S006004,2025-04-01,M028,SaaS,15,10,205196.99,147935.01,57261.98,15587.03
S006005,2025-05-01,M028,SaaS,13,9,173743.65,120459.83,53283.82,10867.04
S006006,2025-06-01,M028,SaaS,12,9,160182.9,110317.79,49865.11,12912.67
S006007,2025-07-01,M028,SaaS,12,6,137661.98,94735.63,42926.35,5720.73
S006008,2025-08-01,M028,SaaS,17,10,192954.86,133858.3,59096.56,16985.32
S006009,2025-09-01,M028,SaaS,15,8,165356.36,122590.14,42766.22,10295.02
S006010,2025-10-01,M028,SaaS,14,10,173232.13,122202.59,51029.54,13168.41
S006011,2025-11-01,M028,SaaS,16,12,212319.08,155275.55,57043.53,14710.0
S006012,2025-12-01,M028,SaaS,14,10,192392.36,138776.54,53615.82,11533.55
S006013,2023-01-01,M028,IT Services,6,4,99127.57,73069.73,26057.84,4629.2
S006014,2023-02-01,M028,IT Services,6,4,97482.96,67815.97,29666.99,5034.64
S006015,2023-03-01,M028,IT Services,7,4,111843.3,76557.1,35286.2,3655.69
S006016,2023-04-01,M028,IT Services,5,2,78111.05,56417.86,21693.19,1874.62
S006017,2023-05-01,M028,IT Services,6,3,99981.7,74051.94,25929.76,8269.12
S006018,2023-06-01,M028,IT Services,7,4,113931.23,82221.25,31709.98,8283.31
S006019,2023-07-01,M028,IT Services,6,4,97054.35,67309.92,29744.43,7160.23
S006020,2023-08-01,M028,IT Services,6,3,89175.16,62595.48,26579.68,6014.69
S006021,2023-09-01,M028,IT Services,5,3,85518.55,59361.51,26157.04,6549.54
S006022,2023-10-01,M028,IT Services,7,5,100928.87,74665.63,26263.24,5014.22
S006023,2023-11-01,M028,IT Services,7,4,120060.08,88105.97,31954.11,8172.09
S006024,2023-12-01,M028,IT Services,7,3,126781.12,90423.43,36357.69,8513.16
S006025,2024-01-01,M028,IT Services,7,5,114826.73,85084.15,29742.58,6145.46
S006026,2024-02-01,M028,IT Services,7,5,117352.52,85850.01,31502.51,10141.9
S006027,2024-03-01,M028,IT Services,8,6,128343.1,89595.36,38747.74,7024.59
S006028,2024-04-01,M028,IT Services,6,3,98160.05,71870.77,26289.28,6483.44
S006029,2024-05-01,M028,IT Services,8,5,126420.81,89180.08,37240.73,10244.06
S006030,2024-06-01,M028,IT Services,7,4,113244.6,82247.85,30996.75,5316.92
S006031,2024-07-01,M028,IT Services,7,4,108222.18,76659.95,31562.23,2757.66
S006032,2024-08-01,M028,IT Services,7,4,121471.75,84824.28,36647.47,6199.27
S006033,2024-09-01,M028,IT Services,7,4,101810.21,73314.71,28495.5,3840.6
S006034,2024-10-01,M028,IT Services,9,5,147425.58,105826.64,41598.94,3005.89
S006035,2024-11-01,M028,IT Services,9,6,156529.34,112461.4,44067.94,6580.09
S006036,2024-12-01,M028,IT Services,8,5,125848.52,86007.29,39841.23,6401.26
S006037,2025-01-01,M028,IT Services,9,5,160808.39,109953.1,50855.29,14110.71
S006038,2025-02-01,M028,IT Services,8,5,132227.06,91728.99,40498.07,7584.21
S006039,2025-03-01,M028,IT Services,10,6,151461.19,108783.93,42677.26,5655.14
S006040,2025-04-01,M028,IT Services,8,5,138890.65,95053.14,43837.51,11710.74
S006041,2025-05-01,M028,IT Services,9,5,137570.79,95521.17,42049.62,12069.27
S006042,2025-06-01,M028,IT Services,9,5,129647.09,95238.06,34409.03,4575.2
S006043,2025-07-01,M028,IT Services,9,6,159783.52,111952.89,47830.63,3708.94
S006044,2025-08-01,M028,IT Services,9,5,142594.71,99192.82,43401.89,8171.73
S006045,2025-09-01,M028,IT Services,9,5,136875.28,95714.29,41160.99,6517.97
S006046,2025-10-01,M028,IT Services,9,5,154499.65,114587.49,39912.16,13406.58
S006047,2025-11-01,M028,IT Services,10,6,145493.71,101104.25,44389.46,11639.18
S006048,2025-12-01,M028,IT Services,9,6,159200.5,113991.15,45209.35,8472.27
S006049,2023-01-01,M029,Software,6,4,116335.23,84677.43,31657.8,4636.82
S006050,2023-02-01,M029,Software,6,3,99597.27,69035.09,30562.18,5402.78
S006051,2023-03-01,M029,Software,5,3,83478.94,61342.93,22136.01,3585.66
S006052,2023-04-01,M029,Software,5,3,86903.34,63897.34,23006.0,4632.33
S006053,2023-05-01,M029,Software,6,3,102500.43,71398.06,31102.37,8037.76
S006054,2023-06-01,M029,Software,6,3,103004.0,72276.46,30727.54,8276.86
S006055,2023-07-01,M029,Software,6,4,109972.58,78938.6,31033.98,8781.41
S006056,2023-08-01,M029,Software,5,3,88738.61,64587.87,24150.74,5758.51
S006057,2023-09-01,M029,Software,5,2,98111.84,67122.19,30989.65,4733.32
S006058,2023-10-01,M029,Software,7,4,137220.85,94137.31,43083.54,3562.77
S006059,2023-11-01,M029,Software,7,5,134826.3,92974.2,41852.1,4205.83
S006060,2023-12-01,M029,Software,6,4,107976.42,74297.62,33678.8,3810.43
S006061,2024-01-01,M029,Software,6,3,109666.46,77230.95,32435.51,7141.76
S006062,2024-02-01,M029,Software,6,3,115348.64,83557.74,31790.9,10107.11
S006063,2024-03-01,M029,Software,8,4,144404.13,102878.26,41525.87,2978.87
S006064,2024-04-01,M029,Software,7,4,144245.15,102667.46,41577.69,3552.71
S006065,2024-05-01,M029,Software,6,4,108120.49,77940.9,30179.59,3063.85
S006066,2024-06-01,M029,Software,6,3,98302.39,67292.78,31009.61,5097.45
S006067,2024-07-01,M029,Software,6,4,114628.16,81257.84,33370.32,8156.09
S006068,2024-08-01,M029,Software,7,4,113734.85,79348.06,34386.79,8973.65
S006069,2024-09-01,M029,Software,7,4,142685.44,100181.42,42504.02,5697.77
S006070,2024-10-01,M029,Software,8,6,161195.07,115997.82,45197.25,8631.13
S006071,2024-11-01,M029,Software,8,5,136409.12,100180.53,36228.59,8018.9
S006072,2024-12-01,M029,Software,9,5,172660.42,121863.31,50797.11,15370.57
S006073,2025-01-01,M029,Software,7,5,126882.71,92250.37,34632.34,5429.76
S006074,2025-02-01,M029,Software,8,6,163733.95,121495.64,42238.31,13461.06
S006075,2025-03-01,M029,Software,8,5,162036.0,120261.65,41774.35,9905.85
S006076,2025-04-01,M029,Software,6,4,123436.38,84482.38,38954.0,7880.59
S006077,2025-05-01,M029,Software,7,3,135867.25,95506.07,40361.18,6743.47
S006078,2025-06-01,M029,Software,8,4,156355.82,108188.41,48167.41,12248.66
S006079,2025-07-01,M029,Software,8,6,151453.86,108787.34,42666.52,9628.16
S006080,2025-08-01,M029,Software,8,4,164138.21,120108.34,44029.87,5180.08
S006081,2025-09-01,M029,Software,7,5,125985.84,87973.93,38011.91,2548.09
S006082,2025-10-01,M029,Software,8,5,152736.01,105302.37,47433.64,6831.17
S006083,2025-11-01,M029,Software,10,7,198193.98,143365.01,54828.97,6856.25
S006084,2025-12-01,M029,Software,8,4,160789.75,115781.05,45008.7,7237.11
S006085,2023-01-01,M029,Business Services,6,3,48896.89,33742.83,15154.06,1246.24
S006086,2023-02-01,M029,Business Services,6,3,49126.26,36461.64,12664.62,3920.41
S006087,2023-03-01,M029,Business Services,7,4,71009.91,49739.42,21270.49,5767.0
S006088,2023-04-01,M029,Business Services,6,3,51806.44,38360.71,13445.73,4334.54
S006089,2023-05-01,M029,Business Services,5,3,48474.19,33711.42,14762.77,2721.07
S006090,2023-06-01,M029,Business Services,6,4,56700.04,41702.8,14997.24,3463.46
S006091,2023-07-01,M029,Business Services,6,4,52257.09,37907.37,14349.72,3379.25
S006092,2023-08-01,M029,Business Services,6,4,50017.2,36706.69,13310.51,2876.23
S006093,2023-09-01,M029,Business Services,6,4,51135.22,36475.43,14659.79,1516.97
S006094,2023-10-01,M029,Business Services,8,6,75363.87,55353.59,20010.28,2026.74
S006095,2023-11-01,M029,Business Services,6,4,53529.25,38028.37,15500.88,2639.86
S006096,2023-12-01,M029,Business Services,7,4,68100.12,47846.64,20253.48,2975.39
S006097,2024-01-01,M029,Business Services,5,2,46274.65,33174.82,13099.83,3283.43
S006098,2024-02-01,M029,Business Services,7,4,70008.22,48873.31,21134.91,3859.31
S006099,2024-03-01,M029,Business Services,7,5,62032.7,45400.08,16632.62,4550.38
S006100,2024-04-01,M029,Business Services,7,4,68346.35,50267.82,18078.53,5411.08
S006101,2024-05-01,M029,Business Services,7,4,58845.63,41057.68,17787.95,2854.34
S006102,2024-06-01,M029,Business Services,6,3,53087.89,37640.23,15447.66,4222.99
S006103,2024-07-01,M029,Business Services,7,4,69045.71,49607.97,19437.74,5247.1
S006104,2024-08-01,M029,Business Services,8,5,70787.54,50474.83,20312.71,5671.23
S006105,2024-09-01,M029,Business Services,7,5,67158.74,47628.86,19529.88,4991.07
S006106,2024-10-01,M029,Business Services,7,5,63819.41,45452.13,18367.28,3479.51
S006107,2024-11-01,M029,Business Services,7,5,62526.51,45967.18,16559.33,1764.69
S006108,2024-12-01,M029,Business Services,7,4,70111.53,50943.01,19168.52,5388.52
S006109,2025-01-01,M029,Business Services,7,4,66397.2,45377.28,21019.92,1616.69
S006110,2025-02-01,M029,Business Services,7,4,62435.96,46289.79,16146.17,3641.22
S006111,2025-03-01,M029,Business Services,8,5,72288.98,53217.94,19071.04,6111.43
S006112,2025-04-01,M029,Business Services,8,4,72474.69,50315.46,22159.23,4308.97
S006113,2025-05-01,M029,Business Services,8,5,73594.42,50901.01,22693.41,3347.14
S006114,2025-06-01,M029,Business Services,7,5,71349.54,52013.2,19336.34,3579.24
S006115,2025-07-01,M029,Business Services,7,5,57027.94,39946.22,17081.72,4263.22
S006116,2025-08-01,M029,Business Services,9,7,82839.09,59906.94,22932.15,3960.62
S006117,2025-09-01,M029,Business Services,7,3,61157.67,43083.69,18073.98,1707.66
S006118,2025-10-01,M029,Business Services,9,5,82952.84,61230.26,21722.58,6415.46
S006119,2025-11-01,M029,Business Services,8,4,71361.67,51076.48,20285.19,5375.06
S006120,2025-12-01,M029,Business Services,8,5,70851.81,51881.01,18970.8,5997.91
S006121,2023-01-01,M029,Consulting,9,5,233901.2,173225.28,60675.92,8193.16
S006122,2023-02-01,M029,Consulting,7,5,186288.69,134940.32,51348.37,14948.74
S006123,2023-03-01,M029,Consulting,8,5,208024.54,151720.44,56304.1,9346.23
S006124,2023-04-01,M029,Consulting,7,5,190042.04,130729.82,59312.22,10488.79
S006125,2023-05-01,M029,Consulting,8,4,190046.15,135088.41,54957.74,8730.53
S006126,2023-06-01,M029,Consulting,7,4,171546.38,118696.46,52849.92,10945.05
S006127,2023-07-01,M029,Consulting,8,5,191153.38,136819.81,54333.57,15694.01
S006128,2023-08-01,M029,Consulting,9,6,256810.87,188658.51,68152.36,17148.82
S006129,2023-09-01,M029,Consulting,8,5,227783.22,167512.05,60271.17,20234.6
S006130,2023-10-01,M029,Consulting,9,6,203874.96,140200.67,63674.29,9337.22
S006131,2023-11-01,M029,Consulting,10,6,262326.08,180472.49,81853.59,12030.19
S006132,2023-12-01,M029,Consulting,8,4,200294.86,137263.92,63030.94,12573.76
S006133,2024-01-01,M029,Consulting,8,5,191868.22,133430.53,58437.69,11501.82
S006134,2024-02-01,M029,Consulting,8,5,189247.05,129169.88,60077.17,12648.85
S006135,2024-03-01,M029,Consulting,9,6,227674.48,157681.33,69993.15,14990.5
S006136,2024-04-01,M029,Consulting,10,6,263433.64,188116.07,75317.57,10493.32
S006137,2024-05-01,M029,Consulting,10,6,272043.16,192370.65,79672.51,14063.65
S006138,2024-06-01,M029,Consulting,9,6,217854.51,159687.23,58167.28,6417.56
S006139,2024-07-01,M029,Consulting,8,4,205625.18,141462.37,64162.81,8343.5
S006140,2024-08-01,M029,Consulting,10,6,243256.38,170057.04,73199.34,17260.29
S006141,2024-09-01,M029,Consulting,9,5,204186.72,145010.55,59176.17,12070.78
S006142,2024-10-01,M029,Consulting,11,8,299861.75,215407.56,84454.19,15109.01
S006143,2024-11-01,M029,Consulting,10,6,265700.31,189576.37,76123.94,18018.99
S006144,2024-12-01,M029,Consulting,11,7,306263.21,214003.74,92259.47,18269.67
S006145,2025-01-01,M029,Consulting,9,6,239836.02,168066.85,71769.17,20743.68
S006146,2025-02-01,M029,Consulting,10,7,286422.38,205233.72,81188.66,19826.06
S006147,2025-03-01,M029,Consulting,10,7,245642.57,174069.63,71572.94,10259.67
S006148,2025-04-01,M029,Consulting,9,6,203075.83,140438.26,62637.57,9447.05
S006149,2025-05-01,M029,Consulting,11,8,305723.73,225845.63,79878.1,23346.37
S006150,2025-06-01,M029,Consulting,10,7,249287.56,176370.44,72917.12,22366.07
S006151,2025-07-01,M029,Consulting,11,8,255869.29,189747.85,66121.44,8378.27
S006152,2025-08-01,M029,Consulting,9,6,210706.54,152193.2,58513.34,13800.19
S006153,2025-09-01,M029,Consulting,12,8,289971.73,207622.98,82348.75,8587.79
S006154,2025-10-01,M029,Consulting,13,7,309382.84,220143.9,89238.94,18272.09
S006155,2025-11-01,M029,Consulting,11,8,293939.93,201719.01,92220.92,16468.77
S006156,2025-12-01,M029,Consulting,12,7,336243.8,239960.25,96283.55,14416.36
S006157,2023-01-01,M029,Digital Solutions,6,3,82523.75,59206.44,23317.31,5616.07
S006158,2023-02-01,M029,Digital Solutions,7,4,107201.16,77415.91,29785.25,7034.63
S006159,2023-03-01,M029,Digital Solutions,8,5,111211.52,81236.51,29975.01,6135.44
S006160,2023-04-01,M029,Digital Solutions,7,3,109923.96,77236.91,32687.05,8736.87
S006161,2023-05-01,M029,Digital Solutions,6,3,91320.83,65887.93,25432.9,3495.73
S006162,2023-06-01,M029,Digital Solutions,6,4,80111.55,56659.2,23452.35,2859.45
S006163,2023-07-01,M029,Digital Solutions,7,4,90830.59,67226.24,23604.35,4074.59
S006164,2023-08-01,M029,Digital Solutions,8,5,105772.0,72568.81,33203.19,3232.9
S006165,2023-09-01,M029,Digital Solutions,8,5,113206.15,80348.61,32857.54,3054.6
S006166,2023-10-01,M029,Digital Solutions,7,3,96182.03,69279.37,26902.66,2547.69
S006167,2023-11-01,M029,Digital Solutions,9,5,143137.78,97863.6,45274.18,6272.76
S006168,2023-12-01,M029,Digital Solutions,8,4,107066.35,78709.55,28356.8,6243.37
S006169,2024-01-01,M029,Digital Solutions,6,3,81125.34,56272.77,24852.57,2676.66
S006170,2024-02-01,M029,Digital Solutions,7,4,109466.77,77825.14,31641.63,5433.05
S006171,2024-03-01,M029,Digital Solutions,9,5,140307.57,101399.87,38907.7,9601.07
S006172,2024-04-01,M029,Digital Solutions,7,4,93276.58,66718.69,26557.89,1875.74
S006173,2024-05-01,M029,Digital Solutions,7,5,107809.81,77551.49,30258.32,2740.46
S006174,2024-06-01,M029,Digital Solutions,9,5,124854.36,86151.33,38703.03,3209.57
S006175,2024-07-01,M029,Digital Solutions,7,4,108745.52,79287.49,29458.03,9165.21
S006176,2024-08-01,M029,Digital Solutions,8,5,110931.79,79684.07,31247.72,4810.3
S006177,2024-09-01,M029,Digital Solutions,7,3,92614.66,66625.62,25989.04,4634.9
S006178,2024-10-01,M029,Digital Solutions,10,7,133544.91,98371.04,35173.87,7380.49
S006179,2024-11-01,M029,Digital Solutions,8,5,125085.71,90068.05,35017.66,6697.02
S006180,2024-12-01,M029,Digital Solutions,10,7,130322.59,89246.07,41076.52,3307.16
S006181,2025-01-01,M029,Digital Solutions,9,5,141417.51,97690.65,43726.86,6802.43
S006182,2025-02-01,M029,Digital Solutions,9,5,138712.65,96331.77,42380.88,7239.84
S006183,2025-03-01,M029,Digital Solutions,9,5,143842.44,99495.79,44346.65,5730.58
S006184,2025-04-01,M029,Digital Solutions,8,4,108696.11,79390.66,29305.45,3540.57
S006185,2025-05-01,M029,Digital Solutions,9,5,140360.65,97260.39,43100.26,4784.51
S006186,2025-06-01,M029,Digital Solutions,8,5,110762.48,78974.93,31787.55,5460.19
S006187,2025-07-01,M029,Digital Solutions,8,5,110089.19,76114.29,33974.9,5722.79
S006188,2025-08-01,M029,Digital Solutions,8,4,107574.72,77469.22,30105.5,5713.82
S006189,2025-09-01,M029,Digital Solutions,8,5,109594.39,74837.95,34756.44,9013.94
S006190,2025-10-01,M029,Digital Solutions,10,7,155469.28,112483.75,42985.53,7861.09
S006191,2025-11-01,M029,Digital Solutions,10,6,126095.91,89545.95,36549.96,3192.88
S006192,2025-12-01,M029,Digital Solutions,9,5,135381.46,93126.01,42255.45,6337.88
S006193,2023-01-01,M029,SaaS,8,6,109724.13,77278.54,32445.59,8306.32
S006194,2023-02-01,M029,SaaS,8,4,103110.28,71793.71,31316.57,6606.8
S006195,2023-03-01,M029,SaaS,8,5,104017.82,75355.89,28661.93,9130.92
S006196,2023-04-01,M029,SaaS,9,5,109973.17,75415.63,34557.54,5604.81
S006197,2023-05-01,M029,SaaS,7,4,77873.73,55608.13,22265.6,1732.28
S006198,2023-06-01,M029,SaaS,7,4,81166.4,59039.84,22126.56,6078.43
S006199,2023-07-01,M029,SaaS,8,5,104141.17,74649.66,29491.51,3122.98
S006200,2023-08-01,M029,SaaS,7,3,91871.12,67686.52,24184.6,3914.59
S006201,2023-09-01,M029,SaaS,8,5,105097.39,72339.75,32757.64,6566.0
S006202,2023-10-01,M029,SaaS,8,5,95160.59,66352.51,28808.08,8434.7
S006203,2023-11-01,M029,SaaS,8,4,93977.02,68125.83,25851.19,4302.39
S006204,2023-12-01,M029,SaaS,9,5,120703.78,82389.25,38314.53,9339.36
S006205,2024-01-01,M029,SaaS,10,5,131132.07,91558.09,39573.98,6760.99
S006206,2024-02-01,M029,SaaS,9,6,101161.51,73805.15,27356.36,2099.17
S006207,2024-03-01,M029,SaaS,11,6,120829.09,88390.7,32438.39,5300.85
S006208,2024-04-01,M029,SaaS,9,6,112098.58,81069.43,31029.15,8558.67
S006209,2024-05-01,M029,SaaS,10,7,126827.59,90849.63,35977.96,6715.4
S006210,2024-06-01,M029,SaaS,9,6,111755.08,78814.26,32940.82,3083.42
S006211,2024-07-01,M029,SaaS,9,5,98193.87,70567.85,27626.02,5356.54
S006212,2024-08-01,M029,SaaS,10,7,131226.92,91430.88,39796.04,9637.72
S006213,2024-09-01,M029,SaaS,8,4,94731.87,66708.76,28023.11,7367.44
S006214,2024-10-01,M029,SaaS,9,5,117965.11,81838.56,36126.55,8283.89
S006215,2024-11-01,M029,SaaS,9,6,124065.69,87459.81,36605.88,8070.57
S006216,2024-12-01,M029,SaaS,9,6,119248.78,86546.11,32702.67,2745.25
S006217,2025-01-01,M029,SaaS,9,6,114195.97,84286.29,29909.68,9239.36
S006218,2025-02-01,M029,SaaS,11,8,129823.62,90170.02,39653.6,10238.62
S006219,2025-03-01,M029,SaaS,11,7,146932.23,108998.47,37933.76,11835.44
S006220,2025-04-01,M029,SaaS,9,5,102058.02,69720.02,32338.0,5884.56
S006221,2025-05-01,M029,SaaS,11,7,140334.25,101836.96,38497.29,7228.85
S006222,2025-06-01,M029,SaaS,11,8,132352.11,96353.03,35999.08,11709.66
S006223,2025-07-01,M029,SaaS,12,8,157954.89,115551.1,42403.79,3876.19
S006224,2025-08-01,M029,SaaS,11,7,147348.71,107088.66,40260.05,3219.17
S006225,2025-09-01,M029,SaaS,11,8,126069.24,92371.72,33697.52,7707.17
S006226,2025-10-01,M029,SaaS,10,6,125153.14,91521.35,33631.79,3092.16
S006227,2025-11-01,M029,SaaS,12,6,136666.97,94376.2,42290.77,9337.17
S006228,2025-12-01,M029,SaaS,13,8,153844.3,112774.11,41070.19,10274.17
S006229,2023-01-01,M029,IT Services,6,4,106827.29,77929.83,28897.46,2769.38
S006230,2023-02-01,M029,IT Services,7,4,120334.5,85773.38,34561.12,9827.22
S006231,2023-03-01,M029,IT Services,6,4,96643.26,69753.46,26889.8,6906.85
S006232,2023-04-01,M029,IT Services,8,5,116101.48,82647.0,33454.48,3965.98
S006233,2023-05-01,M029,IT Services,6,4,95768.24,69938.53,25829.71,6513.13
S006234,2023-06-01,M029,IT Services,8,6,119977.48,84421.68,35555.8,9252.28
S006235,2023-07-01,M029,IT Services,8,6,126988.64,88486.89,38501.75,10784.12
S006236,2023-08-01,M029,IT Services,8,6,136412.66,99611.91,36800.75,9704.74
S006237,2023-09-01,M029,IT Services,8,5,126454.59,86662.17,39792.42,5688.52
S006238,2023-10-01,M029,IT Services,8,5,143336.98,104026.64,39310.34,7041.37
S006239,2023-11-01,M029,IT Services,8,5,119060.73,82180.84,36879.89,3323.03
S006240,2023-12-01,M029,IT Services,9,5,145773.89,108050.91,37722.98,8008.65
S006241,2024-01-01,M029,IT Services,8,5,146716.95,108293.32,38423.63,9781.14
S006242,2024-02-01,M029,IT Services,9,6,140648.22,100510.43,40137.79,6483.75
S006243,2024-03-01,M029,IT Services,9,6,156662.13,108574.16,48087.97,4718.93
S006244,2024-04-01,M029,IT Services,7,3,106404.11,77060.17,29343.94,8772.39
S006245,2024-05-01,M029,IT Services,8,5,119958.52,87688.64,32269.88,3339.11
S006246,2024-06-01,M029,IT Services,7,4,117187.51,81298.71,35888.8,5375.3
S006247,2024-07-01,M029,IT Services,8,4,117641.66,85675.99,31965.67,6292.34
S006248,2024-08-01,M029,IT Services,7,4,111812.82,77190.68,34622.14,8480.89
S006249,2024-09-01,M029,IT Services,9,6,137957.14,96868.74,41088.4,5960.27
S006250,2024-10-01,M029,IT Services,9,5,134487.05,97225.02,37262.03,9990.86
S006251,2024-11-01,M029,IT Services,10,6,164167.23,113148.02,51019.21,9701.81
S006252,2024-12-01,M029,IT Services,9,6,150812.42,105542.0,45270.42,6905.29
S006253,2025-01-01,M029,IT Services,8,5,120486.47,83141.94,37344.53,7293.12
S006254,2025-02-01,M029,IT Services,7,4,115099.13,80861.61,34237.52,9816.7
S006255,2025-03-01,M029,IT Services,10,6,155076.12,112534.59,42541.53,12263.34
S006256,2025-04-01,M029,IT Services,8,5,135947.92,95350.6,40597.32,11906.39
S006257,2025-05-01,M029,IT Services,9,6,146970.57,107744.4,39226.17,3750.9
S006258,2025-06-01,M029,IT Services,8,4,119217.25,83508.83,35708.42,4903.01
S006259,2025-07-01,M029,IT Services,9,5,147704.55,106958.78,40745.77,3664.5
S006260,2025-08-01,M029,IT Services,9,5,160453.76,110848.41,49605.35,14089.17
S006261,2025-09-01,M029,IT Services,8,5,131698.22,95663.53,36034.69,4367.99
S006262,2025-10-01,M029,IT Services,10,7,162028.29,113993.43,48034.86,7978.17
S006263,2025-11-01,M029,IT Services,12,7,182374.43,125551.15,56823.28,10488.15
S006264,2025-12-01,M029,IT Services,12,8,219671.07,160534.56,59136.51,12652.5
S006265,2023-01-01,M030,Software,6,4,103351.39,77137.79,26213.6,6720.44
S006266,2023-02-01,M030,Software,6,4,98831.97,72543.78,26288.19,2084.85
S006267,2023-03-01,M030,Software,6,4,117414.18,84472.06,32942.12,7462.42
S006268,2023-04-01,M030,Software,7,5,118132.99,88156.67,29976.32,2374.21
S006269,2023-05-01,M030,Software,8,5,147777.48,109892.87,37884.61,9316.88
S006270,2023-06-01,M030,Software,7,5,133607.29,94039.18,39568.11,4127.62
S006271,2023-07-01,M030,Software,8,5,138435.12,99382.28,39052.84,12006.07
S006272,2023-08-01,M030,Software,7,4,129238.11,94221.0,35017.11,3496.17
S006273,2023-09-01,M030,Software,7,4,140335.37,99494.14,40841.23,6435.81
S006274,2023-10-01,M030,Software,7,4,144196.92,103204.93,40991.99,11378.49
S006275,2023-11-01,M030,Software,9,5,153388.74,113650.35,39738.39,6657.47
S006276,2023-12-01,M030,Software,8,5,135455.99,101012.51,34443.48,11826.11
S006277,2024-01-01,M030,Software,9,5,155951.75,111406.19,44545.56,10861.05
S006278,2024-02-01,M030,Software,7,5,131342.9,90789.2,40553.7,10317.95
S006279,2024-03-01,M030,Software,8,5,153590.69,108242.18,45348.51,7210.24
S006280,2024-04-01,M030,Software,10,7,198064.72,147866.22,50198.5,15513.22
S006281,2024-05-01,M030,Software,8,5,155546.72,107955.36,47591.36,3663.23
S006282,2024-06-01,M030,Software,10,7,185647.03,139256.98,46390.05,4381.83
S006283,2024-07-01,M030,Software,9,6,150188.41,105491.31,44697.1,4406.88
S006284,2024-08-01,M030,Software,8,5,132674.68,93089.77,39584.91,11129.3
S006285,2024-09-01,M030,Software,8,5,147153.76,105209.29,41944.47,6887.96
S006286,2024-10-01,M030,Software,9,6,163462.96,119469.76,43993.2,4252.09
S006287,2024-11-01,M030,Software,11,8,191555.72,134568.79,56986.93,12870.21
S006288,2024-12-01,M030,Software,10,6,198162.85,138600.79,59562.06,8687.08
S006289,2025-01-01,M030,Software,11,8,181533.18,135294.4,46238.78,12483.12
S006290,2025-02-01,M030,Software,11,7,199942.62,145509.73,54432.89,13333.93
S006291,2025-03-01,M030,Software,12,8,224954.26,164943.97,60010.29,7296.96
S006292,2025-04-01,M030,Software,11,7,186624.11,138076.91,48547.2,15003.66
S006293,2025-05-01,M030,Software,11,6,192215.45,139399.59,52815.86,16095.01
S006294,2025-06-01,M030,Software,10,5,166957.13,115435.89,51521.24,4321.91
S006295,2025-07-01,M030,Software,12,9,231841.84,165722.0,66119.84,14004.93
S006296,2025-08-01,M030,Software,10,5,200462.43,143477.23,56985.2,6167.94
S006297,2025-09-01,M030,Software,13,9,258616.27,179177.56,79438.71,13322.8
S006298,2025-10-01,M030,Software,14,8,265814.63,191749.46,74065.17,10949.12
S006299,2025-11-01,M030,Software,12,8,221572.61,165873.99,55698.62,10495.95
S006300,2025-12-01,M030,Software,12,7,198401.55,143553.0,54848.55,10403.1
S006301,2023-01-01,M030,Business Services,10,6,89675.66,66737.96,22937.7,3845.87
S006302,2023-02-01,M030,Business Services,10,5,90367.7,67630.78,22736.92,6196.46
S006303,2023-03-01,M030,Business Services,11,8,113024.92,79398.12,33626.8,3443.57
S006304,2023-04-01,M030,Business Services,9,6,90971.72,63398.41,27573.31,2211.94
S006305,2023-05-01,M030,Business Services,10,5,83302.67,59574.61,23728.06,6784.8
S006306,2023-06-01,M030,Business Services,11,8,94936.61,66643.78,28292.83,3564.81
S006307,2023-07-01,M030,Business Services,11,6,92203.26,68588.57,23614.69,7502.74
S006308,2023-08-01,M030,Business Services,12,7,122652.08,88260.05,34392.03,3154.26
S006309,2023-09-01,M030,Business Services,10,7,81225.62,56806.46,24419.16,3028.32
S006310,2023-10-01,M030,Business Services,13,9,112704.29,79513.38,33190.91,5598.45
S006311,2023-11-01,M030,Business Services,13,9,119167.04,82556.34,36610.7,8829.45
S006312,2023-12-01,M030,Business Services,13,9,124365.52,90671.02,33694.5,8242.7
S006313,2024-01-01,M030,Business Services,12,8,114474.38,85351.61,29122.77,5707.97
S006314,2024-02-01,M030,Business Services,11,7,90382.27,65377.55,25004.72,7353.13
S006315,2024-03-01,M030,Business Services,15,10,126025.66,87384.05,38641.61,8257.23
S006316,2024-04-01,M030,Business Services,11,6,106131.69,73467.31,32664.38,8307.9
S006317,2024-05-01,M030,Business Services,13,10,116133.35,80757.11,35376.24,7915.02
S006318,2024-06-01,M030,Business Services,14,10,135912.57,97936.26,37976.31,11444.63
S006319,2024-07-01,M030,Business Services,12,7,123514.9,87903.07,35611.83,4051.2
S006320,2024-08-01,M030,Business Services,12,9,108995.44,80618.41,28377.03,9724.04
S006321,2024-09-01,M030,Business Services,14,8,119003.28,89357.82,29645.46,5998.73
S006322,2024-10-01,M030,Business Services,16,11,155279.14,112710.27,42568.87,6573.65
S006323,2024-11-01,M030,Business Services,13,8,108324.39,78435.52,29888.87,8195.01
S006324,2024-12-01,M030,Business Services,15,8,134369.78,94395.07,39974.71,8995.15
S006325,2025-01-01,M030,Business Services,13,9,121366.46,86969.84,34396.62,2608.64
S006326,2025-02-01,M030,Business Services,16,11,131030.34,91962.17,39068.17,10659.09
S006327,2025-03-01,M030,Business Services,15,11,147597.96,104035.76,43562.2,8335.52
S006328,2025-04-01,M030,Business Services,15,10,123888.71,86206.55,37682.16,6175.44
S006329,2025-05-01,M030,Business Services,16,9,132511.5,93085.37,39426.13,4964.05
S006330,2025-06-01,M030,Business Services,16,11,142062.51,105112.87,36949.64,12620.6
S006331,2025-07-01,M030,Business Services,18,9,165219.19,114227.23,50991.96,9764.67
S006332,2025-08-01,M030,Business Services,18,13,168736.87,123265.21,45471.66,10572.97
S006333,2025-09-01,M030,Business Services,18,11,177480.64,127495.72,49984.92,9818.2
S006334,2025-10-01,M030,Business Services,19,12,186761.79,131715.77,55046.02,15950.48
S006335,2025-11-01,M030,Business Services,20,15,178128.13,129615.51,48512.62,13827.09
S006336,2025-12-01,M030,Business Services,19,13,165780.4,116258.3,49522.1,13762.38
S006337,2023-01-01,M030,Consulting,7,4,194517.21,136616.38,57900.83,4361.04
S006338,2023-02-01,M030,Consulting,7,3,170368.86,123672.48,46696.38,5889.96
S006339,2023-03-01,M030,Consulting,9,5,244555.81,182543.89,62011.92,6594.49
S006340,2023-04-01,M030,Consulting,8,5,197131.24,144172.22,52959.02,17428.94
S006341,2023-05-01,M030,Consulting,9,5,225107.03,160350.24,64756.79,14041.82
S006342,2023-06-01,M030,Consulting,9,5,204212.17,141905.63,62306.54,7477.14
S006343,2023-07-01,M030,Consulting,9,6,210412.51,148687.77,61724.74,10391.57
S006344,2023-08-01,M030,Consulting,9,6,246760.09,177412.44,69347.65,21526.81
S006345,2023-09-01,M030,Consulting,7,5,196153.99,145264.5,50889.49,6291.49
S006346,2023-10-01,M030,Consulting,10,6,233745.47,162642.6,71102.87,5707.83
S006347,2023-11-01,M030,Consulting,11,7,290268.52,213210.58,77057.94,21046.84
S006348,2023-12-01,M030,Consulting,9,6,240454.44,176855.06,63599.38,19143.21
S006349,2024-01-01,M030,Consulting,9,5,248687.05,172896.28,75790.77,7780.47
S006350,2024-02-01,M030,Consulting,10,7,251444.47,185175.07,66269.4,13795.01
S006351,2024-03-01,M030,Consulting,11,6,268524.66,199104.53,69420.13,9239.7
S006352,2024-04-01,M030,Consulting,11,6,248610.24,179770.65,68839.59,11981.15
S006353,2024-05-01,M030,Consulting,11,6,277198.95,204298.65,72900.3,20707.56
S006354,2024-06-01,M030,Consulting,10,6,276907.76,191787.72,85120.04,21317.12
S006355,2024-07-01,M030,Consulting,10,6,226169.53,165849.9,60319.63,9238.76
S006356,2024-08-01,M030,Consulting,12,8,320813.27,239346.5,81466.77,9312.97
S006357,2024-09-01,M030,Consulting,11,6,296066.51,205003.6,91062.91,7729.43
S006358,2024-10-01,M030,Consulting,10,6,285782.19,198550.28,87231.91,18406.81
S006359,2024-11-01,M030,Consulting,12,7,329440.54,231429.87,98010.67,24103.25
S006360,2024-12-01,M030,Consulting,11,7,280379.5,209131.04,71248.46,5818.48
S006361,2025-01-01,M030,Consulting,12,9,291007.82,212334.91,78672.91,19352.14
S006362,2025-02-01,M030,Consulting,11,8,268591.6,187687.13,80904.47,6187.58
S006363,2025-03-01,M030,Consulting,12,9,330359.22,234110.29,96248.93,15743.89
S006364,2025-04-01,M030,Consulting,10,7,231907.82,161945.29,69962.53,10096.33
S006365,2025-05-01,M030,Consulting,11,8,286771.7,200450.4,86321.3,20203.82
S006366,2025-06-01,M030,Consulting,13,10,348126.39,243226.92,104899.47,12616.62
S006367,2025-07-01,M030,Consulting,14,9,390304.7,285916.51,104388.19,11370.9
S006368,2025-08-01,M030,Consulting,11,7,301200.88,220974.93,80225.95,22906.82
S006369,2025-09-01,M030,Consulting,13,9,368951.67,267216.54,101735.13,25853.18
S006370,2025-10-01,M030,Consulting,16,12,409110.65,294382.63,114728.02,20724.24
S006371,2025-11-01,M030,Consulting,14,7,358758.84,257905.69,100853.15,9095.24
S006372,2025-12-01,M030,Consulting,16,11,368402.46,276028.37,92374.09,13124.13
S006373,2023-01-01,M030,Digital Solutions,7,4,95004.51,68364.59,26639.92,2158.35
S006374,2023-02-01,M030,Digital Solutions,6,4,82300.79,60520.37,21780.42,4007.41
S006375,2023-03-01,M030,Digital Solutions,7,5,104007.41,76801.35,27206.06,8110.6
S006376,2023-04-01,M030,Digital Solutions,6,3,87265.93,63890.48,23375.45,4791.26
S006377,2023-05-01,M030,Digital Solutions,8,5,122608.07,90077.07,32531.0,2795.89
S006378,2023-06-01,M030,Digital Solutions,7,5,96721.98,69646.36,27075.62,4094.23
S006379,2023-07-01,M030,Digital Solutions,7,4,102133.83,75276.09,26857.74,5898.57
S006380,2023-08-01,M030,Digital Solutions,7,5,105847.17,73349.77,32497.4,8789.22
S006381,2023-09-01,M030,Digital Solutions,8,5,122281.81,88778.03,33503.78,6280.89
S006382,2023-10-01,M030,Digital Solutions,9,5,114379.55,81853.97,32525.58,6423.48
S006383,2023-11-01,M030,Digital Solutions,9,6,113665.64,85206.86,28458.78,8152.29
S006384,2023-12-01,M030,Digital Solutions,10,5,138429.04,99463.78,38965.26,9132.32
S006385,2024-01-01,M030,Digital Solutions,7,5,96685.95,70768.94,25917.01,4290.63
S006386,2024-02-01,M030,Digital Solutions,8,4,109749.09,77696.31,32052.78,8028.42
S006387,2024-03-01,M030,Digital Solutions,8,5,126515.04,92797.82,33717.22,8530.55
S006388,2024-04-01,M030,Digital Solutions,8,5,114893.39,83014.84,31878.55,10115.6
S006389,2024-05-01,M030,Digital Solutions,9,6,133696.85,99584.0,34112.85,3941.34
S006390,2024-06-01,M030,Digital Solutions,10,5,158374.63,116471.24,41903.39,8217.62
S006391,2024-07-01,M030,Digital Solutions,8,5,126715.87,87725.38,38990.49,9240.98
S006392,2024-08-01,M030,Digital Solutions,8,5,102705.43,71738.48,30966.95,3303.54
S006393,2024-09-01,M030,Digital Solutions,9,6,124962.42,90036.28,34926.14,8559.87
S006394,2024-10-01,M030,Digital Solutions,11,6,174890.52,121090.55,53799.97,11994.68
S006395,2024-11-01,M030,Digital Solutions,10,6,142921.64,103233.59,39688.05,5430.72
S006396,2024-12-01,M030,Digital Solutions,10,7,130412.9,92402.84,38010.06,10127.97
S006397,2025-01-01,M030,Digital Solutions,11,6,148562.31,107546.76,41015.55,7859.14
S006398,2025-02-01,M030,Digital Solutions,9,4,117100.31,84170.67,32929.64,8724.11
S006399,2025-03-01,M030,Digital Solutions,10,5,142213.54,98670.65,43542.89,5684.07
S006400,2025-04-01,M030,Digital Solutions,10,7,127020.19,89632.61,37387.58,5278.58
S006401,2025-05-01,M030,Digital Solutions,10,6,144553.91,108489.54,36064.37,11743.61
S006402,2025-06-01,M030,Digital Solutions,11,6,169834.49,124277.91,45556.58,12369.62
S006403,2025-07-01,M030,Digital Solutions,11,6,169326.65,119316.83,50009.82,15033.3
S006404,2025-08-01,M030,Digital Solutions,12,7,176181.65,129571.24,46610.41,15036.21
S006405,2025-09-01,M030,Digital Solutions,11,6,170997.01,119809.16,51187.85,9011.22
S006406,2025-10-01,M030,Digital Solutions,12,8,155621.85,116264.11,39357.74,5200.17
S006407,2025-11-01,M030,Digital Solutions,11,7,176237.47,124371.43,51866.04,6577.58
S006408,2025-12-01,M030,Digital Solutions,14,10,210177.65,155517.89,54659.76,5629.15
S006409,2023-01-01,M030,SaaS,8,5,88336.17,65369.89,22966.28,2118.38
S006410,2023-02-01,M030,SaaS,8,4,104614.3,73988.33,30625.97,7429.56
S006411,2023-03-01,M030,SaaS,8,6,105745.57,76045.84,29699.73,2324.65
S006412,2023-04-01,M030,SaaS,10,7,128664.77,90528.42,38136.35,3816.85
S006413,2023-05-01,M030,SaaS,8,5,90116.06,62937.81,27178.25,6985.2
S006414,2023-06-01,M030,SaaS,9,6,100265.65,74312.69,25952.96,8328.92
S006415,2023-07-01,M030,SaaS,10,5,108347.41,75534.14,32813.27,7756.63
S006416,2023-08-01,M030,SaaS,10,6,131521.78,93726.21,37795.57,3814.35
S006417,2023-09-01,M030,SaaS,8,5,92754.68,67692.71,25061.97,4606.96
S006418,2023-10-01,M030,SaaS,12,8,163664.34,120439.9,43224.44,7461.07
S006419,2023-11-01,M030,SaaS,10,6,112082.68,82660.67,29422.01,3182.51
S006420,2023-12-01,M030,SaaS,12,6,154275.1,112788.14,41486.96,9793.72
S006421,2024-01-01,M030,SaaS,11,6,143040.42,102386.22,40654.2,9887.58
S006422,2024-02-01,M030,SaaS,11,8,129671.86,91234.43,38437.43,9520.92
S006423,2024-03-01,M030,SaaS,14,8,191991.5,137290.93,54700.57,5550.03
S006424,2024-04-01,M030,SaaS,11,7,136417.3,96471.95,39945.35,8572.85
S006425,2024-05-01,M030,SaaS,12,8,164429.53,115425.97,49003.56,5492.81
S006426,2024-06-01,M030,SaaS,10,6,125794.86,93154.7,32640.16,7017.13
S006427,2024-07-01,M030,SaaS,12,9,156125.15,113770.72,42354.43,12694.95
S006428,2024-08-01,M030,SaaS,11,7,129890.09,96971.19,32918.9,7106.11
S006429,2024-09-01,M030,SaaS,10,6,127969.58,89102.89,38866.69,8705.62
S006430,2024-10-01,M030,SaaS,15,11,198373.28,141369.28,57004.0,14914.77
S006431,2024-11-01,M030,SaaS,15,11,178115.78,126075.68,52040.1,12305.35
S006432,2024-12-01,M030,SaaS,14,9,163181.52,121665.66,41515.86,9723.1
S006433,2025-01-01,M030,SaaS,12,8,130821.26,93750.21,37071.05,10004.07
S006434,2025-02-01,M030,SaaS,11,6,137553.9,102261.34,35292.56,11647.38
S006435,2025-03-01,M030,SaaS,14,9,156488.05,115097.42,41390.63,8141.01
S006436,2025-04-01,M030,SaaS,15,11,184357.76,133958.32,50399.44,13819.64
S006437,2025-05-01,M030,SaaS,15,10,202644.55,150548.81,52095.74,13318.96
S006438,2025-06-01,M030,SaaS,13,9,145848.83,100975.28,44873.55,11558.68
S006439,2025-07-01,M030,SaaS,12,7,142576.61,105448.17,37128.44,6386.85
S006440,2025-08-01,M030,SaaS,13,8,144010.61,103262.58,40748.03,8661.57
S006441,2025-09-01,M030,SaaS,17,12,225127.23,157472.02,67655.21,14465.85
S006442,2025-10-01,M030,SaaS,15,8,187364.98,133933.8,53431.18,5532.01
S006443,2025-11-01,M030,SaaS,17,13,188911.8,135943.85,52967.95,6440.08
S006444,2025-12-01,M030,SaaS,18,13,206150.76,147048.16,59102.6,13489.67
S006445,2023-01-01,M030,IT Services,6,4,100427.72,70881.03,29546.69,6469.91
S006446,2023-02-01,M030,IT Services,6,4,109145.65,81561.25,27584.4,5696.86
S006447,2023-03-01,M030,IT Services,6,3,108591.53,77821.34,30770.19,8149.26
S006448,2023-04-01,M030,IT Services,6,4,100077.81,73512.61,26565.2,4356.25
S006449,2023-05-01,M030,IT Services,6,4,104362.96,74333.63,30029.33,6639.84
S006450,2023-06-01,M030,IT Services,7,5,125323.7,87901.8,37421.9,8867.85
S006451,2023-07-01,M030,IT Services,7,4,125274.29,91683.65,33590.64,10074.77
S006452,2023-08-01,M030,IT Services,7,4,103781.17,73136.14,30645.03,8250.65
S006453,2023-09-01,M030,IT Services,7,4,101462.72,71409.12,30053.6,8883.0
S006454,2023-10-01,M030,IT Services,7,5,104421.57,74582.87,29838.7,5463.01
S006455,2023-11-01,M030,IT Services,8,4,116172.78,84919.85,31252.93,10280.66
S006456,2023-12-01,M030,IT Services,7,5,110217.98,78584.87,31633.11,2827.51
S006457,2024-01-01,M030,IT Services,7,4,103024.74,71948.99,31075.75,2175.22
S006458,2024-02-01,M030,IT Services,6,3,107266.77,74966.11,32300.66,7540.01
S006459,2024-03-01,M030,IT Services,7,4,118995.78,87075.19,31920.59,5199.6
S006460,2024-04-01,M030,IT Services,7,5,126897.68,95127.34,31770.34,10953.31
S006461,2024-05-01,M030,IT Services,7,5,112559.97,81030.93,31529.04,4401.49
S006462,2024-06-01,M030,IT Services,7,4,120377.93,84748.64,35629.29,8744.32
S006463,2024-07-01,M030,IT Services,8,6,129817.81,95401.1,34416.71,3806.72
S006464,2024-08-01,M030,IT Services,8,6,134653.16,99264.18,35388.98,8145.54
S006465,2024-09-01,M030,IT Services,7,5,104151.42,72043.12,32108.3,4848.76
S006466,2024-10-01,M030,IT Services,9,6,132037.64,92772.63,39265.01,8445.42
S006467,2024-11-01,M030,IT Services,8,6,131901.6,98713.15,33188.45,7893.99
S006468,2024-12-01,M030,IT Services,10,7,181057.79,128839.99,52217.8,14705.7
S006469,2025-01-01,M030,IT Services,7,5,114139.27,79633.13,34506.14,2493.28
S006470,2025-02-01,M030,IT Services,8,5,133101.83,92496.4,40605.43,6884.34
S006471,2025-03-01,M030,IT Services,8,6,146820.59,101908.81,44911.78,9336.14
S006472,2025-04-01,M030,IT Services,10,6,177999.64,132658.42,45341.22,4873.9
S006473,2025-05-01,M030,IT Services,8,5,121368.64,90758.28,30610.36,10424.83
S006474,2025-06-01,M030,IT Services,10,6,146066.85,109509.57,36557.28,4556.36
S006475,2025-07-01,M030,IT Services,10,7,183907.34,133772.77,50134.57,14356.17
S006476,2025-08-01,M030,IT Services,10,6,160479.0,117786.92,42692.08,3212.49
S006477,2025-09-01,M030,IT Services,8,4,116080.61,84775.12,31305.49,6202.33
S006478,2025-10-01,M030,IT Services,12,9,178619.45,129688.54,48930.91,12982.23
S006479,2025-11-01,M030,IT Services,10,5,167848.36,122460.62,45387.74,7156.12
S006480,2025-12-01,M030,IT Services,11,6,168721.4,117349.64,51371.76,7246.53
S006481,2023-01-01,M031,Software,8,5,155576.92,114001.26,41575.66,4363.8
S006482,2023-02-01,M031,Software,7,5,114331.02,78435.77,35895.25,2396.75
S006483,2023-03-01,M031,Software,10,6,164550.92,115520.82,49030.1,3325.86
S006484,2023-04-01,M031,Software,8,6,146334.85,99025.85,47309.0,12706.56
S006485,2023-05-01,M031,Software,9,5,154751.92,104835.31,49916.61,7901.5
S006486,2023-06-01,M031,Software,8,5,152986.53,108152.37,44834.16,11427.47
S006487,2023-07-01,M031,Software,8,5,141771.04,104266.01,37505.03,8667.75
S006488,2023-08-01,M031,Software,9,5,159377.95,110576.51,48801.44,12434.53
S006489,2023-09-01,M031,Software,8,6,143669.76,102482.72,41187.04,9683.46
S006490,2023-10-01,M031,Software,8,4,145052.95,101007.19,44045.76,8385.85
S006491,2023-11-01,M031,Software,8,5,134436.0,93366.86,41069.14,11794.78
S006492,2023-12-01,M031,Software,9,6,176800.04,122953.32,53846.72,4105.11
S006493,2024-01-01,M031,Software,10,6,180061.47,122867.24,57194.23,14651.95
S006494,2024-02-01,M031,Software,8,4,140252.19,102130.12,38122.07,11231.67
S006495,2024-03-01,M031,Software,11,6,217013.52,158699.19,58314.33,15199.7
S006496,2024-04-01,M031,Software,11,7,226148.28,158868.53,67279.75,18681.76
S006497,2024-05-01,M031,Software,10,7,180875.93,127815.0,53060.93,14176.45
S006498,2024-06-01,M031,Software,11,8,225072.22,159345.26,65726.96,11536.37
S006499,2024-07-01,M031,Software,10,7,165871.94,116063.5,49808.44,12734.53
S006500,2024-08-01,M031,Software,10,7,206025.17,142854.11,63171.06,5442.23
S006501,2024-09-01,M031,Software,10,6,188057.87,133197.35,54860.52,15513.6
S006502,2024-10-01,M031,Software,10,6,165261.57,113304.4,51957.17,9956.91
S006503,2024-11-01,M031,Software,13,7,253921.31,177080.26,76841.05,16987.24
S006504,2024-12-01,M031,Software,12,7,242668.07,178344.19,64323.88,21611.93
S006505,2025-01-01,M031,Software,11,6,199999.6,138712.43,61287.17,10754.6
S006506,2025-02-01,M031,Software,11,7,181579.47,128292.73,53286.74,9313.93
S006507,2025-03-01,M031,Software,12,8,247630.52,180769.31,66861.21,20601.29
S006508,2025-04-01,M031,Software,10,5,205684.36,148636.99,57047.37,17934.03
S006509,2025-05-01,M031,Software,12,9,202987.91,148824.6,54163.31,17755.96
S006510,2025-06-01,M031,Software,13,7,231906.04,169166.54,62739.5,20712.86
S006511,2025-07-01,M031,Software,14,8,242497.59,164319.24,78178.35,18097.59
S006512,2025-08-01,M031,Software,12,8,225509.79,163102.28,62407.51,6327.74
S006513,2025-09-01,M031,Software,11,7,187190.62,135251.88,51938.74,8731.7
S006514,2025-10-01,M031,Software,11,7,214036.87,144699.71,69337.16,17350.35
S006515,2025-11-01,M031,Software,15,11,257367.87,184069.97,73297.9,5979.28
S006516,2025-12-01,M031,Software,16,8,324134.94,224340.3,99794.64,25114.22
S006517,2023-01-01,M031,Business Services,10,6,95720.31,65424.89,30295.42,5369.03
S006518,2023-02-01,M031,Business Services,9,7,78306.09,57116.58,21189.51,4866.29
S006519,2023-03-01,M031,Business Services,12,9,118872.93,86180.74,32692.19,2607.23
S006520,2023-04-01,M031,Business Services,10,5,81989.47,57878.27,24111.2,7026.9
S006521,2023-05-01,M031,Business Services,9,5,77752.17,56627.9,21124.27,1725.87
S006522,2023-06-01,M031,Business Services,9,5,84872.88,61089.32,23783.56,5621.41
S006523,2023-07-01,M031,Business Services,12,9,104860.22,73323.63,31536.59,5309.89
S006524,2023-08-01,M031,Business Services,11,7,110078.1,76932.99,33145.11,6083.07
S006525,2023-09-01,M031,Business Services,11,7,110755.91,80895.31,29860.6,9130.99
S006526,2023-10-01,M031,Business Services,13,9,129649.14,93391.88,36257.26,4906.92
S006527,2023-11-01,M031,Business Services,12,8,108785.23,76955.91,31829.32,4387.62
S006528,2023-12-01,M031,Business Services,12,8,99010.85,67943.26,31067.59,5486.52
S006529,2024-01-01,M031,Business Services,13,9,112632.76,81044.63,31588.13,7017.62
S006530,2024-02-01,M031,Business Services,12,7,102795.48,71082.49,31712.99,6171.51
S006531,2024-03-01,M031,Business Services,11,6,94172.62,64897.0,29275.62,7615.39
S006532,2024-04-01,M031,Business Services,13,8,129893.36,94964.82,34928.54,3713.28
S006533,2024-05-01,M031,Business Services,12,6,109647.7,79530.99,30116.71,3817.22
S006534,2024-06-01,M031,Business Services,14,10,113611.71,81698.46,31913.25,9812.11
S006535,2024-07-01,M031,Business Services,12,8,108537.56,79386.51,29151.05,5840.24
S006536,2024-08-01,M031,Business Services,12,9,104379.8,75158.18,29221.62,5482.67
S006537,2024-09-01,M031,Business Services,14,9,122746.08,86052.54,36693.54,7516.57
S006538,2024-10-01,M031,Business Services,13,7,108187.87,77585.56,30602.31,7757.2
S006539,2024-11-01,M031,Business Services,14,9,128883.83,93210.67,35673.16,8598.53
S006540,2024-12-01,M031,Business Services,14,10,142764.72,103502.32,39262.4,10046.41
S006541,2025-01-01,M031,Business Services,13,9,119359.24,83508.85,35850.39,7083.94
S006542,2025-02-01,M031,Business Services,12,8,117109.58,81569.33,35540.25,7594.94
S006543,2025-03-01,M031,Business Services,16,10,161296.7,118003.76,43292.94,4023.17
S006544,2025-04-01,M031,Business Services,14,8,133030.96,94074.77,38956.19,7588.8
S006545,2025-05-01,M031,Business Services,15,10,155117.3,109215.17,45902.13,6349.89
S006546,2025-06-01,M031,Business Services,14,8,126980.43,91072.44,35907.99,7464.0
S006547,2025-07-01,M031,Business Services,16,10,151463.67,107795.89,43667.78,8714.41
S006548,2025-08-01,M031,Business Services,16,9,148542.72,107412.33,41130.39,5836.84
S006549,2025-09-01,M031,Business Services,13,9,109386.01,76667.9,32718.11,9539.17
S006550,2025-10-01,M031,Business Services,15,8,126975.16,92438.33,34536.83,4823.28
S006551,2025-11-01,M031,Business Services,15,8,145000.05,106718.51,38281.54,11230.73
S006552,2025-12-01,M031,Business Services,16,12,161886.16,110488.87,51397.29,4507.34
S006553,2023-01-01,M031,Consulting,9,4,222392.35,157032.58,65359.77,9482.1
S006554,2023-02-01,M031,Consulting,10,6,233339.36,161791.21,71548.15,7173.69
S006555,2023-03-01,M031,Consulting,10,6,242280.01,169771.44,72508.57,12603.92
S006556,2023-04-01,M031,Consulting,9,5,256145.55,176399.05,79746.5,6429.27
S006557,2023-05-01,M031,Consulting,10,6,259137.94,185286.22,73851.72,13459.46
S006558,2023-06-01,M031,Consulting,12,8,294613.39,216285.34,78328.05,25592.13
S006559,2023-07-01,M031,Consulting,12,7,335757.6,240208.71,95548.89,11494.11
S006560,2023-08-01,M031,Consulting,12,8,313137.58,225031.77,88105.81,22583.01
S006561,2023-09-01,M031,Consulting,11,6,279398.3,197823.24,81575.06,8343.02
S006562,2023-10-01,M031,Consulting,13,8,296230.21,202431.88,93798.33,18671.67
S006563,2023-11-01,M031,Consulting,12,6,331667.22,238832.93,92834.29,9626.19
S006564,2023-12-01,M031,Consulting,14,10,341820.4,240720.73,101099.67,23673.69
S006565,2024-01-01,M031,Consulting,10,5,275106.73,197262.59,77844.14,15837.24
S006566,2024-02-01,M031,Consulting,10,6,247617.97,169126.88,78491.09,21698.05
S006567,2024-03-01,M031,Consulting,13,8,338372.89,245762.75,92610.14,27763.89
S006568,2024-04-01,M031,Consulting,10,7,225245.29,161117.67,64127.62,19177.01
S006569,2024-05-01,M031,Consulting,13,9,341795.8,232246.04,109549.76,25656.51
S006570,2024-06-01,M031,Consulting,13,9,352722.98,256723.24,95999.74,27712.71
S006571,2024-07-01,M031,Consulting,11,8,278726.01,190105.51,88620.5,8083.73
S006572,2024-08-01,M031,Consulting,14,10,370732.4,263341.56,107390.84,23865.46
S006573,2024-09-01,M031,Consulting,14,10,348485.45,252852.54,95632.91,26863.23
S006574,2024-10-01,M031,Consulting,15,9,354644.27,240498.14,114146.13,16791.71
S006575,2024-11-01,M031,Consulting,14,8,384299.18,273658.5,110640.68,34194.47
S006576,2024-12-01,M031,Consulting,14,9,340195.52,244909.34,95286.18,15930.76
S006577,2025-01-01,M031,Consulting,13,9,299921.67,207723.02,92198.65,10932.51
S006578,2025-02-01,M031,Consulting,14,8,397634.98,283003.98,114631.0,22622.93
S006579,2025-03-01,M031,Consulting,14,10,393222.24,267264.23,125958.01,32201.04
S006580,2025-04-01,M031,Consulting,14,8,397955.79,270194.56,127761.23,15759.6
S006581,2025-05-01,M031,Consulting,12,9,315018.67,226892.22,88126.45,11741.58
S006582,2025-06-01,M031,Consulting,13,7,339970.91,249000.0,90970.91,20245.4
S006583,2025-07-01,M031,Consulting,16,8,386499.82,261364.54,125135.28,32833.58
S006584,2025-08-01,M031,Consulting,14,7,369226.87,259966.52,109260.35,9870.72
S006585,2025-09-01,M031,Consulting,16,9,392854.54,281821.11,111033.43,33671.24
S006586,2025-10-01,M031,Consulting,15,11,382004.54,272974.39,109030.15,20729.98
S006587,2025-11-01,M031,Consulting,16,9,399783.69,280749.8,119033.89,20415.72
S006588,2025-12-01,M031,Consulting,17,10,416552.13,295520.82,121031.31,11443.42
S006589,2023-01-01,M031,Digital Solutions,7,5,98154.02,66974.92,31179.1,8087.11
S006590,2023-02-01,M031,Digital Solutions,7,4,107111.55,77195.14,29916.41,3098.48
S006591,2023-03-01,M031,Digital Solutions,8,5,102228.12,69957.79,32270.33,2538.14
S006592,2023-04-01,M031,Digital Solutions,7,4,93288.51,64488.57,28799.94,7442.61
S006593,2023-05-01,M031,Digital Solutions,8,5,113026.59,79610.62,33415.97,9022.63
S006594,2023-06-01,M031,Digital Solutions,8,5,125588.83,88697.71,36891.12,10350.37
S006595,2023-07-01,M031,Digital Solutions,9,6,120179.38,87619.65,32559.73,7156.45
S006596,2023-08-01,M031,Digital Solutions,9,6,132415.7,89857.83,42557.87,6818.69
S006597,2023-09-01,M031,Digital Solutions,7,4,91826.94,64508.08,27318.86,5689.76
S006598,2023-10-01,M031,Digital Solutions,10,7,137027.04,98121.97,38905.07,3580.16
S006599,2023-11-01,M031,Digital Solutions,9,5,138277.78,94218.93,44058.85,11868.23
S006600,2023-12-01,M031,Digital Solutions,9,5,139646.85,100318.37,39328.48,11164.24
S006601,2024-01-01,M031,Digital Solutions,10,6,129109.49,87307.88,41801.61,5077.54
S006602,2024-02-01,M031,Digital Solutions,8,5,125343.47,87682.49,37660.98,5052.23
S006603,2024-03-01,M031,Digital Solutions,9,5,137911.32,99917.0,37994.32,6797.4
S006604,2024-04-01,M031,Digital Solutions,8,4,120120.51,88268.73,31851.78,8351.74
S006605,2024-05-01,M031,Digital Solutions,10,6,131258.61,95975.1,35283.51,11424.07
S006606,2024-06-01,M031,Digital Solutions,9,6,123452.91,86874.92,36577.99,2874.85
S006607,2024-07-01,M031,Digital Solutions,10,7,158202.95,115694.52,42508.43,6703.46
S006608,2024-08-01,M031,Digital Solutions,10,5,158060.06,108634.88,49425.18,11466.1
S006609,2024-09-01,M031,Digital Solutions,9,4,131922.05,96299.24,35622.81,8784.97
S006610,2024-10-01,M031,Digital Solutions,10,7,137973.73,99320.81,38652.92,6855.78
S006611,2024-11-01,M031,Digital Solutions,13,10,204054.25,141413.92,62640.33,9361.46
S006612,2024-12-01,M031,Digital Solutions,11,7,159880.49,111044.03,48836.46,8373.98
S006613,2025-01-01,M031,Digital Solutions,9,5,138707.9,99073.97,39633.93,4912.39
S006614,2025-02-01,M031,Digital Solutions,12,9,166055.7,120114.26,45941.44,12163.61
S006615,2025-03-01,M031,Digital Solutions,12,9,163171.92,118354.92,44817.0,4006.53
S006616,2025-04-01,M031,Digital Solutions,11,7,146326.8,99980.02,46346.78,6128.55
S006617,2025-05-01,M031,Digital Solutions,10,7,152470.41,110549.82,41920.59,8542.48
S006618,2025-06-01,M031,Digital Solutions,10,7,160733.79,112473.95,48259.84,10805.06
S006619,2025-07-01,M031,Digital Solutions,11,8,152495.83,108393.27,44102.56,6542.78
S006620,2025-08-01,M031,Digital Solutions,12,6,190201.62,139093.09,51108.53,16031.41
S006621,2025-09-01,M031,Digital Solutions,11,6,167242.28,114595.54,52646.74,10010.42
S006622,2025-10-01,M031,Digital Solutions,13,8,175461.06,120082.09,55378.97,3616.14
S006623,2025-11-01,M031,Digital Solutions,12,9,156571.05,106711.76,49859.29,6042.01
S006624,2025-12-01,M031,Digital Solutions,13,10,192642.34,139925.91,52716.43,6522.33
S006625,2023-01-01,M031,SaaS,8,5,87481.77,59505.56,27976.21,2630.97
S006626,2023-02-01,M031,SaaS,8,4,90837.25,66018.26,24818.99,2110.76
S006627,2023-03-01,M031,SaaS,8,5,90126.13,64117.55,26008.58,2703.07
S006628,2023-04-01,M031,SaaS,8,5,95080.89,68594.45,26486.44,3974.17
S006629,2023-05-01,M031,SaaS,10,5,112584.87,80210.11,32374.76,5161.98
S006630,2023-06-01,M031,SaaS,8,6,102409.15,74975.5,27433.65,6118.29
S006631,2023-07-01,M031,SaaS,10,6,108767.32,78781.87,29985.45,7328.85
S006632,2023-08-01,M031,SaaS,10,7,113944.1,77398.37,36545.73,6631.99
S006633,2023-09-01,M031,SaaS,10,6,137961.64,95696.19,42265.45,7576.57
S006634,2023-10-01,M031,SaaS,10,7,109508.92,80447.38,29061.54,6067.3
S006635,2023-11-01,M031,SaaS,10,6,137416.26,96004.1,41412.16,5716.87
S006636,2023-12-01,M031,SaaS,11,7,141381.37,95615.15,45766.22,12405.21
S006637,2024-01-01,M031,SaaS,11,6,132279.66,90681.17,41598.49,8963.18
S006638,2024-02-01,M031,SaaS,10,7,123881.33,86236.69,37644.64,4045.19
S006639,2024-03-01,M031,SaaS,12,7,150151.11,108644.15,41506.96,6965.55
S006640,2024-04-01,M031,SaaS,11,8,125753.6,91899.0,33854.6,3771.7
S006641,2024-05-01,M031,SaaS,11,8,134898.77,96306.99,38591.78,5570.23
S006642,2024-06-01,M031,SaaS,12,7,149050.7,107175.92,41874.78,10405.57
S006643,2024-07-01,M031,SaaS,11,6,141306.79,99487.26,41819.53,4729.62
S006644,2024-08-01,M031,SaaS,12,7,152569.21,111148.85,41420.36,13497.78
S006645,2024-09-01,M031,SaaS,11,6,130463.46,95530.62,34932.84,5333.13
S006646,2024-10-01,M031,SaaS,14,9,174167.54,127981.66,46185.88,14091.24
S006647,2024-11-01,M031,SaaS,12,8,149360.31,107758.25,41602.06,10789.0
S006648,2024-12-01,M031,SaaS,14,11,190791.16,136027.31,54763.85,6078.37
S006649,2025-01-01,M031,SaaS,14,9,192569.15,140454.09,52115.06,14013.99
S006650,2025-02-01,M031,SaaS,13,9,165750.41,121088.08,44662.33,7494.55
S006651,2025-03-01,M031,SaaS,14,9,180905.61,126819.41,54086.2,4715.74
S006652,2025-04-01,M031,SaaS,13,8,173553.68,127475.35,46078.33,6239.27
S006653,2025-05-01,M031,SaaS,14,10,174067.46,123355.92,50711.54,4959.42
S006654,2025-06-01,M031,SaaS,14,8,170894.47,121529.38,49365.09,13041.82
S006655,2025-07-01,M031,SaaS,14,10,159746.62,117243.38,42503.24,9931.89
S006656,2025-08-01,M031,SaaS,15,10,189446.46,137239.41,52207.05,4996.48
S006657,2025-09-01,M031,SaaS,15,8,203867.09,138154.24,65712.85,9579.49
S006658,2025-10-01,M031,SaaS,13,9,147434.84,99718.18,47716.66,4530.71
S006659,2025-11-01,M031,SaaS,16,10,183179.96,134031.1,49148.86,6771.36
S006660,2025-12-01,M031,SaaS,17,12,218572.4,156658.13,61914.27,8825.13
S006661,2023-01-01,M031,IT Services,6,3,98040.82,67355.56,30685.26,2799.41
S006662,2023-02-01,M031,IT Services,6,3,90895.15,65992.12,24903.03,2981.84
S006663,2023-03-01,M031,IT Services,6,3,106756.07,73735.68,33020.39,7090.32
S006664,2023-04-01,M031,IT Services,6,4,95972.47,68190.14,27782.33,6549.93
S006665,2023-05-01,M031,IT Services,5,2,74103.98,52681.26,21422.72,6657.35
S006666,2023-06-01,M031,IT Services,6,4,95429.23,66472.68,28956.55,8317.99
S006667,2023-07-01,M031,IT Services,5,3,90780.22,65996.87,24783.35,5181.0
S006668,2023-08-01,M031,IT Services,6,3,107132.84,78269.14,28863.7,5749.52
S006669,2023-09-01,M031,IT Services,6,3,93232.28,65781.79,27450.49,4705.94
S006670,2023-10-01,M031,IT Services,6,3,101432.55,74033.04,27399.51,6927.49
S006671,2023-11-01,M031,IT Services,7,4,104737.68,76881.83,27855.85,8738.05
S006672,2023-12-01,M031,IT Services,8,4,135143.83,96682.89,38460.94,9634.99
S006673,2024-01-01,M031,IT Services,7,5,116068.85,83526.09,32542.76,4620.96
S006674,2024-02-01,M031,IT Services,7,4,105804.19,72824.36,32979.83,2954.89
S006675,2024-03-01,M031,IT Services,8,4,127189.05,90560.92,36628.13,8866.76
S006676,2024-04-01,M031,IT Services,6,4,99513.23,68099.88,31413.35,7117.38
S006677,2024-05-01,M031,IT Services,7,5,111562.65,77832.44,33730.21,7350.62
S006678,2024-06-01,M031,IT Services,6,3,91685.82,62522.73,29163.09,4833.0
S006679,2024-07-01,M031,IT Services,7,4,115615.7,84436.62,31179.08,4053.18
S006680,2024-08-01,M031,IT Services,8,5,116050.31,83667.4,32382.91,2998.84
S006681,2024-09-01,M031,IT Services,7,4,123289.73,90646.67,32643.06,6507.19
S006682,2024-10-01,M031,IT Services,9,6,156126.78,114469.83,41656.95,3199.69
S006683,2024-11-01,M031,IT Services,8,5,131430.43,95744.49,35685.94,9565.62
S006684,2024-12-01,M031,IT Services,8,4,115703.69,79403.62,36300.07,7293.43
S006685,2025-01-01,M031,IT Services,7,4,123393.75,90394.47,32999.28,4270.67
S006686,2025-02-01,M031,IT Services,9,5,153853.53,107337.58,46515.95,5202.87
S006687,2025-03-01,M031,IT Services,9,5,132273.36,94692.46,37580.9,2899.8
S006688,2025-04-01,M031,IT Services,8,5,132083.77,93265.41,38818.36,4156.3
S006689,2025-05-01,M031,IT Services,8,6,129490.59,89343.47,40147.12,7090.92
S006690,2025-06-01,M031,IT Services,8,5,130948.4,94286.8,36661.6,7744.19
S006691,2025-07-01,M031,IT Services,9,7,153014.82,107043.38,45971.44,10128.29
S006692,2025-08-01,M031,IT Services,10,6,164397.48,114308.17,50089.31,11549.26
S006693,2025-09-01,M031,IT Services,8,5,120429.46,82617.0,37812.46,7814.29
S006694,2025-10-01,M031,IT Services,11,6,190303.71,134908.18,55395.53,11328.69
S006695,2025-11-01,M031,IT Services,9,6,162279.9,110971.24,51308.66,7346.49
S006696,2025-12-01,M031,IT Services,9,5,159351.01,110165.27,49185.74,7952.0
S006697,2023-01-01,M032,Software,6,3,121116.46,86694.23,34422.23,5507.33
S006698,2023-02-01,M032,Software,6,3,105699.55,72295.17,33404.38,5584.58
S006699,2023-03-01,M032,Software,8,4,163834.69,119291.04,44543.65,11522.67
S006700,2023-04-01,M032,Software,7,5,121952.77,85500.92,36451.85,9370.82
S006701,2023-05-01,M032,Software,7,4,129471.78,91191.16,38280.62,4358.92
S006702,2023-06-01,M032,Software,7,4,143492.79,104403.92,39088.87,11201.35
S006703,2023-07-01,M032,Software,7,5,114195.06,82001.55,32193.51,6624.65
S006704,2023-08-01,M032,Software,6,3,123731.9,88007.15,35724.75,7476.93
S006705,2023-09-01,M032,Software,8,4,156710.29,114503.66,42206.63,12139.75
S006706,2023-10-01,M032,Software,7,4,138465.44,97497.26,40968.18,7024.14
S006707,2023-11-01,M032,Software,9,6,159502.28,111026.1,48476.18,7646.13
S006708,2023-12-01,M032,Software,7,4,131299.7,95508.57,35791.13,6760.56
S006709,2024-01-01,M032,Software,7,3,141734.15,103777.76,37956.39,7465.01
S006710,2024-02-01,M032,Software,8,4,135092.53,93529.71,41562.82,2741.53
S006711,2024-03-01,M032,Software,9,5,155115.12,109686.08,45429.04,12591.98
S006712,2024-04-01,M032,Software,8,5,141213.43,97631.55,43581.88,4294.84
S006713,2024-05-01,M032,Software,8,5,150770.02,108762.96,42007.06,8631.29
S006714,2024-06-01,M032,Software,8,5,157818.25,110732.49,47085.76,8702.44
S006715,2024-07-01,M032,Software,7,4,118799.01,85114.86,33684.15,10272.87
S006716,2024-08-01,M032,Software,7,5,135468.5,99366.82,36101.68,8655.23
S006717,2024-09-01,M032,Software,7,5,114345.41,83350.33,30995.08,4229.35
S006718,2024-10-01,M032,Software,9,6,153715.65,110119.68,43595.97,8761.12
S006719,2024-11-01,M032,Software,10,6,174869.9,120331.29,54538.61,9065.93
S006720,2024-12-01,M032,Software,9,5,175074.88,123178.12,51896.76,11798.72
S006721,2025-01-01,M032,Software,7,4,115839.39,83865.7,31973.69,5692.53
S006722,2025-02-01,M032,Software,8,4,164563.74,116576.83,47986.91,7132.9
S006723,2025-03-01,M032,Software,11,6,189816.38,132625.52,57190.86,3835.83
S006724,2025-04-01,M032,Software,8,4,160275.59,112939.91,47335.68,5386.9
S006725,2025-05-01,M032,Software,8,4,139024.92,101856.84,37168.08,3674.52
S006726,2025-06-01,M032,Software,9,5,181530.67,134168.76,47361.91,5880.45
S006727,2025-07-01,M032,Software,10,6,169709.73,124248.66,45461.07,10006.48
S006728,2025-08-01,M032,Software,8,4,142719.74,97324.77,45394.97,5611.12
S006729,2025-09-01,M032,Software,9,6,150546.33,110571.1,39975.23,9886.13
S006730,2025-10-01,M032,Software,9,5,157564.86,108536.65,49028.21,4006.04
S006731,2025-11-01,M032,Software,10,6,187913.86,131085.26,56828.6,11224.85
S006732,2025-12-01,M032,Software,10,6,196438.92,134533.79,61905.13,11549.62
S006733,2023-01-01,M032,Business Services,9,6,78980.16,54832.63,24147.53,2185.87
S006734,2023-02-01,M032,Business Services,9,5,75152.68,55516.95,19635.73,3648.73
S006735,2023-03-01,M032,Business Services,11,7,93397.53,64920.67,28476.86,4400.67
S006736,2023-04-01,M032,Business Services,9,6,83047.44,58675.47,24371.97,3132.8
S006737,2023-05-01,M032,Business Services,11,6,105232.4,75483.86,29748.54,5996.34
S006738,2023-06-01,M032,Business Services,10,7,93823.19,64465.47,29357.72,3451.81
S006739,2023-07-01,M032,Business Services,9,5,89292.8,62117.91,27174.89,7921.17
S006740,2023-08-01,M032,Business Services,11,8,94550.97,65871.54,28679.43,7738.15
S006741,2023-09-01,M032,Business Services,9,6,77650.82,54384.79,23266.03,4083.47
S006742,2023-10-01,M032,Business Services,13,7,114785.24,79407.76,35377.48,2908.13
S006743,2023-11-01,M032,Business Services,12,6,103976.84,76816.17,27160.67,8659.84
S006744,2023-12-01,M032,Business Services,11,7,104938.82,76558.49,28380.33,4919.0
S006745,2024-01-01,M032,Business Services,10,6,82067.53,59833.65,22233.88,2049.29
S006746,2024-02-01,M032,Business Services,10,6,90579.91,65596.42,24983.49,5554.69
S006747,2024-03-01,M032,Business Services,11,6,109122.81,78098.76,31024.05,5338.88
S006748,2024-04-01,M032,Business Services,12,9,113592.67,83247.2,30345.47,3441.0
S006749,2024-05-01,M032,Business Services,13,7,132001.2,94494.81,37506.39,9108.58
S006750,2024-06-01,M032,Business Services,10,6,90556.66,66194.23,24362.43,3498.95
S006751,2024-07-01,M032,Business Services,10,6,83303.44,61146.68,22156.76,3522.86
S006752,2024-08-01,M032,Business Services,10,7,82831.42,56544.54,26286.88,6931.68
S006753,2024-09-01,M032,Business Services,13,7,134048.21,92480.32,41567.89,11392.08
S006754,2024-10-01,M032,Business Services,13,8,134404.64,98330.85,36073.79,11738.19
S006755,2024-11-01,M032,Business Services,14,8,118838.54,84761.71,34076.83,9768.47
S006756,2024-12-01,M032,Business Services,12,8,111995.89,77104.76,34891.13,2527.53
S006757,2025-01-01,M032,Business Services,12,7,107479.62,76984.5,30495.12,6939.48
S006758,2025-02-01,M032,Business Services,14,9,121629.96,82944.97,38684.99,2957.53
S006759,2025-03-01,M032,Business Services,12,6,119829.99,82465.19,37364.8,5686.89
S006760,2025-04-01,M032,Business Services,13,7,119583.88,83087.05,36496.83,9456.2
S006761,2025-05-01,M032,Business Services,14,7,144262.3,103108.44,41153.86,4598.51
S006762,2025-06-01,M032,Business Services,14,10,136705.83,98772.87,37932.96,8472.15
S006763,2025-07-01,M032,Business Services,13,8,119063.24,84083.53,34979.71,9843.84
S006764,2025-08-01,M032,Business Services,15,10,142047.15,98044.66,44002.49,5124.14
S006765,2025-09-01,M032,Business Services,13,8,122112.36,87872.62,34239.74,7577.96
S006766,2025-10-01,M032,Business Services,15,11,134660.9,95080.41,39580.49,7114.57
S006767,2025-11-01,M032,Business Services,16,9,142882.99,99032.93,43850.06,5584.1
S006768,2025-12-01,M032,Business Services,16,9,129759.91,90422.48,39337.43,10288.44
S006769,2023-01-01,M032,Consulting,10,6,275530.53,199628.61,75901.92,22378.61
S006770,2023-02-01,M032,Consulting,9,6,238087.88,170741.95,67345.93,20825.1
S006771,2023-03-01,M032,Consulting,9,4,237228.84,164325.75,72903.09,9846.85
S006772,2023-04-01,M032,Consulting,9,7,203461.38,144288.74,59172.64,16107.68
S006773,2023-05-01,M032,Consulting,10,5,230537.67,160790.3,69747.37,10895.07
S006774,2023-06-01,M032,Consulting,9,5,249663.39,174051.02,75612.37,6807.03
S006775,2023-07-01,M032,Consulting,8,5,222730.27,156070.21,66660.06,9028.95
S006776,2023-08-01,M032,Consulting,9,7,236618.08,164224.3,72393.78,11445.12
S006777,2023-09-01,M032,Consulting,8,4,193820.99,134637.81,59183.18,14362.48
S006778,2023-10-01,M032,Consulting,11,8,270246.07,197111.38,73134.69,19077.08
S006779,2023-11-01,M032,Consulting,10,7,247657.59,179909.39,67748.2,12906.01
S006780,2023-12-01,M032,Consulting,9,6,216675.41,157901.14,58774.27,16450.69
S006781,2024-01-01,M032,Consulting,9,7,211202.42,144581.34,66621.08,6745.23
S006782,2024-02-01,M032,Consulting,9,6,233483.03,162837.23,70645.8,12154.56
S006783,2024-03-01,M032,Consulting,11,7,253157.51,179616.88,73540.63,10815.76
S006784,2024-04-01,M032,Consulting,9,5,229516.58,166420.37,63096.21,19174.85
S006785,2024-05-01,M032,Consulting,10,6,272549.08,201556.56,70992.52,11704.04
S006786,2024-06-01,M032,Consulting,9,6,224854.23,156338.38,68515.85,18244.61
S006787,2024-07-01,M032,Consulting,12,8,273955.15,187279.37,86675.78,9776.07
S006788,2024-08-01,M032,Consulting,10,6,252353.54,172491.47,79862.07,9679.27
S006789,2024-09-01,M032,Consulting,9,6,207120.83,142444.07,64676.76,6222.98
S006790,2024-10-01,M032,Consulting,12,7,336670.68,233407.91,103262.77,23106.06
S006791,2024-11-01,M032,Consulting,11,7,261368.0,192496.31,68871.69,21158.34
S006792,2024-12-01,M032,Consulting,11,6,258570.47,180238.93,78331.54,6444.25
S006793,2025-01-01,M032,Consulting,10,6,235473.69,163952.6,71521.09,13134.38
S006794,2025-02-01,M032,Consulting,10,6,240379.24,167257.72,73121.52,11666.37
S006795,2025-03-01,M032,Consulting,11,7,283633.42,196084.67,87548.75,8530.17
S006796,2025-04-01,M032,Consulting,10,6,246833.02,176780.31,70052.71,19284.04
S006797,2025-05-01,M032,Consulting,12,8,273080.01,187372.37,85707.64,23706.46
S006798,2025-06-01,M032,Consulting,10,5,280269.42,197050.57,83218.85,25074.81
S006799,2025-07-01,M032,Consulting,11,8,302732.07,210061.07,92671.0,16747.82
S006800,2025-08-01,M032,Consulting,11,6,283878.44,198170.35,85708.09,14016.43
S006801,2025-09-01,M032,Consulting,13,8,346528.84,249715.27,96813.57,22223.69
S006802,2025-10-01,M032,Consulting,15,8,381677.42,272212.15,109465.27,8923.45
S006803,2025-11-01,M032,Consulting,12,9,272356.13,189128.92,83227.21,13368.68
S006804,2025-12-01,M032,Consulting,14,10,351154.61,258580.62,92573.99,26272.89
S006805,2023-01-01,M032,Digital Solutions,9,5,143455.18,100798.57,42656.61,6454.86
S006806,2023-02-01,M032,Digital Solutions,8,5,102428.83,71189.23,31239.6,8951.43
S006807,2023-03-01,M032,Digital Solutions,8,5,124904.28,86809.36,38094.92,5630.18
S006808,2023-04-01,M032,Digital Solutions,9,5,141804.89,97616.02,44188.87,9032.74
S006809,2023-05-01,M032,Digital Solutions,9,5,120803.74,82504.0,38299.74,7644.32
S006810,2023-06-01,M032,Digital Solutions,10,5,134732.11,96895.03,37837.08,10982.62
S006811,2023-07-01,M032,Digital Solutions,8,5,128335.13,89665.13,38670.0,8449.3
S006812,2023-08-01,M032,Digital Solutions,9,6,114297.49,77878.91,36418.58,5298.39
S006813,2023-09-01,M032,Digital Solutions,8,4,123077.97,83797.92,39280.05,6252.5
S006814,2023-10-01,M032,Digital Solutions,11,6,177064.38,128332.9,48731.48,7221.88
S006815,2023-11-01,M032,Digital Solutions,11,7,144651.68,106456.8,38194.88,12051.34
S006816,2023-12-01,M032,Digital Solutions,10,6,160442.47,116174.09,44268.38,6072.47
S006817,2024-01-01,M032,Digital Solutions,9,6,139711.29,99856.4,39854.89,5231.82
S006818,2024-02-01,M032,Digital Solutions,9,5,127158.64,88964.19,38194.45,6797.77
S006819,2024-03-01,M032,Digital Solutions,10,5,127175.2,88225.68,38949.52,9644.01
S006820,2024-04-01,M032,Digital Solutions,11,7,146540.44,103710.45,42829.99,4076.16
S006821,2024-05-01,M032,Digital Solutions,10,5,135256.36,99979.04,35277.32,8000.92
S006822,2024-06-01,M032,Digital Solutions,11,7,172878.03,125008.02,47870.01,14998.93
S006823,2024-07-01,M032,Digital Solutions,10,7,159309.45,112001.81,47307.64,11273.69
S006824,2024-08-01,M032,Digital Solutions,11,6,165814.46,118563.74,47250.72,6955.87
S006825,2024-09-01,M032,Digital Solutions,12,8,163514.65,114118.78,49395.87,6148.07
S006826,2024-10-01,M032,Digital Solutions,11,6,161090.88,109833.43,51257.45,4039.92
S006827,2024-11-01,M032,Digital Solutions,11,6,144614.12,105938.92,38675.2,11535.43
S006828,2024-12-01,M032,Digital Solutions,12,8,166550.09,115808.73,50741.36,13713.83
S006829,2025-01-01,M032,Digital Solutions,12,8,170936.89,121242.81,49694.08,11645.0
S006830,2025-02-01,M032,Digital Solutions,12,6,179963.94,126432.77,53531.17,15426.87
S006831,2025-03-01,M032,Digital Solutions,13,9,198080.8,139728.4,58352.4,5947.91
S006832,2025-04-01,M032,Digital Solutions,12,7,153067.36,105262.97,47804.39,8456.3
S006833,2025-05-01,M032,Digital Solutions,10,7,136835.56,93678.04,43157.52,7368.46
S006834,2025-06-01,M032,Digital Solutions,12,9,172002.05,119746.28,52255.77,13681.57
S006835,2025-07-01,M032,Digital Solutions,10,6,140476.19,97391.24,43084.95,5740.57
S006836,2025-08-01,M032,Digital Solutions,13,9,169601.37,122301.9,47299.47,4434.43
S006837,2025-09-01,M032,Digital Solutions,13,8,178524.42,123297.75,55226.67,7885.74
S006838,2025-10-01,M032,Digital Solutions,14,10,211269.9,152113.99,59155.91,7201.2
S006839,2025-11-01,M032,Digital Solutions,12,8,167983.73,121155.91,46827.82,9264.07
S006840,2025-12-01,M032,Digital Solutions,15,11,224702.9,158499.65,66203.25,18406.73
S006841,2023-01-01,M032,SaaS,9,5,117253.32,80504.8,36748.52,5013.41
S006842,2023-02-01,M032,SaaS,10,7,110428.53,77883.26,32545.27,6534.88
S006843,2023-03-01,M032,SaaS,10,6,109294.46,75890.89,33403.57,9333.26
S006844,2023-04-01,M032,SaaS,8,4,101741.44,71269.69,30471.75,8320.68
S006845,2023-05-01,M032,SaaS,8,5,89197.61,65505.9,23691.71,3151.87
S006846,2023-06-01,M032,SaaS,9,5,102272.75,70353.62,31919.13,8533.73
S006847,2023-07-01,M032,SaaS,10,6,119195.78,85394.18,33801.6,2946.08
S006848,2023-08-01,M032,SaaS,8,6,101789.74,71841.1,29948.64,6079.45
S006849,2023-09-01,M032,SaaS,10,7,124741.29,90510.87,34230.42,10155.8
S006850,2023-10-01,M032,SaaS,10,6,123767.83,88402.92,35364.91,9642.68
S006851,2023-11-01,M032,SaaS,11,8,143204.35,98111.66,45092.69,7122.99
S006852,2023-12-01,M032,SaaS,9,5,110555.84,75515.94,35039.9,7695.07
S006853,2024-01-01,M032,SaaS,9,6,123909.17,85599.66,38309.51,5492.66
S006854,2024-02-01,M032,SaaS,10,5,115513.19,80178.13,35335.06,9921.47
S006855,2024-03-01,M032,SaaS,9,5,113033.07,81735.28,31297.79,2339.64
S006856,2024-04-01,M032,SaaS,10,6,111237.58,79685.74,31551.84,6668.33
S006857,2024-05-01,M032,SaaS,10,6,122000.73,87954.04,34046.69,2585.02
S006858,2024-06-01,M032,SaaS,10,7,114786.67,80729.28,34057.39,5670.95
S006859,2024-07-01,M032,SaaS,9,5,108357.16,75947.3,32409.86,5735.51
S006860,2024-08-01,M032,SaaS,11,7,133807.54,94133.01,39674.53,9526.93
S006861,2024-09-01,M032,SaaS,9,6,105553.48,72187.29,33366.19,8016.59
S006862,2024-10-01,M032,SaaS,13,9,168087.48,116488.87,51598.61,12121.54
S006863,2024-11-01,M032,SaaS,12,6,156686.3,109447.3,47239.0,8878.36
S006864,2024-12-01,M032,SaaS,13,8,167495.8,117725.47,49770.33,12121.75
S006865,2025-01-01,M032,SaaS,10,7,114878.05,80471.21,34406.84,5619.95
S006866,2025-02-01,M032,SaaS,10,6,130583.87,88897.84,41686.03,4831.4
S006867,2025-03-01,M032,SaaS,14,7,186608.88,136488.88,50120.0,12518.09
S006868,2025-04-01,M032,SaaS,12,7,153583.07,108243.0,45340.07,4563.23
S006869,2025-05-01,M032,SaaS,10,6,135554.36,100048.11,35506.25,11010.2
S006870,2025-06-01,M032,SaaS,12,6,163084.24,115814.44,47269.8,4159.0
S006871,2025-07-01,M032,SaaS,12,8,158743.41,109937.09,48806.32,7523.09
S006872,2025-08-01,M032,SaaS,11,6,140280.74,103290.22,36990.52,5788.02
S006873,2025-09-01,M032,SaaS,11,6,126926.69,89464.12,37462.57,10082.23
S006874,2025-10-01,M032,SaaS,13,8,140796.67,97440.18,43356.49,9555.98
S006875,2025-11-01,M032,SaaS,14,10,179249.41,128355.67,50893.74,15980.49
S006876,2025-12-01,M032,SaaS,11,6,130720.49,91596.13,39124.36,8914.44
S006877,2023-01-01,M032,IT Services,8,4,137935.8,99917.71,38018.09,3976.7
S006878,2023-02-01,M032,IT Services,10,7,157200.89,111156.38,46044.51,4224.0
S006879,2023-03-01,M032,IT Services,11,6,193874.48,140950.7,52923.78,7263.84
S006880,2023-04-01,M032,IT Services,9,6,149596.16,105819.07,43777.09,3694.15
S006881,2023-05-01,M032,IT Services,11,8,172909.56,120525.28,52384.28,13798.55
S006882,2023-06-01,M032,IT Services,9,6,132200.96,92716.82,39484.14,10041.0
S006883,2023-07-01,M032,IT Services,10,6,164307.14,120596.13,43711.01,13744.72
S006884,2023-08-01,M032,IT Services,12,6,178598.59,127738.37,50860.22,9094.28
S006885,2023-09-01,M032,IT Services,10,6,153843.68,111314.05,42529.63,7472.91
S006886,2023-10-01,M032,IT Services,11,7,173640.67,123369.72,50270.95,15568.34
S006887,2023-11-01,M032,IT Services,13,9,229057.73,161074.25,67983.48,18044.64
S006888,2023-12-01,M032,IT Services,12,8,206804.86,147620.04,59184.82,15928.6
S006889,2024-01-01,M032,IT Services,12,9,199810.71,142607.69,57203.02,7682.29
S006890,2024-02-01,M032,IT Services,12,7,213717.94,155771.29,57946.65,15350.24
S006891,2024-03-01,M032,IT Services,11,7,193986.66,136674.61,57312.05,9244.66
S006892,2024-04-01,M032,IT Services,12,7,198831.94,145277.44,53554.5,8754.23
S006893,2024-05-01,M032,IT Services,11,8,200491.1,147348.51,53142.59,13932.6
S006894,2024-06-01,M032,IT Services,12,6,190440.19,133460.62,56979.57,9144.85
S006895,2024-07-01,M032,IT Services,11,6,200027.95,142791.8,57236.15,13118.25
S006896,2024-08-01,M032,IT Services,12,8,218845.15,158751.93,60093.22,15967.61
S006897,2024-09-01,M032,IT Services,11,6,163548.98,118869.33,44679.65,4266.54
S006898,2024-10-01,M032,IT Services,13,7,207108.8,147816.71,59292.09,8885.5
S006899,2024-11-01,M032,IT Services,12,6,198290.54,141201.6,57088.94,17780.16
S006900,2024-12-01,M032,IT Services,13,7,194472.44,142770.56,51701.88,16184.54
S006901,2025-01-01,M032,IT Services,14,10,232432.51,165712.28,66720.23,19999.7
S006902,2025-02-01,M032,IT Services,11,8,183824.97,129709.73,54115.24,14645.32
S006903,2025-03-01,M032,IT Services,13,7,195722.37,133296.16,62426.21,12776.91
S006904,2025-04-01,M032,IT Services,12,8,196957.78,145594.27,51363.51,9113.92
S006905,2025-05-01,M032,IT Services,12,6,203548.76,145488.17,58060.59,13995.27
S006906,2025-06-01,M032,IT Services,12,8,188446.88,137251.84,51195.04,14836.34
S006907,2025-07-01,M032,IT Services,14,9,228990.64,156180.33,72810.31,8757.7
S006908,2025-08-01,M032,IT Services,14,8,215263.37,151448.16,63815.21,15241.99
S006909,2025-09-01,M032,IT Services,11,8,202160.95,140751.08,61409.87,10067.51
S006910,2025-10-01,M032,IT Services,15,10,260775.83,181099.74,79676.09,17283.1
S006911,2025-11-01,M032,IT Services,16,10,262567.28,186955.25,75612.03,6319.82
S006912,2025-12-01,M032,IT Services,13,7,192115.02,141791.78,50323.24,14611.56
S006913,2023-01-01,M033,Software,6,3,104547.29,75830.27,28717.02,5811.51
S006914,2023-02-01,M033,Software,5,2,88375.03,61748.07,26626.96,1854.91
S006915,2023-03-01,M033,Software,5,3,83748.38,59840.65,23907.73,6291.37
S006916,2023-04-01,M033,Software,6,3,97890.54,73474.87,24415.67,6559.31
S006917,2023-05-01,M033,Software,7,5,127598.46,92731.31,34867.15,10931.73
S006918,2023-06-01,M033,Software,5,3,98061.22,69575.18,28486.04,4082.5
S006919,2023-07-01,M033,Software,6,3,108050.89,78871.46,29179.43,8365.27
S006920,2023-08-01,M033,Software,6,3,113518.33,79676.03,33842.3,3123.1
S006921,2023-09-01,M033,Software,6,4,107405.0,75147.09,32257.91,3794.88
S006922,2023-10-01,M033,Software,6,4,106654.13,74993.98,31660.15,7062.71
S006923,2023-11-01,M033,Software,7,4,135756.39,97351.95,38404.44,3359.09
S006924,2023-12-01,M033,Software,6,4,114917.82,81290.47,33627.35,5140.97
S006925,2024-01-01,M033,Software,6,4,112801.23,79588.39,33212.84,6815.33
S006926,2024-02-01,M033,Software,6,3,112447.36,82411.19,30036.17,8060.58
S006927,2024-03-01,M033,Software,7,5,120590.48,89465.59,31124.89,4496.0
S006928,2024-04-01,M033,Software,7,4,126590.24,91612.8,34977.44,10086.82
S006929,2024-05-01,M033,Software,6,4,119647.55,89268.15,30379.4,6778.17
S006930,2024-06-01,M033,Software,8,6,159751.1,119694.25,40056.85,11929.73
S006931,2024-07-01,M033,Software,8,4,137248.29,100508.8,36739.49,12100.38
S006932,2024-08-01,M033,Software,7,4,122433.26,90079.94,32353.32,8040.6
S006933,2024-09-01,M033,Software,6,3,102506.93,72772.65,29734.28,7005.39
S006934,2024-10-01,M033,Software,8,4,152045.44,112003.52,40041.92,7806.03
S006935,2024-11-01,M033,Software,7,4,125429.2,91085.18,34344.02,10212.7
S006936,2024-12-01,M033,Software,8,5,140721.02,98559.69,42161.33,6022.76
S006937,2025-01-01,M033,Software,7,5,116721.34,86882.99,29838.35,6496.11
S006938,2025-02-01,M033,Software,6,3,109325.06,81571.03,27754.03,5961.55
S006939,2025-03-01,M033,Software,8,6,157760.46,117431.79,40328.67,9324.87
S006940,2025-04-01,M033,Software,8,5,161084.59,112621.41,48463.18,4981.7
S006941,2025-05-01,M033,Software,9,7,158743.39,114592.28,44151.11,3547.08
S006942,2025-06-01,M033,Software,8,5,136285.19,100356.94,35928.25,2849.14
S006943,2025-07-01,M033,Software,8,5,147196.92,106648.65,40548.27,9070.91
S006944,2025-08-01,M033,Software,8,4,151095.56,111107.12,39988.44,4872.49
S006945,2025-09-01,M033,Software,8,5,146352.05,103465.13,42886.92,7074.84
S006946,2025-10-01,M033,Software,9,5,184195.03,135840.3,48354.73,4905.51
S006947,2025-11-01,M033,Software,10,6,182367.34,135231.04,47136.3,8184.84
S006948,2025-12-01,M033,Software,10,7,175372.7,130521.57,44851.13,13618.03
S006949,2023-01-01,M033,Business Services,8,5,77765.41,57148.38,20617.03,6716.59
S006950,2023-02-01,M033,Business Services,7,3,58471.9,42499.57,15972.33,5050.78
S006951,2023-03-01,M033,Business Services,8,4,66819.91,49429.95,17389.96,3564.35
S006952,2023-04-01,M033,Business Services,6,3,60272.11,42194.94,18077.17,3145.98
S006953,2023-05-01,M033,Business Services,6,3,62008.02,45547.41,16460.61,1501.83
S006954,2023-06-01,M033,Business Services,7,5,72291.0,50325.72,21965.28,4525.16
S006955,2023-07-01,M033,Business Services,6,4,61998.61,46323.43,15675.18,2209.24
S006956,2023-08-01,M033,Business Services,7,5,59495.27,43115.75,16379.52,3310.33
S006957,2023-09-01,M033,Business Services,7,4,66553.28,49275.6,17277.68,5523.68
S006958,2023-10-01,M033,Business Services,8,5,80173.98,59508.78,20665.2,4847.79
S006959,2023-11-01,M033,Business Services,7,4,70650.36,49731.1,20919.26,5217.63
S006960,2023-12-01,M033,Business Services,8,5,70502.26,52766.56,17735.7,3074.39
S006961,2024-01-01,M033,Business Services,7,4,71704.92,50452.2,21252.72,2399.71
S006962,2024-02-01,M033,Business Services,8,6,68445.54,48293.21,20152.33,2659.39
S006963,2024-03-01,M033,Business Services,9,6,75843.21,53160.05,22683.16,2101.4
S006964,2024-04-01,M033,Business Services,8,5,78712.17,58130.15,20582.02,5365.13
S006965,2024-05-01,M033,Business Services,9,5,91844.38,69169.38,22675.0,3450.19
S006966,2024-06-01,M033,Business Services,8,6,81948.14,61908.49,20039.65,5267.76
S006967,2024-07-01,M033,Business Services,7,5,62126.55,46918.88,15207.67,3284.68
S006968,2024-08-01,M033,Business Services,9,6,86975.05,62656.17,24318.88,2323.87
S006969,2024-09-01,M033,Business Services,9,5,75387.76,55202.13,20185.63,2451.59
S006970,2024-10-01,M033,Business Services,9,5,88530.84,65367.94,23162.9,2859.46
S006971,2024-11-01,M033,Business Services,10,6,92484.65,68201.18,24283.47,7462.85
S006972,2024-12-01,M033,Business Services,10,7,85172.17,60475.58,24696.59,5160.04
S006973,2025-01-01,M033,Business Services,10,5,92290.5,65717.71,26572.79,4223.58
S006974,2025-02-01,M033,Business Services,7,4,59285.94,43155.8,16130.14,3384.55
S006975,2025-03-01,M033,Business Services,11,6,95566.65,66496.81,29069.84,7868.75
S006976,2025-04-01,M033,Business Services,8,4,68454.46,51374.48,17079.98,3789.37
S006977,2025-05-01,M033,Business Services,9,5,86421.69,64631.73,21789.96,1783.31
S006978,2025-06-01,M033,Business Services,10,6,97987.7,73752.73,24234.97,4431.03
S006979,2025-07-01,M033,Business Services,8,6,73867.42,54545.74,19321.68,4860.26
S006980,2025-08-01,M033,Business Services,8,4,78104.61,56047.96,22056.65,4429.75
S006981,2025-09-01,M033,Business Services,8,5,81130.01,57961.2,23168.81,3281.88
S006982,2025-10-01,M033,Business Services,11,6,98668.38,72690.31,25978.07,5591.5
S006983,2025-11-01,M033,Business Services,12,8,102894.31,75133.14,27761.17,8187.58
S006984,2025-12-01,M033,Business Services,11,6,103900.13,76331.69,27568.44,4183.39
S006985,2023-01-01,M033,Consulting,6,3,142850.14,102766.04,40084.1,5297.75
S006986,2023-02-01,M033,Consulting,6,3,136570.51,98842.27,37728.24,9846.1
S006987,2023-03-01,M033,Consulting,7,4,191165.09,135676.94,55488.15,6599.77
S006988,2023-04-01,M033,Consulting,6,3,136841.31,101963.51,34877.8,5457.06
S006989,2023-05-01,M033,Consulting,6,4,156411.12,114727.76,41683.36,7870.22
S006990,2023-06-01,M033,Consulting,7,4,186024.91,131883.14,54141.77,16706.11
S006991,2023-07-01,M033,Consulting,5,3,114408.22,86108.77,28299.45,3072.37
S006992,2023-08-01,M033,Consulting,6,4,151182.48,114094.99,37087.49,13300.52
S006993,2023-09-01,M033,Consulting,6,3,146930.77,102843.05,44087.72,10653.82
S006994,2023-10-01,M033,Consulting,7,4,184420.31,138533.94,45886.37,15969.41
S006995,2023-11-01,M033,Consulting,6,4,148199.82,109879.56,38320.26,4043.85
S006996,2023-12-01,M033,Consulting,6,3,151012.11,105373.7,45638.41,10748.74
S006997,2024-01-01,M033,Consulting,7,5,189865.07,141074.1,48790.97,6224.9
S006998,2024-02-01,M033,Consulting,6,3,150706.46,104990.45,45716.01,4110.26
S006999,2024-03-01,M033,Consulting,7,5,166217.26,123891.48,42325.78,10587.74
S007000,2024-04-01,M033,Consulting,7,5,196490.35,138259.62,58230.73,8224.78
S007001,2024-05-01,M033,Consulting,6,3,149582.31,108461.59,41120.72,8691.38
S007002,2024-06-01,M033,Consulting,6,4,169871.38,126809.36,43062.02,5151.37
S007003,2024-07-01,M033,Consulting,6,3,167806.94,125900.6,41906.34,6572.39
S007004,2024-08-01,M033,Consulting,8,5,208611.77,149447.95,59163.82,15015.35
S007005,2024-09-01,M033,Consulting,8,4,183813.23,128606.82,55206.41,15578.23
S007006,2024-10-01,M033,Consulting,8,5,210827.25,151393.31,59433.94,6709.61
S007007,2024-11-01,M033,Consulting,8,4,197302.85,148254.92,49047.93,4366.35
S007008,2024-12-01,M033,Consulting,8,5,192629.07,137920.31,54708.76,16393.97
S007009,2025-01-01,M033,Consulting,8,5,204980.8,143575.67,61405.13,10629.43
S007010,2025-02-01,M033,Consulting,8,5,216777.12,151648.44,65128.68,12877.31
S007011,2025-03-01,M033,Consulting,9,6,211828.18,156927.52,54900.66,12821.81
S007012,2025-04-01,M033,Consulting,7,5,165370.74,124539.45,40831.29,13731.17
S007013,2025-05-01,M033,Consulting,7,5,165418.65,120117.21,45301.44,13261.09
S007014,2025-06-01,M033,Consulting,8,4,222237.15,166228.14,56009.01,12962.65
S007015,2025-07-01,M033,Consulting,7,5,175746.18,126784.47,48961.71,7625.89
S007016,2025-08-01,M033,Consulting,7,4,159995.76,118364.89,41630.87,14252.36
S007017,2025-09-01,M033,Consulting,7,5,183756.25,130375.25,53381.0,11402.98
S007018,2025-10-01,M033,Consulting,8,4,228210.73,169018.36,59192.37,10400.99
S007019,2025-11-01,M033,Consulting,10,5,240662.65,173143.78,67518.87,7373.22
S007020,2025-12-01,M033,Consulting,10,6,256614.27,182838.4,73775.87,5981.45
S007021,2023-01-01,M033,Digital Solutions,9,7,139853.3,101325.1,38528.2,6644.28
S007022,2023-02-01,M033,Digital Solutions,7,4,102700.84,72389.88,30310.96,7311.68
S007023,2023-03-01,M033,Digital Solutions,9,6,114003.47,80838.25,33165.22,2489.95
S007024,2023-04-01,M033,Digital Solutions,8,4,103488.81,75443.08,28045.73,6817.35
S007025,2023-05-01,M033,Digital Solutions,9,6,114874.45,82107.59,32766.86,2461.16
S007026,2023-06-01,M033,Digital Solutions,9,6,121980.03,89760.74,32219.29,9739.6
S007027,2023-07-01,M033,Digital Solutions,8,5,101576.49,72576.12,29000.37,5992.66
S007028,2023-08-01,M033,Digital Solutions,9,5,118767.46,83037.6,35729.86,2807.54
S007029,2023-09-01,M033,Digital Solutions,8,4,116826.86,82887.52,33939.34,3213.38
S007030,2023-10-01,M033,Digital Solutions,8,4,127110.35,94931.93,32178.42,2630.17
S007031,2023-11-01,M033,Digital Solutions,8,4,111845.57,82360.4,29485.17,6183.8
S007032,2023-12-01,M033,Digital Solutions,9,7,125878.03,92652.84,33225.19,6806.66
S007033,2024-01-01,M033,Digital Solutions,8,4,108587.82,77998.81,30589.01,5037.67
S007034,2024-02-01,M033,Digital Solutions,7,4,97847.07,72345.84,25501.23,7213.69
S007035,2024-03-01,M033,Digital Solutions,11,8,148737.69,104782.55,43955.14,8787.87
S007036,2024-04-01,M033,Digital Solutions,9,5,129677.88,91843.37,37834.51,8397.75
S007037,2024-05-01,M033,Digital Solutions,9,6,138301.29,101831.63,36469.66,8435.57
S007038,2024-06-01,M033,Digital Solutions,8,5,117064.19,86864.31,30199.88,3299.77
S007039,2024-07-01,M033,Digital Solutions,8,5,122476.34,87609.35,34866.99,10802.31
S007040,2024-08-01,M033,Digital Solutions,9,6,126962.6,92585.99,34376.61,10956.92
S007041,2024-09-01,M033,Digital Solutions,11,6,167111.76,120527.89,46583.87,8025.84
S007042,2024-10-01,M033,Digital Solutions,10,6,131231.44,97853.2,33378.24,7708.97
S007043,2024-11-01,M033,Digital Solutions,10,6,139491.58,99270.29,40221.29,8744.31
S007044,2024-12-01,M033,Digital Solutions,12,8,182946.36,129674.72,53271.64,6337.9
S007045,2025-01-01,M033,Digital Solutions,10,7,134411.53,96453.94,37957.59,9655.43
S007046,2025-02-01,M033,Digital Solutions,11,7,158693.87,115503.42,43190.45,7014.4
S007047,2025-03-01,M033,Digital Solutions,10,7,155283.89,116211.33,39072.56,6260.98
S007048,2025-04-01,M033,Digital Solutions,11,6,148377.42,110419.63,37957.79,8044.8
S007049,2025-05-01,M033,Digital Solutions,11,7,151268.16,111825.11,39443.05,5161.17
S007050,2025-06-01,M033,Digital Solutions,12,7,170654.93,121528.08,49126.85,10442.79
S007051,2025-07-01,M033,Digital Solutions,11,7,154654.92,112533.19,42121.73,9622.76
S007052,2025-08-01,M033,Digital Solutions,10,7,160183.18,114656.48,45526.7,8577.69
S007053,2025-09-01,M033,Digital Solutions,11,7,142222.55,106861.45,35361.1,9448.22
S007054,2025-10-01,M033,Digital Solutions,13,7,179412.1,127012.22,52399.88,14853.74
S007055,2025-11-01,M033,Digital Solutions,12,9,175583.4,131854.49,43728.91,9889.25
S007056,2025-12-01,M033,Digital Solutions,13,8,168782.49,124235.0,44547.49,14793.16
S007057,2023-01-01,M033,SaaS,6,3,68662.39,49713.5,18948.89,4802.16
S007058,2023-02-01,M033,SaaS,5,2,64270.55,47252.62,17017.93,3563.0
S007059,2023-03-01,M033,SaaS,6,4,76993.74,55517.15,21476.59,6515.5
S007060,2023-04-01,M033,SaaS,6,3,73913.41,52217.04,21696.37,3600.52
S007061,2023-05-01,M033,SaaS,5,2,54480.74,39655.53,14825.21,2355.04
S007062,2023-06-01,M033,SaaS,7,5,84411.16,63441.97,20969.19,2340.41
S007063,2023-07-01,M033,SaaS,5,3,61155.92,43126.47,18029.45,4784.48
S007064,2023-08-01,M033,SaaS,6,3,78663.58,58683.34,19980.24,2488.7
S007065,2023-09-01,M033,SaaS,6,4,76344.09,55551.14,20792.95,3488.33
S007066,2023-10-01,M033,SaaS,7,4,95660.95,69885.11,25775.84,6095.18
S007067,2023-11-01,M033,SaaS,7,4,81736.27,60382.06,21354.21,3623.96
S007068,2023-12-01,M033,SaaS,8,5,107416.03,75964.41,31451.62,7511.43
S007069,2024-01-01,M033,SaaS,5,3,57217.57,42887.55,14330.02,1958.22
S007070,2024-02-01,M033,SaaS,6,3,72064.07,52263.83,19800.24,3928.46
S007071,2024-03-01,M033,SaaS,6,4,79822.97,56747.44,23075.53,5563.58
S007072,2024-04-01,M033,SaaS,7,4,82013.94,57072.41,24941.53,5925.03
S007073,2024-05-01,M033,SaaS,6,4,71452.65,49895.97,21556.68,2621.66
S007074,2024-06-01,M033,SaaS,7,4,90858.28,64903.79,25954.49,6749.42
S007075,2024-07-01,M033,SaaS,7,5,85811.61,62699.0,23112.61,4864.13
S007076,2024-08-01,M033,SaaS,6,4,73859.45,55357.84,18501.61,5350.46
S007077,2024-09-01,M033,SaaS,7,4,79928.78,56880.73,23048.05,7165.0
S007078,2024-10-01,M033,SaaS,8,5,104180.44,73400.55,30779.89,8382.95
S007079,2024-11-01,M033,SaaS,7,5,94913.71,68758.0,26155.71,3193.22
S007080,2024-12-01,M033,SaaS,8,5,107448.98,81135.51,26313.47,5498.69
S007081,2025-01-01,M033,SaaS,8,5,106459.49,79395.24,27064.25,7362.45
S007082,2025-02-01,M033,SaaS,8,6,92241.3,67853.58,24387.72,7719.22
S007083,2025-03-01,M033,SaaS,9,6,105910.59,79860.31,26050.28,7640.38
S007084,2025-04-01,M033,SaaS,7,4,87991.91,65410.17,22581.74,6029.57
S007085,2025-05-01,M033,SaaS,8,4,94171.5,69544.04,24627.46,1896.76
S007086,2025-06-01,M033,SaaS,8,5,108681.28,80167.49,28513.79,4130.21
S007087,2025-07-01,M033,SaaS,9,5,107379.56,79804.07,27575.49,2498.93
S007088,2025-08-01,M033,SaaS,7,5,84189.18,60566.6,23622.58,4596.24
S007089,2025-09-01,M033,SaaS,8,5,110391.87,79688.48,30703.39,9862.73
S007090,2025-10-01,M033,SaaS,10,6,129198.74,95208.09,33990.65,3511.75
S007091,2025-11-01,M033,SaaS,9,6,105996.47,76341.42,29655.05,8031.67
S007092,2025-12-01,M033,SaaS,8,6,97404.46,71082.68,26321.78,6090.14
S007093,2023-01-01,M033,IT Services,5,3,84581.49,61306.77,23274.72,5950.33
S007094,2023-02-01,M033,IT Services,5,2,89292.18,66655.82,22636.36,4526.06
S007095,2023-03-01,M033,IT Services,5,3,76931.49,53845.25,23086.24,4987.04
S007096,2023-04-01,M033,IT Services,7,4,109719.89,78355.23,31364.66,5427.9
S007097,2023-05-01,M033,IT Services,6,3,96445.0,71867.89,24577.11,4521.0
S007098,2023-06-01,M033,IT Services,6,4,90181.8,66265.79,23916.01,6109.25
S007099,2023-07-01,M033,IT Services,6,3,103048.91,72345.48,30703.43,7182.72
S007100,2023-08-01,M033,IT Services,6,3,105915.39,76171.41,29743.98,2597.75
S007101,2023-09-01,M033,IT Services,6,4,107300.35,77672.14,29628.21,2849.01
S007102,2023-10-01,M033,IT Services,6,4,102528.36,76335.67,26192.69,7162.11
S007103,2023-11-01,M033,IT Services,6,3,109683.39,78181.14,31502.25,2226.33
S007104,2023-12-01,M033,IT Services,6,4,93065.19,68238.43,24826.76,6108.34
S007105,2024-01-01,M033,IT Services,7,4,116625.51,82672.94,33952.57,4158.45
S007106,2024-02-01,M033,IT Services,6,4,104289.94,78260.14,26029.8,5490.38
S007107,2024-03-01,M033,IT Services,7,4,125705.08,89248.8,36456.28,11023.22
S007108,2024-04-01,M033,IT Services,6,3,91784.43,64482.66,27301.77,4265.36
S007109,2024-05-01,M033,IT Services,7,5,122001.82,91544.93,30456.89,7223.28
S007110,2024-06-01,M033,IT Services,6,3,95334.95,68653.15,26681.8,4010.86
S007111,2024-07-01,M033,IT Services,6,3,104041.76,76526.42,27515.34,9231.04
S007112,2024-08-01,M033,IT Services,6,4,90154.55,67830.12,22324.43,2031.02
S007113,2024-09-01,M033,IT Services,7,4,123139.62,87793.33,35346.29,3554.98
S007114,2024-10-01,M033,IT Services,7,5,117227.01,87432.86,29794.15,10282.23
S007115,2024-11-01,M033,IT Services,8,5,120746.72,90755.65,29991.07,7159.33
S007116,2024-12-01,M033,IT Services,8,6,123088.29,88802.43,34285.86,2763.26
S007117,2025-01-01,M033,IT Services,8,5,126266.83,90605.58,35661.25,6790.61
S007118,2025-02-01,M033,IT Services,8,5,139369.27,102755.18,36614.09,6331.02
S007119,2025-03-01,M033,IT Services,9,5,161189.81,114545.97,46643.84,6998.91
S007120,2025-04-01,M033,IT Services,6,4,97304.22,68840.12,28464.1,7158.3
S007121,2025-05-01,M033,IT Services,7,5,115638.89,80576.44,35062.45,2848.14
S007122,2025-06-01,M033,IT Services,9,5,135342.13,95746.65,39595.48,5253.86
S007123,2025-07-01,M033,IT Services,8,5,137063.78,95974.35,41089.43,4167.94
S007124,2025-08-01,M033,IT Services,8,6,139840.68,99356.2,40484.48,10749.35
S007125,2025-09-01,M033,IT Services,7,5,108127.88,80914.77,27213.11,5565.95
S007126,2025-10-01,M033,IT Services,9,6,164888.1,114720.02,50168.08,6411.51
S007127,2025-11-01,M033,IT Services,9,5,155539.48,108868.01,46671.47,9190.19
S007128,2025-12-01,M033,IT Services,8,5,132977.81,99518.37,33459.44,8787.27
S007129,2023-01-01,M034,Software,51,40,953297.86,667745.63,285552.23,76756.93
S007130,2023-02-01,M034,Software,51,37,853599.05,565719.01,287880.04,41083.29
S007131,2023-03-01,M034,Software,46,33,869705.1,569741.34,299963.76,18258.9
S007132,2023-04-01,M034,Software,54,34,1006467.08,694629.55,311837.53,81608.0
S007133,2023-05-01,M034,Software,46,32,949975.16,624236.31,325738.85,27028.39
S007134,2023-06-01,M034,Software,42,25,815043.29,534757.83,280285.46,73009.82
S007135,2023-07-01,M034,Software,50,36,966347.59,684358.73,281988.86,42265.36
S007136,2023-08-01,M034,Software,57,41,1010936.86,700674.64,310262.22,71216.53
S007137,2023-09-01,M034,Software,52,39,980766.29,644247.91,336518.38,32273.53
S007138,2023-10-01,M034,Software,48,29,792393.23,538237.8,254155.43,38858.08
S007139,2023-11-01,M034,Software,51,28,857663.71,594174.22,263489.49,26804.93
S007140,2023-12-01,M034,Software,62,38,1124415.9,766268.1,358147.8,55705.56
S007141,2024-01-01,M034,Software,47,31,792920.36,551654.77,241265.59,56222.91
S007142,2024-02-01,M034,Software,52,39,935190.12,621079.92,314110.2,48622.97
S007143,2024-03-01,M034,Software,61,43,1214273.94,851941.01,362332.93,46679.35
S007144,2024-04-01,M034,Software,58,42,1095891.57,773079.29,322812.28,51743.07
S007145,2024-05-01,M034,Software,58,34,1003464.47,661626.37,341838.1,79313.85
S007146,2024-06-01,M034,Software,56,35,1151291.82,778085.72,373206.1,80682.96
S007147,2024-07-01,M034,Software,59,43,1059542.3,724788.51,334753.79,85021.35
S007148,2024-08-01,M034,Software,53,30,864013.85,616386.11,247627.74,54997.52
S007149,2024-09-01,M034,Software,59,36,1201949.74,827889.25,374060.49,87461.21
S007150,2024-10-01,M034,Software,54,31,940572.82,617926.13,322646.69,44200.66
S007151,2024-11-01,M034,Software,65,47,1217835.15,820793.75,397041.4,92070.14
S007152,2024-12-01,M034,Software,52,30,895309.71,611412.21,283897.5,27165.86
S007153,2025-01-01,M034,Software,51,37,1051588.15,746256.95,305331.2,49412.41
S007154,2025-02-01,M034,Software,48,28,798927.26,533407.15,265520.11,64432.28
S007155,2025-03-01,M034,Software,57,43,1123285.26,768327.62,354957.64,47674.07
S007156,2025-04-01,M034,Software,54,36,878037.03,591774.76,286262.27,48537.84
S007157,2025-05-01,M034,Software,57,35,1170759.27,802771.71,367987.56,53655.33
S007158,2025-06-01,M034,Software,59,46,1178926.0,819494.73,359431.27,62680.93
S007159,2025-07-01,M034,Software,57,39,1161400.2,768961.98,392438.22,37210.01
S007160,2025-08-01,M034,Software,56,36,1003184.4,668490.66,334693.74,46078.18
S007161,2025-09-01,M034,Software,65,42,1094555.96,746606.51,347949.45,74630.94
S007162,2025-10-01,M034,Software,56,36,966661.0,679535.64,287125.36,51137.1
S007163,2025-11-01,M034,Software,58,35,1078562.49,745697.96,332864.53,67424.79
S007164,2025-12-01,M034,Software,68,43,1205399.62,860664.17,344735.45,94565.93
S007165,2023-01-01,M034,Business Services,73,40,739960.24,519160.16,220800.08,57371.47
S007166,2023-02-01,M034,Business Services,75,58,610494.96,431164.28,179330.68,33454.72
S007167,2023-03-01,M034,Business Services,78,43,654605.2,440138.23,214466.97,52845.16
S007168,2023-04-01,M034,Business Services,59,43,565586.71,389623.36,175963.35,21900.62
S007169,2023-05-01,M034,Business Services,63,40,540570.3,356954.22,183616.08,44118.7
S007170,2023-06-01,M034,Business Services,73,52,693346.04,455139.41,238206.63,24397.02
S007171,2023-07-01,M034,Business Services,79,57,661887.01,454263.17,207623.84,52063.07
S007172,2023-08-01,M034,Business Services,76,60,762103.41,528007.27,234096.14,62637.65
S007173,2023-09-01,M034,Business Services,69,46,674513.06,460585.62,213927.44,43987.0
S007174,2023-10-01,M034,Business Services,68,38,692587.8,456670.5,235917.3,56150.72
S007175,2023-11-01,M034,Business Services,73,50,674952.01,451822.31,223129.7,35623.47
S007176,2023-12-01,M034,Business Services,79,51,780741.17,541166.57,239574.6,40042.33
S007177,2024-01-01,M034,Business Services,77,57,754146.01,522820.02,231325.99,25028.03
S007178,2024-02-01,M034,Business Services,82,64,690485.17,465435.44,225049.73,42397.93
S007179,2024-03-01,M034,Business Services,90,52,782394.73,529059.23,253335.5,57500.01
S007180,2024-04-01,M034,Business Services,73,54,666196.03,446174.96,220021.07,34117.96
S007181,2024-05-01,M034,Business Services,71,41,592137.45,416196.55,175940.9,33626.19
S007182,2024-06-01,M034,Business Services,71,40,724575.64,486565.91,238009.73,30164.69
S007183,2024-07-01,M034,Business Services,86,52,769832.35,528470.42,241361.93,46783.1
S007184,2024-08-01,M034,Business Services,73,54,671648.85,473197.51,198451.34,54485.97
S007185,2024-09-01,M034,Business Services,69,51,676598.18,475208.25,201389.93,27047.24
S007186,2024-10-01,M034,Business Services,78,56,753236.25,519635.69,233600.56,44615.09
S007187,2024-11-01,M034,Business Services,80,54,754930.61,514428.17,240502.44,40189.69
S007188,2024-12-01,M034,Business Services,93,64,952543.57,670936.94,281606.63,64556.6
S007189,2025-01-01,M034,Business Services,70,44,587601.36,407171.39,180429.97,17930.62
S007190,2025-02-01,M034,Business Services,89,56,802462.29,566322.07,236140.22,56082.63
S007191,2025-03-01,M034,Business Services,90,60,921426.65,625916.43,295510.22,82100.12
S007192,2025-04-01,M034,Business Services,83,56,820412.58,562629.96,257782.62,60152.65
S007193,2025-05-01,M034,Business Services,80,52,777164.28,543531.24,233633.04,19809.92
S007194,2025-06-01,M034,Business Services,73,50,692872.24,465634.11,227238.13,44762.98
S007195,2025-07-01,M034,Business Services,92,64,890982.47,586692.88,304289.59,62247.56
S007196,2025-08-01,M034,Business Services,77,50,663487.97,459500.87,203987.1,57913.42
S007197,2025-09-01,M034,Business Services,71,50,648685.05,443869.08,204815.97,38899.25
S007198,2025-10-01,M034,Business Services,79,56,729696.02,511893.63,217802.39,33956.48
S007199,2025-11-01,M034,Business Services,98,61,1005466.05,715106.87,290359.18,81895.33
S007200,2025-12-01,M034,Business Services,95,65,920835.01,633384.68,287450.33,59132.7
S007201,2023-01-01,M034,Consulting,72,39,1867563.29,1294759.72,572803.57,40389.59
S007202,2023-02-01,M034,Consulting,57,41,1345878.93,946987.11,398891.82,89832.49
S007203,2023-03-01,M034,Consulting,75,48,1837376.63,1238224.08,599152.55,78337.31
S007204,2023-04-01,M034,Consulting,64,39,1673076.41,1170961.64,502114.77,38467.58
S007205,2023-05-01,M034,Consulting,72,47,1904609.94,1336407.93,568202.01,170200.47
S007206,2023-06-01,M034,Consulting,58,39,1305567.28,875396.11,430171.17,112024.16
S007207,2023-07-01,M034,Consulting,69,46,1631588.11,1083370.58,548217.53,52561.09
S007208,2023-08-01,M034,Consulting,77,59,1873505.38,1336104.03,537401.35,128257.38
S007209,2023-09-01,M034,Consulting,79,51,2124986.65,1407401.01,717585.64,86739.34
S007210,2023-10-01,M034,Consulting,76,58,2161179.1,1459487.19,701691.91,112304.97
S007211,2023-11-01,M034,Consulting,78,45,1916795.1,1275440.22,641354.88,67471.25
S007212,2023-12-01,M034,Consulting,86,51,2441866.5,1646435.32,795431.18,210289.34
S007213,2024-01-01,M034,Consulting,71,51,1899181.46,1299918.26,599263.2,66257.34
S007214,2024-02-01,M034,Consulting,81,60,1888353.45,1326662.65,561690.8,139422.38
S007215,2024-03-01,M034,Consulting,79,52,1801243.53,1251030.18,550213.35,37169.12
S007216,2024-04-01,M034,Consulting,77,53,2020896.53,1354012.08,666884.45,106949.62
S007217,2024-05-01,M034,Consulting,73,51,1955361.25,1301370.5,653990.75,108914.26
S007218,2024-06-01,M034,Consulting,84,54,2383694.62,1702141.67,681552.95,147176.68
S007219,2024-07-01,M034,Consulting,74,45,1847376.72,1307653.37,539723.35,163593.18
S007220,2024-08-01,M034,Consulting,77,51,2054218.55,1403183.36,651035.19,155208.19
S007221,2024-09-01,M034,Consulting,84,61,2131218.32,1491089.68,640128.64,68027.38
S007222,2024-10-01,M034,Consulting,88,56,2212757.47,1535622.74,677134.73,82200.82
S007223,2024-11-01,M034,Consulting,94,52,2205263.17,1543750.61,661512.56,103823.82
S007224,2024-12-01,M034,Consulting,94,73,2333382.51,1547649.73,785732.78,105862.04
S007225,2025-01-01,M034,Consulting,77,56,2160549.55,1477766.66,682782.89,91633.91
S007226,2025-02-01,M034,Consulting,66,52,1798199.06,1257601.19,540597.87,119190.11
S007227,2025-03-01,M034,Consulting,76,54,2019917.84,1358297.98,661619.86,105616.69
S007228,2025-04-01,M034,Consulting,75,59,1882124.47,1308651.94,573472.53,161435.58
S007229,2025-05-01,M034,Consulting,71,45,1713011.72,1193044.41,519967.31,128830.91
S007230,2025-06-01,M034,Consulting,72,46,2039416.01,1348133.53,691282.48,122605.09
S007231,2025-07-01,M034,Consulting,72,56,1818628.81,1233517.3,585111.51,74323.58
S007232,2025-08-01,M034,Consulting,73,55,1659951.5,1118312.31,541639.19,106350.28
S007233,2025-09-01,M034,Consulting,89,57,2554370.26,1705457.81,848912.45,54039.47
S007234,2025-10-01,M034,Consulting,91,54,2130021.71,1512602.64,617419.07,160769.68
S007235,2025-11-01,M034,Consulting,76,54,1894699.38,1246691.7,648007.68,105590.15
S007236,2025-12-01,M034,Consulting,98,77,2701011.82,1905324.42,795687.4,64508.56
S007237,2023-01-01,M034,Digital Solutions,56,32,745678.41,517383.11,228295.3,54852.36
S007238,2023-02-01,M034,Digital Solutions,56,33,888309.0,620366.76,267942.24,64316.88
S007239,2023-03-01,M034,Digital Solutions,62,43,912344.39,617194.98,295149.41,28470.99
S007240,2023-04-01,M034,Digital Solutions,57,43,870901.62,601219.81,269681.81,52822.05
S007241,2023-05-01,M034,Digital Solutions,51,33,726283.16,478091.4,248191.76,32855.56
S007242,2023-06-01,M034,Digital Solutions,51,35,780098.32,532847.87,247250.45,69427.5
S007243,2023-07-01,M034,Digital Solutions,54,42,753010.14,527509.75,225500.39,64104.78
S007244,2023-08-01,M034,Digital Solutions,49,35,648798.35,456705.73,192092.62,34696.48
S007245,2023-09-01,M034,Digital Solutions,45,26,605947.72,424863.77,181083.95,47128.34
S007246,2023-10-01,M034,Digital Solutions,52,30,747895.24,498324.21,249571.03,57644.74
S007247,2023-11-01,M034,Digital Solutions,55,32,741069.9,518801.31,222268.59,58619.7
S007248,2023-12-01,M034,Digital Solutions,53,33,757216.49,527167.54,230048.95,54466.18
S007249,2024-01-01,M034,Digital Solutions,61,41,805488.88,557498.38,247990.5,37220.6
S007250,2024-02-01,M034,Digital Solutions,57,36,800728.39,528239.24,272489.15,40437.85
S007251,2024-03-01,M034,Digital Solutions,67,42,975045.14,647420.87,327624.27,34524.42
S007252,2024-04-01,M034,Digital Solutions,52,40,780926.21,526336.31,254589.9,42417.75
S007253,2024-05-01,M034,Digital Solutions,47,37,664115.98,434959.12,229156.86,44285.18
S007254,2024-06-01,M034,Digital Solutions,59,40,923007.32,614021.53,308985.79,78443.66
S007255,2024-07-01,M034,Digital Solutions,60,38,786181.11,554911.55,231269.56,44734.39
S007256,2024-08-01,M034,Digital Solutions,55,35,865051.26,584467.55,280583.71,72129.29
S007257,2024-09-01,M034,Digital Solutions,58,36,922273.83,626438.18,295835.65,61324.95
S007258,2024-10-01,M034,Digital Solutions,67,45,940898.45,654068.65,286829.8,39957.25
S007259,2024-11-01,M034,Digital Solutions,60,35,865183.37,571680.73,293502.64,17897.66
S007260,2024-12-01,M034,Digital Solutions,70,55,1114551.46,778133.53,336417.93,26135.81
S007261,2025-01-01,M034,Digital Solutions,58,45,828277.16,562224.0,266053.16,34568.09
S007262,2025-02-01,M034,Digital Solutions,65,41,824815.29,573460.21,251355.08,47843.87
S007263,2025-03-01,M034,Digital Solutions,65,40,821397.26,537760.99,283636.27,68433.55
S007264,2025-04-01,M034,Digital Solutions,59,42,830226.47,573082.46,257144.01,63313.15
S007265,2025-05-01,M034,Digital Solutions,54,36,695402.7,464062.2,231340.5,39775.18
S007266,2025-06-01,M034,Digital Solutions,64,43,901996.16,600938.42,301057.74,42291.72
S007267,2025-07-01,M034,Digital Solutions,62,40,852917.25,606220.62,246696.63,31027.36
S007268,2025-08-01,M034,Digital Solutions,65,42,988203.85,671094.6,317109.25,35596.05
S007269,2025-09-01,M034,Digital Solutions,68,47,1061627.39,704891.94,356735.45,85537.06
S007270,2025-10-01,M034,Digital Solutions,69,53,910519.85,602278.47,308241.38,77158.26
S007271,2025-11-01,M034,Digital Solutions,62,36,886428.35,591251.4,295176.95,72709.1
S007272,2025-12-01,M034,Digital Solutions,66,41,903954.42,609254.38,294700.04,28493.78
S007273,2023-01-01,M034,SaaS,51,39,551397.44,376601.3,174796.14,40036.1
S007274,2023-02-01,M034,SaaS,51,34,689898.63,474940.26,214958.37,21710.55
S007275,2023-03-01,M034,SaaS,57,36,716062.19,488106.52,227955.67,63268.01
S007276,2023-04-01,M034,SaaS,59,32,731476.08,511366.87,220109.21,30865.26
S007277,2023-05-01,M034,SaaS,54,37,654331.56,440026.41,214305.15,57835.62
S007278,2023-06-01,M034,SaaS,56,36,639237.62,435367.62,203870.0,36443.17
S007279,2023-07-01,M034,SaaS,59,39,690200.68,482761.2,207439.48,46803.48
S007280,2023-08-01,M034,SaaS,59,42,701310.63,463978.77,237331.86,19584.94
S007281,2023-09-01,M034,SaaS,65,44,889042.0,596046.44,292995.56,67109.53
S007282,2023-10-01,M034,SaaS,70,45,948951.99,635028.71,313923.28,56476.01
S007283,2023-11-01,M034,SaaS,62,41,758409.73,518450.68,239959.05,27750.38
S007284,2023-12-01,M034,SaaS,72,41,825608.18,554024.29,271583.89,42813.69
S007285,2024-01-01,M034,SaaS,61,47,672105.54,474528.0,197577.54,42651.15
S007286,2024-02-01,M034,SaaS,73,53,970740.8,662767.94,307972.86,44782.11
S007287,2024-03-01,M034,SaaS,72,51,960842.25,641704.74,319137.51,68347.59
S007288,2024-04-01,M034,SaaS,71,39,932721.01,661941.55,270779.46,39788.12
S007289,2024-05-01,M034,SaaS,56,34,729025.71,496385.59,232640.12,33961.58
S007290,2024-06-01,M034,SaaS,67,41,788426.46,542939.24,245487.22,47317.95
S007291,2024-07-01,M034,SaaS,62,48,723623.68,479140.98,244482.7,47787.79
S007292,2024-08-01,M034,SaaS,74,42,829110.3,573084.41,256025.89,30915.37
S007293,2024-09-01,M034,SaaS,75,42,1030276.19,699542.28,330733.91,37679.45
S007294,2024-10-01,M034,SaaS,70,52,940124.3,636187.42,303936.88,80984.41
S007295,2024-11-01,M034,SaaS,69,53,866360.97,595278.47,271082.5,51914.53
S007296,2024-12-01,M034,SaaS,85,50,965405.65,672728.98,292676.67,59477.47
S007297,2025-01-01,M034,SaaS,77,52,960992.4,673112.16,287880.24,41096.99
S007298,2025-02-01,M034,SaaS,68,48,847014.23,594007.73,253006.5,63588.6
S007299,2025-03-01,M034,SaaS,86,57,1171177.9,784048.63,387129.27,71628.39
S007300,2025-04-01,M034,SaaS,69,41,877933.83,601848.47,276085.36,32754.08
S007301,2025-05-01,M034,SaaS,69,44,750835.64,514000.38,236835.26,44942.61
S007302,2025-06-01,M034,SaaS,71,53,964875.72,688115.52,276760.2,72720.2
S007303,2025-07-01,M034,SaaS,77,55,899129.71,642299.79,256829.92,59633.14
S007304,2025-08-01,M034,SaaS,70,40,839943.27,597459.44,242483.83,69404.58
S007305,2025-09-01,M034,SaaS,77,61,1002636.26,697610.37,305025.89,21261.14
S007306,2025-10-01,M034,SaaS,77,46,873634.22,621655.69,251978.53,42225.63
S007307,2025-11-01,M034,SaaS,70,47,828582.66,561570.79,267011.87,17482.25
S007308,2025-12-01,M034,SaaS,82,58,1067107.68,725762.67,341345.01,30385.56
S007309,2023-01-01,M034,IT Services,52,36,923554.58,657602.7,265951.88,79603.29
S007310,2023-02-01,M034,IT Services,54,33,915302.01,629560.23,285741.78,64224.4
S007311,2023-03-01,M034,IT Services,61,46,1013348.56,704110.82,309237.74,89940.09
S007312,2023-04-01,M034,IT Services,58,36,950003.85,662447.57,287556.28,69860.43
S007313,2023-05-01,M034,IT Services,59,44,935637.65,654103.58,281534.07,40897.86
S007314,2023-06-01,M034,IT Services,58,33,956205.1,675870.31,280334.79,82414.32
S007315,2023-07-01,M034,IT Services,48,31,825257.21,541403.49,283853.72,21246.24
S007316,2023-08-01,M034,IT Services,51,28,858026.01,584749.92,273276.09,21054.08
S007317,2023-09-01,M034,IT Services,51,29,813577.83,544397.4,269180.43,41893.7
S007318,2023-10-01,M034,IT Services,53,41,865703.09,615740.33,249962.76,74087.64
S007319,2023-11-01,M034,IT Services,57,39,1006442.63,705369.77,301072.86,27993.94
S007320,2023-12-01,M034,IT Services,72,52,1085946.94,716364.74,369582.2,57684.81
S007321,2024-01-01,M034,IT Services,58,31,1040836.7,724328.03,316508.67,62080.81
S007322,2024-02-01,M034,IT Services,65,44,1073980.67,705176.08,368804.59,63524.57
S007323,2024-03-01,M034,IT Services,68,45,1245155.49,846834.12,398321.37,106259.83
S007324,2024-04-01,M034,IT Services,60,34,970330.91,646761.53,323569.38,46213.57
S007325,2024-05-01,M034,IT Services,57,37,1033822.09,706191.67,327630.42,47553.27
S007326,2024-06-01,M034,IT Services,68,46,1101301.45,737002.85,364298.6,92488.35
S007327,2024-07-01,M034,IT Services,66,41,1164473.34,784513.94,379959.4,84020.83
S007328,2024-08-01,M034,IT Services,64,49,1044836.05,725258.72,319577.33,46772.52
S007329,2024-09-01,M034,IT Services,52,29,817067.58,575301.23,241766.35,59166.53
S007330,2024-10-01,M034,IT Services,70,51,1161474.32,762098.42,399375.9,67180.33
S007331,2024-11-01,M034,IT Services,63,39,1019983.63,680608.37,339375.26,54987.48
S007332,2024-12-01,M034,IT Services,63,40,1026302.98,680991.78,345311.2,58342.91
S007333,2025-01-01,M034,IT Services,56,43,810077.22,544190.03,265887.19,37173.96
S007334,2025-02-01,M034,IT Services,69,50,1252024.17,842334.95,409689.22,46485.98
S007335,2025-03-01,M034,IT Services,67,37,1144659.36,778697.26,365962.1,77421.56
S007336,2025-04-01,M034,IT Services,56,35,888546.19,602029.5,286516.69,44934.5
S007337,2025-05-01,M034,IT Services,59,36,1015892.22,691850.07,324042.15,66854.18
S007338,2025-06-01,M034,IT Services,56,31,992154.2,669449.01,322705.19,40738.68
S007339,2025-07-01,M034,IT Services,74,50,1106382.58,765806.6,340575.98,23916.96
S007340,2025-08-01,M034,IT Services,73,50,1250277.14,887960.79,362316.35,58650.36
S007341,2025-09-01,M034,IT Services,68,42,1045022.95,711478.47,333544.48,46378.01
S007342,2025-10-01,M034,IT Services,76,58,1345015.48,956744.51,388270.97,113548.9
S007343,2025-11-01,M034,IT Services,66,47,1006147.76,671756.63,334391.13,40750.68
S007344,2025-12-01,M034,IT Services,65,38,1030333.19,722132.64,308200.55,86693.58
S007345,2023-01-01,M035,Software,5,3,86303.53,61696.43,24607.1,6336.61
S007346,2023-02-01,M035,Software,5,3,85139.5,61924.41,23215.09,5493.51
S007347,2023-03-01,M035,Software,7,4,135771.1,99802.98,35968.12,5070.36
S007348,2023-04-01,M035,Software,6,4,116900.04,84938.52,31961.52,4070.5
S007349,2023-05-01,M035,Software,7,5,113972.61,85831.47,28141.14,9244.19
S007350,2023-06-01,M035,Software,6,4,111880.79,84492.21,27388.58,6120.67
S007351,2023-07-01,M035,Software,5,3,87785.8,66036.47,21749.33,4069.19
S007352,2023-08-01,M035,Software,6,3,112847.84,86634.78,26213.06,3921.8
S007353,2023-09-01,M035,Software,6,3,113129.63,87009.85,26119.78,9291.09
S007354,2023-10-01,M035,Software,8,6,162397.1,116464.52,45932.58,13403.0
S007355,2023-11-01,M035,Software,6,4,105139.55,78556.52,26583.03,7102.75
S007356,2023-12-01,M035,Software,7,4,116586.16,84658.22,31927.94,4462.64
S007357,2024-01-01,M035,Software,6,4,107181.7,77695.81,29485.89,3304.96
S007358,2024-02-01,M035,Software,6,3,100635.23,73981.6,26653.63,5539.01
S007359,2024-03-01,M035,Software,7,5,118496.71,89625.57,28871.14,9722.25
S007360,2024-04-01,M035,Software,6,4,117331.37,87536.44,29794.93,4885.16
S007361,2024-05-01,M035,Software,6,3,98818.03,73604.03,25214.0,5473.81
S007362,2024-06-01,M035,Software,7,4,141867.91,106418.2,35449.71,3726.67
S007363,2024-07-01,M035,Software,6,4,122386.59,87287.26,35099.33,4827.19
S007364,2024-08-01,M035,Software,7,5,115998.31,88281.28,27717.03,8572.25
S007365,2024-09-01,M035,Software,7,5,123888.51,94389.4,29499.11,4754.15
S007366,2024-10-01,M035,Software,7,4,121628.93,93546.36,28082.57,8240.74
S007367,2024-11-01,M035,Software,8,5,151185.42,114673.1,36512.32,10839.67
S007368,2024-12-01,M035,Software,7,5,121493.97,91192.35,30301.62,9567.6
S007369,2025-01-01,M035,Software,8,4,137491.01,103780.64,33710.37,7205.01
S007370,2025-02-01,M035,Software,6,4,110297.87,81258.02,29039.85,2367.46
S007371,2025-03-01,M035,Software,7,4,119458.48,86701.99,32756.49,5668.59
S007372,2025-04-01,M035,Software,7,4,141717.06,107705.69,34011.37,9482.04
S007373,2025-05-01,M035,Software,6,4,104795.58,78759.37,26036.21,4377.26
S007374,2025-06-01,M035,Software,7,5,121913.21,92508.41,29404.8,6153.34
S007375,2025-07-01,M035,Software,7,4,122296.07,89341.31,32954.76,5369.29
S007376,2025-08-01,M035,Software,7,4,139143.54,102522.98,36620.56,4267.6
S007377,2025-09-01,M035,Software,7,4,142973.9,109058.39,33915.51,6463.27
S007378,2025-10-01,M035,Software,8,4,153612.48,111736.22,41876.26,4497.26
S007379,2025-11-01,M035,Software,10,6,168361.34,124566.27,43795.07,3445.34
S007380,2025-12-01,M035,Software,9,6,171663.81,127311.58,44352.23,6724.23
S007381,2023-01-01,M035,Business Services,6,4,54521.12,40304.67,14216.45,1667.84
S007382,2023-02-01,M035,Business Services,5,3,48288.0,34866.83,13421.17,3055.72
S007383,2023-03-01,M035,Business Services,6,4,58499.59,42464.49,16035.1,2835.46
S007384,2023-04-01,M035,Business Services,5,3,42239.82,31070.16,11169.66,2171.88
S007385,2023-05-01,M035,Business Services,7,4,61289.87,46820.88,14468.99,2666.23
S007386,2023-06-01,M035,Business Services,6,4,50268.89,37655.09,12613.8,2036.03
S007387,2023-07-01,M035,Business Services,6,4,57242.23,42271.57,14970.66,2323.78
S007388,2023-08-01,M035,Business Services,6,4,52508.64,39246.31,13262.33,1762.81
S007389,2023-09-01,M035,Business Services,5,3,44399.0,33924.81,10474.19,1375.87
S007390,2023-10-01,M035,Business Services,7,5,70630.54,51951.03,18679.51,2701.22
S007391,2023-11-01,M035,Business Services,7,5,56772.09,42704.23,14067.86,2049.11
S007392,2023-12-01,M035,Business Services,7,5,66877.13,48389.23,18487.9,2211.68
S007393,2024-01-01,M035,Business Services,6,3,60776.21,45805.48,14970.73,2093.59
S007394,2024-02-01,M035,Business Services,6,3,48799.99,35409.25,13390.74,1116.84
S007395,2024-03-01,M035,Business Services,6,4,51591.71,37299.89,14291.82,3394.37
S007396,2024-04-01,M035,Business Services,7,5,70670.83,50653.33,20017.5,1491.2
S007397,2024-05-01,M035,Business Services,6,3,59640.36,42967.97,16672.39,2960.32
S007398,2024-06-01,M035,Business Services,7,5,70423.04,51009.16,19413.88,4013.79
S007399,2024-07-01,M035,Business Services,7,5,66850.1,48995.9,17854.2,2244.58
S007400,2024-08-01,M035,Business Services,6,3,60551.49,46300.43,14251.06,3598.92
S007401,2024-09-01,M035,Business Services,7,4,64333.82,46745.3,17588.52,1676.61
S007402,2024-10-01,M035,Business Services,7,5,57038.45,41846.53,15191.92,2842.88
S007403,2024-11-01,M035,Business Services,8,6,69042.25,50663.43,18378.82,1668.91
S007404,2024-12-01,M035,Business Services,8,6,72187.16,55608.05,16579.11,2325.96
S007405,2025-01-01,M035,Business Services,6,4,55275.17,41420.22,13854.95,1615.58
S007406,2025-02-01,M035,Business Services,8,6,66685.78,50541.77,16144.01,5969.65
S007407,2025-03-01,M035,Business Services,7,5,63413.62,47526.82,15886.8,5453.16
S007408,2025-04-01,M035,Business Services,8,5,81998.43,58917.71,23080.72,1986.35
S007409,2025-05-01,M035,Business Services,7,3,70346.55,53580.23,16766.32,5789.56
S007410,2025-06-01,M035,Business Services,8,5,71904.31,54183.19,17721.12,5888.91
S007411,2025-07-01,M035,Business Services,7,4,66335.64,49722.15,16613.49,2180.82
S007412,2025-08-01,M035,Business Services,9,6,81372.59,59682.74,21689.85,7213.14
S007413,2025-09-01,M035,Business Services,7,4,68714.1,51152.78,17561.32,5268.08
S007414,2025-10-01,M035,Business Services,10,5,81944.37,62952.05,18992.32,4340.85
S007415,2025-11-01,M035,Business Services,8,5,82325.91,58942.51,23383.4,3263.41
S007416,2025-12-01,M035,Business Services,8,4,75944.18,56742.93,19201.25,6590.7
S007417,2023-01-01,M035,Consulting,5,3,135591.61,99587.85,36003.76,6487.55
S007418,2023-02-01,M035,Consulting,5,2,118039.73,88543.76,29495.97,4711.93
S007419,2023-03-01,M035,Consulting,6,4,168480.47,124327.31,44153.16,9542.82
S007420,2023-04-01,M035,Consulting,6,4,141441.89,102525.88,38916.01,7401.55
S007421,2023-05-01,M035,Consulting,6,4,170223.19,122588.03,47635.16,12754.3
S007422,2023-06-01,M035,Consulting,5,2,126672.31,95224.65,31447.66,11081.92
S007423,2023-07-01,M035,Consulting,6,3,146126.81,109777.18,36349.63,9836.97
S007424,2023-08-01,M035,Consulting,6,4,168484.43,124738.82,43745.61,13787.66
S007425,2023-09-01,M035,Consulting,6,4,153969.75,113184.56,40785.19,6434.4
S007426,2023-10-01,M035,Consulting,7,4,159779.9,118162.53,41617.37,10232.65
S007427,2023-11-01,M035,Consulting,7,4,200477.1,151603.04,48874.06,7050.37
S007428,2023-12-01,M035,Consulting,7,4,180391.79,133432.64,46959.15,8032.31
S007429,2024-01-01,M035,Consulting,7,4,185864.17,135273.53,50590.64,15662.4
S007430,2024-02-01,M035,Consulting,6,4,148532.63,105728.0,42804.63,10682.15
S007431,2024-03-01,M035,Consulting,8,6,210853.63,150602.77,60250.86,6996.11
S007432,2024-04-01,M035,Consulting,6,3,158630.6,113526.87,45103.73,5693.49
S007433,2024-05-01,M035,Consulting,6,4,153762.15,111933.49,41828.66,5329.93
S007434,2024-06-01,M035,Consulting,6,4,160249.86,119520.95,40728.91,6173.62
S007435,2024-07-01,M035,Consulting,6,3,150213.96,107619.01,42594.95,9503.44
S007436,2024-08-01,M035,Consulting,6,4,142830.04,103142.65,39687.39,11347.06
S007437,2024-09-01,M035,Consulting,7,5,192913.54,141597.19,51316.35,13129.75
S007438,2024-10-01,M035,Consulting,7,5,190016.8,136589.24,53427.56,8938.97
S007439,2024-11-01,M035,Consulting,9,5,209079.64,149840.99,59238.65,4949.74
S007440,2024-12-01,M035,Consulting,8,4,185270.19,132436.39,52833.8,4817.04
S007441,2025-01-01,M035,Consulting,7,4,182966.11,133562.73,49403.38,15458.23
S007442,2025-02-01,M035,Consulting,7,4,162318.37,121893.41,40424.96,9753.06
S007443,2025-03-01,M035,Consulting,7,3,196699.44,139990.38,56709.06,15520.64
S007444,2025-04-01,M035,Consulting,8,5,218567.66,165865.64,52702.02,7932.37
S007445,2025-05-01,M035,Consulting,7,5,201151.33,147421.42,53729.91,9219.9
S007446,2025-06-01,M035,Consulting,8,5,198075.56,143966.07,54109.49,7286.52
S007447,2025-07-01,M035,Consulting,9,5,212946.74,163267.82,49678.92,12118.36
S007448,2025-08-01,M035,Consulting,9,6,208002.08,152842.25,55159.83,8914.42
S007449,2025-09-01,M035,Consulting,8,4,209055.98,160766.5,48289.48,9542.0
S007450,2025-10-01,M035,Consulting,9,5,207064.87,150962.89,56101.98,4776.81
S007451,2025-11-01,M035,Consulting,9,6,213279.92,153286.48,59993.44,11670.53
S007452,2025-12-01,M035,Consulting,9,7,250146.0,185256.15,64889.85,18877.67
S007453,2023-01-01,M035,Digital Solutions,5,3,68528.4,50633.95,17894.45,5748.7
S007454,2023-02-01,M035,Digital Solutions,6,4,95014.98,70946.41,24068.57,6650.49
S007455,2023-03-01,M035,Digital Solutions,6,4,93699.2,67174.65,26524.55,8241.44
S007456,2023-04-01,M035,Digital Solutions,5,3,64638.28,46958.64,17679.64,4565.55
S007457,2023-05-01,M035,Digital Solutions,5,3,77104.41,56263.49,20840.92,3508.12
S007458,2023-06-01,M035,Digital Solutions,5,3,66794.59,51159.21,15635.38,5708.69
S007459,2023-07-01,M035,Digital Solutions,6,4,85469.22,65084.24,20384.98,5980.88
S007460,2023-08-01,M035,Digital Solutions,5,3,63009.56,46349.33,16660.23,3893.85
S007461,2023-09-01,M035,Digital Solutions,6,4,89347.74,66435.85,22911.89,4761.43
S007462,2023-10-01,M035,Digital Solutions,7,4,88382.27,63488.06,24894.21,7833.61
S007463,2023-11-01,M035,Digital Solutions,6,4,94141.59,67439.28,26702.31,2073.46
S007464,2023-12-01,M035,Digital Solutions,6,4,76372.19,54775.03,21597.16,2199.56
S007465,2024-01-01,M035,Digital Solutions,6,3,77499.96,59530.97,17968.99,4975.7
S007466,2024-02-01,M035,Digital Solutions,7,4,88925.53,64530.01,24395.52,3757.38
S007467,2024-03-01,M035,Digital Solutions,7,4,108745.26,79011.23,29734.03,2408.24
S007468,2024-04-01,M035,Digital Solutions,7,5,109076.11,83638.82,25437.29,9136.84
S007469,2024-05-01,M035,Digital Solutions,6,3,83975.03,59994.7,23980.33,6936.68
S007470,2024-06-01,M035,Digital Solutions,7,5,91839.53,66900.92,24938.61,2627.35
S007471,2024-07-01,M035,Digital Solutions,8,4,122144.45,88109.1,34035.35,10654.36
S007472,2024-08-01,M035,Digital Solutions,7,5,108687.29,78929.66,29757.63,9770.95
S007473,2024-09-01,M035,Digital Solutions,7,4,97896.01,72167.95,25728.06,3840.71
S007474,2024-10-01,M035,Digital Solutions,8,4,107207.09,81646.51,25560.58,6978.69
S007475,2024-11-01,M035,Digital Solutions,9,6,117378.32,83972.12,33406.2,2998.59
S007476,2024-12-01,M035,Digital Solutions,9,5,115126.65,85436.77,29689.88,9952.61
S007477,2025-01-01,M035,Digital Solutions,7,4,103583.88,75748.45,27835.43,3150.67
S007478,2025-02-01,M035,Digital Solutions,7,5,97777.31,70381.26,27396.05,7742.5
S007479,2025-03-01,M035,Digital Solutions,8,5,109893.05,83153.32,26739.73,3994.99
S007480,2025-04-01,M035,Digital Solutions,9,6,121915.6,92479.16,29436.44,2519.81
S007481,2025-05-01,M035,Digital Solutions,6,3,92852.08,66593.88,26258.2,6348.49
S007482,2025-06-01,M035,Digital Solutions,7,5,110947.02,79577.14,31369.88,3956.77
S007483,2025-07-01,M035,Digital Solutions,8,5,121599.24,92219.08,29380.16,7817.8
S007484,2025-08-01,M035,Digital Solutions,9,4,129035.54,96378.88,32656.66,8758.4
S007485,2025-09-01,M035,Digital Solutions,8,5,116944.87,87950.73,28994.14,4968.53
S007486,2025-10-01,M035,Digital Solutions,9,5,130958.99,99130.42,31828.57,4703.98
S007487,2025-11-01,M035,Digital Solutions,7,4,104705.16,78428.34,26276.82,9180.93
S007488,2025-12-01,M035,Digital Solutions,9,6,139791.13,101408.22,38382.91,5413.07
S007489,2023-01-01,M035,SaaS,6,4,80217.94,59291.31,20926.63,4030.26
S007490,2023-02-01,M035,SaaS,6,3,76767.37,56893.66,19873.71,3471.23
S007491,2023-03-01,M035,SaaS,7,4,80669.81,60578.64,20091.17,6366.56
S007492,2023-04-01,M035,SaaS,6,4,65678.07,50572.73,15105.34,4969.29
S007493,2023-05-01,M035,SaaS,5,2,67679.05,48589.13,19089.92,2905.0
S007494,2023-06-01,M035,SaaS,6,4,72858.39,54618.72,18239.67,5219.77
S007495,2023-07-01,M035,SaaS,6,4,70695.91,53606.63,17089.28,6056.23
S007496,2023-08-01,M035,SaaS,5,3,67825.51,48847.23,18978.28,1676.61
S007497,2023-09-01,M035,SaaS,6,4,71830.28,53249.19,18581.09,3431.4
S007498,2023-10-01,M035,SaaS,6,4,75700.86,57873.63,17827.23,3040.25
S007499,2023-11-01,M035,SaaS,7,4,77498.09,56711.53,20786.56,3011.47
S007500,2023-12-01,M035,SaaS,7,5,94967.26,71147.14,23820.12,8083.67
S007501,2024-01-01,M035,SaaS,6,4,74030.39,56597.45,17432.94,4649.03
S007502,2024-02-01,M035,SaaS,6,4,78042.73,58560.75,19481.98,3711.92
S007503,2024-03-01,M035,SaaS,8,4,89345.72,68671.26,20674.46,6925.87
S007504,2024-04-01,M035,SaaS,6,4,75648.16,57771.88,17876.28,2299.43
S007505,2024-05-01,M035,SaaS,7,4,80669.75,57749.75,22920.0,3473.05
S007506,2024-06-01,M035,SaaS,7,4,75648.49,56918.52,18729.97,5925.25
S007507,2024-07-01,M035,SaaS,7,4,91490.04,67403.93,24086.11,4549.19
S007508,2024-08-01,M035,SaaS,7,5,95717.44,69555.22,26162.22,3183.9
S007509,2024-09-01,M035,SaaS,8,5,103401.41,74688.67,28712.74,3526.87
S007510,2024-10-01,M035,SaaS,8,4,98161.79,71291.26,26870.53,8203.79
S007511,2024-11-01,M035,SaaS,7,5,90771.02,64602.82,26168.2,3420.63
S007512,2024-12-01,M035,SaaS,7,4,94424.04,68613.63,25810.41,4331.52
S007513,2025-01-01,M035,SaaS,7,3,90487.09,65897.16,24589.93,3978.41
S007514,2025-02-01,M035,SaaS,8,5,110313.0,79332.31,30980.69,9613.54
S007515,2025-03-01,M035,SaaS,9,5,120687.39,90450.35,30237.04,10076.02
S007516,2025-04-01,M035,SaaS,8,5,95013.46,72391.06,22622.4,6448.68
S007517,2025-05-01,M035,SaaS,8,5,109626.24,81936.04,27690.2,5226.62
S007518,2025-06-01,M035,SaaS,8,4,91460.53,68238.54,23221.99,4734.75
S007519,2025-07-01,M035,SaaS,7,5,77690.44,59717.04,17973.4,5822.22
S007520,2025-08-01,M035,SaaS,7,4,77386.41,56510.43,20875.98,2100.15
S007521,2025-09-01,M035,SaaS,9,5,114901.28,82044.51,32856.77,2534.34
S007522,2025-10-01,M035,SaaS,8,5,104758.64,74762.16,29996.48,8463.65
S007523,2025-11-01,M035,SaaS,9,6,122976.32,93577.25,29399.07,9453.85
S007524,2025-12-01,M035,SaaS,10,7,113115.92,81371.75,31744.17,8036.88
S007525,2023-01-01,M035,IT Services,6,4,99785.18,75649.25,24135.93,5653.89
S007526,2023-02-01,M035,IT Services,5,3,88106.6,62956.93,25149.67,6499.58
S007527,2023-03-01,M035,IT Services,7,4,106601.59,81108.67,25492.92,2914.26
S007528,2023-04-01,M035,IT Services,6,4,109798.68,81768.33,28030.35,5574.75
S007529,2023-05-01,M035,IT Services,6,4,90466.94,65544.34,24922.6,8062.47
S007530,2023-06-01,M035,IT Services,6,4,99693.43,71722.8,27970.63,6526.45
S007531,2023-07-01,M035,IT Services,6,4,105833.0,76575.3,29257.7,2617.51
S007532,2023-08-01,M035,IT Services,5,3,90508.16,68926.22,21581.94,3720.95
S007533,2023-09-01,M035,IT Services,6,4,105281.73,79934.62,25347.11,6087.59
S007534,2023-10-01,M035,IT Services,6,4,110030.56,81121.16,28909.4,7903.5
S007535,2023-11-01,M035,IT Services,6,3,91759.97,66391.27,25368.7,2228.3
S007536,2023-12-01,M035,IT Services,6,3,90457.21,68886.68,21570.53,3792.07
S007537,2024-01-01,M035,IT Services,5,3,89646.64,63820.82,25825.82,3806.5
S007538,2024-02-01,M035,IT Services,6,3,102000.28,75629.37,26370.91,2969.41
S007539,2024-03-01,M035,IT Services,6,3,103765.03,77930.46,25834.57,7734.0
S007540,2024-04-01,M035,IT Services,6,4,90700.78,68035.98,22664.8,3289.17
S007541,2024-05-01,M035,IT Services,8,4,144975.36,109420.09,35555.27,8328.25
S007542,2024-06-01,M035,IT Services,7,4,116293.34,83842.64,32450.7,5098.62
S007543,2024-07-01,M035,IT Services,7,4,113805.91,87690.44,26115.47,5671.15
S007544,2024-08-01,M035,IT Services,6,3,106795.98,82001.46,24794.52,3753.4
S007545,2024-09-01,M035,IT Services,6,4,95551.81,70322.84,25228.97,7875.3
S007546,2024-10-01,M035,IT Services,7,5,120346.93,87105.89,33241.04,10034.47
S007547,2024-11-01,M035,IT Services,7,4,128433.66,96854.14,31579.52,8834.61
S007548,2024-12-01,M035,IT Services,9,7,150850.18,110304.3,40545.88,5342.4
S007549,2025-01-01,M035,IT Services,7,4,121139.12,92242.77,28896.35,4590.49
S007550,2025-02-01,M035,IT Services,6,4,101346.46,77971.08,23375.38,2086.67
S007551,2025-03-01,M035,IT Services,9,6,152316.88,110227.53,42089.35,7462.28
S007552,2025-04-01,M035,IT Services,8,5,143331.81,109615.78,33716.03,5744.12
S007553,2025-05-01,M035,IT Services,9,6,131223.02,94432.39,36790.63,3510.88
S007554,2025-06-01,M035,IT Services,7,4,128065.68,93348.88,34716.8,5237.73
S007555,2025-07-01,M035,IT Services,8,6,123002.7,90113.15,32889.55,9256.42
S007556,2025-08-01,M035,IT Services,7,5,127260.7,96854.13,30406.57,7672.21
S007557,2025-09-01,M035,IT Services,8,5,143715.43,105497.96,38217.47,12081.23
S007558,2025-10-01,M035,IT Services,9,6,134257.88,102018.09,32239.79,11957.39
S007559,2025-11-01,M035,IT Services,10,7,145368.24,106371.03,38997.21,8491.15
S007560,2025-12-01,M035,IT Services,9,6,160095.82,116842.19,43253.63,14131.86
S007561,2023-01-01,M036,Software,6,4,112546.0,84523.37,28022.63,8471.77
S007562,2023-02-01,M036,Software,6,4,118819.77,90522.3,28297.47,4564.31
S007563,2023-03-01,M036,Software,6,3,116209.18,88985.3,27223.88,8377.31
S007564,2023-04-01,M036,Software,6,4,119458.04,87519.23,31938.81,4851.15
S007565,2023-05-01,M036,Software,5,3,86856.75,66132.11,20724.64,5603.04
S007566,2023-06-01,M036,Software,7,5,142418.35,108408.06,34010.29,9487.72
S007567,2023-07-01,M036,Software,6,4,104776.42,77496.68,27279.74,3373.83
S007568,2023-08-01,M036,Software,5,3,92214.33,66833.03,25381.3,6597.25
S007569,2023-09-01,M036,Software,6,3,123686.13,87828.69,35857.44,10129.71
S007570,2023-10-01,M036,Software,7,3,140903.5,102401.18,38502.32,9023.5
S007571,2023-11-01,M036,Software,6,4,97715.83,69390.91,28324.92,3697.47
S007572,2023-12-01,M036,Software,7,5,124719.54,91911.92,32807.62,2542.91
S007573,2024-01-01,M036,Software,5,2,87610.46,61953.73,25656.73,6126.14
S007574,2024-02-01,M036,Software,6,3,114028.29,83115.52,30912.77,8601.77
S007575,2024-03-01,M036,Software,6,4,119062.67,86541.94,32520.73,5392.31
S007576,2024-04-01,M036,Software,5,3,93410.93,69320.32,24090.61,7489.45
S007577,2024-05-01,M036,Software,6,3,109174.04,77451.46,31722.58,9567.28
S007578,2024-06-01,M036,Software,7,5,132376.8,99297.0,33079.8,3473.88
S007579,2024-07-01,M036,Software,7,4,141512.22,106609.25,34902.97,6634.66
S007580,2024-08-01,M036,Software,6,4,98816.71,73747.13,25069.58,4522.79
S007581,2024-09-01,M036,Software,6,3,103687.14,75286.39,28400.75,2230.04
S007582,2024-10-01,M036,Software,8,6,132142.97,97209.07,34933.9,3301.05
S007583,2024-11-01,M036,Software,7,4,143306.27,105308.84,37997.43,10552.62
S007584,2024-12-01,M036,Software,8,5,136392.87,102570.07,33822.8,10506.25
S007585,2025-01-01,M036,Software,7,5,141520.48,106481.93,35038.55,4378.88
S007586,2025-02-01,M036,Software,7,4,126063.02,89413.3,36649.72,5717.65
S007587,2025-03-01,M036,Software,9,5,166450.78,126675.34,39775.44,6568.89
S007588,2025-04-01,M036,Software,7,4,137374.02,102263.69,35110.33,8583.92
S007589,2025-05-01,M036,Software,8,4,140699.19,107253.37,33445.82,8154.5
S007590,2025-06-01,M036,Software,7,5,115520.28,82144.29,33375.99,8771.7
S007591,2025-07-01,M036,Software,7,4,117400.35,89494.71,27905.64,7959.68
S007592,2025-08-01,M036,Software,7,4,135840.01,102534.93,33305.08,4210.81
S007593,2025-09-01,M036,Software,8,5,141286.13,104591.53,36694.6,9922.66
S007594,2025-10-01,M036,Software,8,6,164570.73,125134.54,39436.19,9918.32
S007595,2025-11-01,M036,Software,8,6,150279.57,108858.34,41421.23,6579.69
S007596,2025-12-01,M036,Software,9,6,182130.14,131111.42,51018.72,16015.44
S007597,2023-01-01,M036,Business Services,6,3,58609.59,44181.85,14427.74,3200.27
S007598,2023-02-01,M036,Business Services,5,3,48959.37,35960.91,12998.46,3261.95
S007599,2023-03-01,M036,Business Services,6,4,59437.88,44995.78,14442.1,3144.35
S007600,2023-04-01,M036,Business Services,5,3,44118.33,31864.51,12253.82,1339.48
S007601,2023-05-01,M036,Business Services,5,2,46552.72,33199.41,13353.31,1344.25
S007602,2023-06-01,M036,Business Services,6,3,54560.79,41149.96,13410.83,2743.16
S007603,2023-07-01,M036,Business Services,6,3,49374.52,36657.47,12717.05,3020.88
S007604,2023-08-01,M036,Business Services,6,4,50809.7,38418.04,12391.66,1464.97
S007605,2023-09-01,M036,Business Services,6,4,51443.03,37692.28,13750.75,4142.55
S007606,2023-10-01,M036,Business Services,7,5,56944.05,42902.39,14041.66,2814.87
S007607,2023-11-01,M036,Business Services,7,4,58539.22,43523.97,15015.25,4636.31
S007608,2023-12-01,M036,Business Services,7,5,69244.93,51921.31,17323.62,4545.81
S007609,2024-01-01,M036,Business Services,7,4,57430.93,41578.88,15852.05,2264.1
S007610,2024-02-01,M036,Business Services,6,4,60975.48,46674.38,14301.1,2379.17
S007611,2024-03-01,M036,Business Services,7,4,70047.33,53409.58,16637.75,1672.62
S007612,2024-04-01,M036,Business Services,7,5,68510.42,51220.63,17289.79,3096.55
S007613,2024-05-01,M036,Business Services,7,4,61144.24,45503.17,15641.07,4579.5
S007614,2024-06-01,M036,Business Services,7,5,61751.16,46593.38,15157.78,1806.41
S007615,2024-07-01,M036,Business Services,6,4,55223.25,42123.56,13099.69,2137.04
S007616,2024-08-01,M036,Business Services,7,4,62001.96,45014.03,16987.93,4144.04
S007617,2024-09-01,M036,Business Services,7,5,71497.55,53350.52,18147.03,2483.58
S007618,2024-10-01,M036,Business Services,8,5,82288.07,58094.84,24193.23,6856.88
S007619,2024-11-01,M036,Business Services,7,5,70851.33,54053.96,16797.37,5287.23
S007620,2024-12-01,M036,Business Services,8,4,81513.65,59831.75,21681.9,4642.86
S007621,2025-01-01,M036,Business Services,8,5,73346.45,54284.23,19062.22,4918.44
S007622,2025-02-01,M036,Business Services,8,5,81841.62,60490.73,21350.89,7314.06
S007623,2025-03-01,M036,Business Services,9,6,87791.47,65361.35,22430.12,4376.1
S007624,2025-04-01,M036,Business Services,7,4,71270.72,53770.72,17500.0,4120.98
S007625,2025-05-01,M036,Business Services,8,4,73164.31,54630.37,18533.94,3031.65
S007626,2025-06-01,M036,Business Services,8,5,78664.93,60064.21,18600.72,6000.43
S007627,2025-07-01,M036,Business Services,7,5,57427.39,43841.81,13585.58,3573.19
S007628,2025-08-01,M036,Business Services,7,4,62289.47,45751.11,16538.36,5042.14
S007629,2025-09-01,M036,Business Services,8,5,67312.2,49491.86,17820.34,3325.58
S007630,2025-10-01,M036,Business Services,8,6,75355.54,54947.41,20408.13,6491.06
S007631,2025-11-01,M036,Business Services,8,5,80181.54,59895.26,20286.28,6109.61
S007632,2025-12-01,M036,Business Services,8,4,65449.35,47718.59,17730.76,1647.82
S007633,2023-01-01,M036,Consulting,5,2,132027.57,94309.33,37718.24,3134.72
S007634,2023-02-01,M036,Consulting,6,3,137374.21,98737.1,38637.11,10920.94
S007635,2023-03-01,M036,Consulting,6,4,135689.35,97467.02,38222.33,10034.92
S007636,2023-04-01,M036,Consulting,5,2,143350.81,106115.88,37234.93,10052.85
S007637,2023-05-01,M036,Consulting,6,3,145552.75,107553.59,37999.16,3830.96
S007638,2023-06-01,M036,Consulting,6,4,148217.18,110043.54,38173.64,4186.78
S007639,2023-07-01,M036,Consulting,6,3,166764.38,121910.06,44854.32,6403.58
S007640,2023-08-01,M036,Consulting,5,3,129449.99,95663.27,33786.72,11591.57
S007641,2023-09-01,M036,Consulting,7,4,197524.37,146406.53,51117.84,5276.31
S007642,2023-10-01,M036,Consulting,6,3,165364.52,124913.71,40450.81,9822.95
S007643,2023-11-01,M036,Consulting,7,5,200934.06,149085.89,51848.17,9430.64
S007644,2023-12-01,M036,Consulting,7,4,182860.32,130754.45,52105.87,11004.0
S007645,2024-01-01,M036,Consulting,7,5,181896.07,130650.22,51245.85,9770.91
S007646,2024-02-01,M036,Consulting,7,5,196224.85,141874.4,54350.45,6108.72
S007647,2024-03-01,M036,Consulting,7,4,178239.46,130927.66,47311.8,7388.81
S007648,2024-04-01,M036,Consulting,7,5,159849.85,115158.78,44691.07,12330.91
S007649,2024-05-01,M036,Consulting,7,5,178276.79,127289.36,50987.43,13460.31
S007650,2024-06-01,M036,Consulting,8,5,220701.06,161081.29,59619.77,9940.93
S007651,2024-07-01,M036,Consulting,8,5,189893.39,138863.55,51029.84,12004.54
S007652,2024-08-01,M036,Consulting,6,4,159548.76,115531.48,44017.28,11835.61
S007653,2024-09-01,M036,Consulting,7,5,163781.76,124973.7,38808.06,11515.29
S007654,2024-10-01,M036,Consulting,8,5,224252.65,168150.94,56101.71,18294.1
S007655,2024-11-01,M036,Consulting,8,6,223030.73,158475.71,64555.02,7137.58
S007656,2024-12-01,M036,Consulting,8,5,188287.08,138401.47,49885.61,7154.49
S007657,2025-01-01,M036,Consulting,8,5,210828.83,149460.89,61367.94,4482.4
S007658,2025-02-01,M036,Consulting,7,5,191814.02,142250.91,49563.11,15466.73
S007659,2025-03-01,M036,Consulting,9,5,212773.56,159742.06,53031.5,5749.83
S007660,2025-04-01,M036,Consulting,7,4,186625.27,132282.18,54343.09,3970.91
S007661,2025-05-01,M036,Consulting,6,3,168593.13,123648.15,44944.98,4578.98
S007662,2025-06-01,M036,Consulting,6,4,165167.77,119046.51,46121.26,11263.34
S007663,2025-07-01,M036,Consulting,7,5,165376.42,120338.6,45037.82,9432.68
S007664,2025-08-01,M036,Consulting,7,4,167213.27,121606.9,45606.37,3694.99
S007665,2025-09-01,M036,Consulting,8,5,225131.98,167836.64,57295.34,4980.94
S007666,2025-10-01,M036,Consulting,7,4,170718.75,124546.16,46172.59,13492.6
S007667,2025-11-01,M036,Consulting,10,5,238681.19,169285.16,69396.03,5547.55
S007668,2025-12-01,M036,Consulting,9,5,239854.57,175926.23,63928.34,14320.73
S007669,2023-01-01,M036,Digital Solutions,6,3,95583.07,72061.47,23521.6,8595.29
S007670,2023-02-01,M036,Digital Solutions,5,3,75348.76,56346.7,19002.06,6769.16
S007671,2023-03-01,M036,Digital Solutions,7,4,93420.33,70609.8,22810.53,5014.35
S007672,2023-04-01,M036,Digital Solutions,6,3,93270.65,70725.74,22544.91,2503.33
S007673,2023-05-01,M036,Digital Solutions,6,3,79207.9,56648.63,22559.27,6169.98
S007674,2023-06-01,M036,Digital Solutions,7,4,92072.55,69763.8,22308.75,7959.74
S007675,2023-07-01,M036,Digital Solutions,6,3,96239.34,70327.45,25911.89,3330.86
S007676,2023-08-01,M036,Digital Solutions,6,3,90141.69,65927.95,24213.74,4344.85
S007677,2023-09-01,M036,Digital Solutions,5,3,77965.52,59593.02,18372.5,3037.47
S007678,2023-10-01,M036,Digital Solutions,6,4,93125.33,70358.07,22767.26,2406.57
S007679,2023-11-01,M036,Digital Solutions,7,5,88957.99,66982.75,21975.24,7737.55
S007680,2023-12-01,M036,Digital Solutions,6,3,82232.45,59235.77,22996.68,2047.89
S007681,2024-01-01,M036,Digital Solutions,5,3,73696.82,56044.86,17651.96,6437.14
S007682,2024-02-01,M036,Digital Solutions,7,4,108547.95,77597.25,30950.7,5257.67
S007683,2024-03-01,M036,Digital Solutions,8,5,120477.92,87014.19,33463.73,10226.86
S007684,2024-04-01,M036,Digital Solutions,7,5,103070.31,75326.71,27743.6,8174.94
S007685,2024-05-01,M036,Digital Solutions,6,4,94309.98,68691.75,25618.23,3977.78
S007686,2024-06-01,M036,Digital Solutions,6,4,79151.96,57335.85,21816.11,6375.21
S007687,2024-07-01,M036,Digital Solutions,7,4,109679.82,81774.59,27905.23,7508.4
S007688,2024-08-01,M036,Digital Solutions,7,4,106058.26,77986.93,28071.33,8451.93
S007689,2024-09-01,M036,Digital Solutions,8,5,105262.09,79202.41,26059.68,2911.12
S007690,2024-10-01,M036,Digital Solutions,7,4,108469.76,77190.14,31279.62,2590.93
S007691,2024-11-01,M036,Digital Solutions,9,4,115782.62,85187.41,30595.21,8683.38
S007692,2024-12-01,M036,Digital Solutions,7,5,89229.95,63890.81,25339.14,4857.08
S007693,2025-01-01,M036,Digital Solutions,7,5,96189.43,68159.67,28029.76,3747.37
S007694,2025-02-01,M036,Digital Solutions,7,5,110400.35,79768.62,30631.73,3269.83
S007695,2025-03-01,M036,Digital Solutions,9,5,117965.94,86122.72,31843.22,8890.88
S007696,2025-04-01,M036,Digital Solutions,6,4,90299.53,68328.11,21971.42,2215.57
S007697,2025-05-01,M036,Digital Solutions,8,4,119534.29,89085.99,30448.3,10586.13
S007698,2025-06-01,M036,Digital Solutions,8,5,107857.86,80121.72,27736.14,9661.54
S007699,2025-07-01,M036,Digital Solutions,6,3,76918.14,57637.62,19280.52,5120.43
S007700,2025-08-01,M036,Digital Solutions,7,4,110409.36,77963.88,32445.48,9750.2
S007701,2025-09-01,M036,Digital Solutions,8,4,119094.67,84372.08,34722.59,6840.94
S007702,2025-10-01,M036,Digital Solutions,9,5,124738.34,91575.96,33162.38,8359.78
S007703,2025-11-01,M036,Digital Solutions,8,5,122830.69,89578.71,33251.98,8795.16
S007704,2025-12-01,M036,Digital Solutions,9,5,117227.22,85967.34,31259.88,3030.07
S007705,2023-01-01,M036,SaaS,6,3,66245.9,50062.21,16183.69,3444.84
S007706,2023-02-01,M036,SaaS,6,3,78166.59,59299.88,18866.71,1593.12
S007707,2023-03-01,M036,SaaS,6,4,69307.58,51025.23,18282.35,6111.15
S007708,2023-04-01,M036,SaaS,5,3,61942.11,45309.02,16633.09,3333.94
S007709,2023-05-01,M036,SaaS,6,3,73585.87,54974.79,18611.08,4583.51
S007710,2023-06-01,M036,SaaS,5,3,62298.51,44839.56,17458.95,3802.3
S007711,2023-07-01,M036,SaaS,5,3,68260.2,50602.12,17658.08,2086.93
S007712,2023-08-01,M036,SaaS,6,3,67980.7,49463.62,18517.08,3668.88
S007713,2023-09-01,M036,SaaS,5,3,66431.29,50520.7,15910.59,2632.48
S007714,2023-10-01,M036,SaaS,7,5,89835.28,63956.92,25878.36,6116.72
S007715,2023-11-01,M036,SaaS,6,4,79351.36,59853.78,19497.58,5409.0
S007716,2023-12-01,M036,SaaS,7,5,88008.85,66591.19,21417.66,7852.8
S007717,2024-01-01,M036,SaaS,6,3,76881.11,55024.6,21856.51,5602.63
S007718,2024-02-01,M036,SaaS,7,3,80139.75,57024.42,23115.33,1684.46
S007719,2024-03-01,M036,SaaS,7,3,83111.2,62767.92,20343.28,1886.12
S007720,2024-04-01,M036,SaaS,6,3,76480.78,57273.47,19207.31,5465.75
S007721,2024-05-01,M036,SaaS,6,3,65920.84,50092.7,15828.14,5596.38
S007722,2024-06-01,M036,SaaS,7,5,88677.71,64280.91,24396.8,4203.3
S007723,2024-07-01,M036,SaaS,7,5,84747.45,61916.57,22830.88,7523.83
S007724,2024-08-01,M036,SaaS,6,4,71049.96,53811.76,17238.2,6014.98
S007725,2024-09-01,M036,SaaS,7,4,96324.38,68752.99,27571.39,4352.14
S007726,2024-10-01,M036,SaaS,9,5,110380.77,84040.36,26340.41,8461.45
S007727,2024-11-01,M036,SaaS,8,4,107354.2,78086.78,29267.42,8197.04
S007728,2024-12-01,M036,SaaS,9,7,107654.68,77715.26,29939.42,6769.03
S007729,2025-01-01,M036,SaaS,7,5,92806.99,70082.4,22724.59,7742.03
S007730,2025-02-01,M036,SaaS,8,5,88725.62,67095.08,21630.54,7455.94
S007731,2025-03-01,M036,SaaS,8,4,89214.32,63266.84,25947.48,2102.12
S007732,2025-04-01,M036,SaaS,6,3,74518.43,54898.95,19619.48,6666.5
S007733,2025-05-01,M036,SaaS,8,4,103476.09,78055.91,25420.18,6151.61
S007734,2025-06-01,M036,SaaS,8,5,93039.68,66013.39,27026.29,6429.92
S007735,2025-07-01,M036,SaaS,7,4,84295.86,63081.56,21214.3,5280.75
S007736,2025-08-01,M036,SaaS,8,5,107702.02,78496.33,29205.69,6415.41
S007737,2025-09-01,M036,SaaS,8,4,95351.11,71857.37,23493.74,3806.79
S007738,2025-10-01,M036,SaaS,8,5,87622.53,66209.38,21413.15,3683.8
S007739,2025-11-01,M036,SaaS,9,5,104295.73,73704.27,30591.46,5652.84
S007740,2025-12-01,M036,SaaS,9,5,120116.58,87844.52,32272.06,5499.3
S007741,2023-01-01,M036,IT Services,5,3,72955.3,55523.94,17431.36,5519.45
S007742,2023-02-01,M036,IT Services,7,4,118249.15,90041.6,28207.55,5078.1
S007743,2023-03-01,M036,IT Services,7,4,106673.03,78759.57,27913.46,7918.97
S007744,2023-04-01,M036,IT Services,7,4,109408.79,79733.68,29675.11,6098.06
S007745,2023-05-01,M036,IT Services,7,5,113243.54,82267.86,30975.68,4038.12
S007746,2023-06-01,M036,IT Services,6,4,109489.35,79647.34,29842.01,4639.3
S007747,2023-07-01,M036,IT Services,7,3,106078.85,75869.72,30209.13,5597.57
S007748,2023-08-01,M036,IT Services,6,3,98643.47,73602.75,25040.72,8741.85
S007749,2023-09-01,M036,IT Services,7,5,104218.37,79706.54,24511.83,6624.68
S007750,2023-10-01,M036,IT Services,8,6,135523.3,96366.23,39157.07,2943.01
S007751,2023-11-01,M036,IT Services,8,6,118458.51,83764.85,34693.66,8282.97
S007752,2023-12-01,M036,IT Services,9,6,152350.21,107910.09,44440.12,5978.13
S007753,2024-01-01,M036,IT Services,8,4,128890.26,95639.47,33250.79,10137.23
S007754,2024-02-01,M036,IT Services,7,5,114039.01,85279.45,28759.56,3441.46
S007755,2024-03-01,M036,IT Services,9,6,161758.42,119836.29,41922.13,8308.74
S007756,2024-04-01,M036,IT Services,8,6,121698.07,90037.23,31660.84,3719.06
S007757,2024-05-01,M036,IT Services,7,5,117676.45,85707.1,31969.35,2775.56
S007758,2024-06-01,M036,IT Services,8,5,116651.74,82899.4,33752.34,4796.35
S007759,2024-07-01,M036,IT Services,9,5,146778.54,108966.13,37812.41,5987.89
S007760,2024-08-01,M036,IT Services,7,4,115785.66,87377.2,28408.46,6915.24
S007761,2024-09-01,M036,IT Services,9,5,139937.93,100360.91,39577.02,5712.77
S007762,2024-10-01,M036,IT Services,10,6,171733.67,122075.55,49658.12,7116.02
S007763,2024-11-01,M036,IT Services,9,5,164485.85,125716.05,38769.8,6513.05
S007764,2024-12-01,M036,IT Services,10,6,148693.63,105231.03,43462.6,8626.23
S007765,2025-01-01,M036,IT Services,8,4,124593.48,93180.28,31413.2,9379.91
S007766,2025-02-01,M036,IT Services,10,5,161909.85,119624.74,42285.11,8666.16
S007767,2025-03-01,M036,IT Services,9,5,164726.31,123771.94,40954.37,4778.87
S007768,2025-04-01,M036,IT Services,7,4,123891.36,89231.58,34659.78,4403.26
S007769,2025-05-01,M036,IT Services,9,6,138215.41,103037.5,35177.91,6504.55
S007770,2025-06-01,M036,IT Services,9,5,151580.96,113476.91,38104.05,4660.99
S007771,2025-07-01,M036,IT Services,7,3,122589.94,88327.22,34262.72,9617.54
S007772,2025-08-01,M036,IT Services,10,7,161149.66,116671.19,44478.47,3675.39
S007773,2025-09-01,M036,IT Services,9,5,131141.68,93820.27,37321.41,5509.72
S007774,2025-10-01,M036,IT Services,11,7,200304.0,143808.7,56495.3,11065.31
S007775,2025-11-01,M036,IT Services,10,7,163421.25,120538.69,42882.56,12913.46
S007776,2025-12-01,M036,IT Services,11,8,164878.29,118249.79,46628.5,13159.12
S007777,2023-01-01,M037,Software,5,3,103346.34,76798.78,26547.56,4198.17
S007778,2023-02-01,M037,Software,6,4,109801.24,78678.8,31122.44,7517.84
S007779,2023-03-01,M037,Software,6,3,112412.97,84333.75,28079.22,9143.49
S007780,2023-04-01,M037,Software,6,4,119866.38,88080.92,31785.46,6822.57
S007781,2023-05-01,M037,Software,7,4,133840.86,95653.56,38187.3,6645.64
S007782,2023-06-01,M037,Software,7,4,113833.81,86183.81,27650.0,9438.03
S007783,2023-07-01,M037,Software,7,4,142004.3,101447.55,40556.75,11854.73
S007784,2023-08-01,M037,Software,6,3,116826.63,84162.59,32664.04,3741.97
S007785,2023-09-01,M037,Software,6,3,110796.67,78886.59,31910.08,6450.05
S007786,2023-10-01,M037,Software,6,3,100822.44,75463.35,25359.09,2728.3
S007787,2023-11-01,M037,Software,7,5,144692.22,106663.05,38029.17,5091.15
S007788,2023-12-01,M037,Software,6,3,102927.45,76590.98,26336.47,2090.14
S007789,2024-01-01,M037,Software,7,5,141278.48,102583.54,38694.94,11808.48
S007790,2024-02-01,M037,Software,8,5,131202.94,99687.41,31515.53,11307.72
S007791,2024-03-01,M037,Software,8,5,136526.31,100427.2,36099.11,10336.97
S007792,2024-04-01,M037,Software,7,5,127822.89,96477.36,31345.53,3768.84
S007793,2024-05-01,M037,Software,6,3,99096.59,76339.01,22757.58,6752.64
S007794,2024-06-01,M037,Software,7,4,136304.59,99292.26,37012.33,5781.0
S007795,2024-07-01,M037,Software,7,5,128410.85,96516.82,31894.03,4568.85
S007796,2024-08-01,M037,Software,6,4,112206.12,85401.41,26804.71,3906.49
S007797,2024-09-01,M037,Software,7,5,133636.08,97643.3,35992.78,11297.28
S007798,2024-10-01,M037,Software,7,4,126575.45,96603.82,29971.63,7190.99
S007799,2024-11-01,M037,Software,8,4,161832.03,118237.4,43594.63,14051.51
S007800,2024-12-01,M037,Software,8,6,133143.51,99658.5,33485.01,6760.04
S007801,2025-01-01,M037,Software,8,4,135615.19,104264.71,31350.48,10693.42
S007802,2025-02-01,M037,Software,8,5,134550.91,99490.77,35060.14,8363.71
S007803,2025-03-01,M037,Software,10,6,170837.7,122537.21,48300.49,15088.77
S007804,2025-04-01,M037,Software,7,4,138826.81,101581.16,37245.65,11172.99
S007805,2025-05-01,M037,Software,8,5,130752.94,95336.48,35416.46,2743.51
S007806,2025-06-01,M037,Software,9,6,174756.8,128386.55,46370.25,14466.64
S007807,2025-07-01,M037,Software,9,5,163985.34,120525.44,43459.9,7712.83
S007808,2025-08-01,M037,Software,7,4,128702.04,96569.29,32132.75,10164.24
S007809,2025-09-01,M037,Software,8,4,162106.52,121651.11,40455.41,6654.29
S007810,2025-10-01,M037,Software,8,5,144788.79,106834.58,37954.21,9079.6
S007811,2025-11-01,M037,Software,9,5,164560.57,118272.36,46288.21,11569.13
S007812,2025-12-01,M037,Software,9,5,163354.92,116310.05,47044.87,6862.6
S007813,2023-01-01,M037,Business Services,5,3,45430.8,34802.23,10628.57,1650.81
S007814,2023-02-01,M037,Business Services,5,3,42959.6,31136.94,11822.66,1265.04
S007815,2023-03-01,M037,Business Services,6,4,58733.43,43585.15,15148.28,1741.32
S007816,2023-04-01,M037,Business Services,5,3,45261.06,33523.04,11738.02,2239.91
S007817,2023-05-01,M037,Business Services,6,4,61869.91,44188.96,17680.95,2798.26
S007818,2023-06-01,M037,Business Services,6,3,56087.66,41738.96,14348.7,2347.32
S007819,2023-07-01,M037,Business Services,6,4,58131.45,44211.64,13919.81,3521.23
S007820,2023-08-01,M037,Business Services,6,4,57063.1,40562.96,16500.14,2734.19
S007821,2023-09-01,M037,Business Services,5,2,49746.63,36581.46,13165.17,1988.66
S007822,2023-10-01,M037,Business Services,6,4,56503.86,41622.8,14881.06,2256.31
S007823,2023-11-01,M037,Business Services,7,4,70200.05,49910.92,20289.13,4339.09
S007824,2023-12-01,M037,Business Services,7,4,67189.61,51264.35,15925.26,2796.66
S007825,2024-01-01,M037,Business Services,7,5,60615.74,43272.41,17343.33,3225.97
S007826,2024-02-01,M037,Business Services,7,4,63002.17,47243.53,15758.64,5093.28
S007827,2024-03-01,M037,Business Services,8,6,76514.69,55088.76,21425.93,5934.33
S007828,2024-04-01,M037,Business Services,8,5,79584.2,57175.84,22408.36,5297.52
S007829,2024-05-01,M037,Business Services,7,4,70763.46,53199.34,17564.12,5499.53
S007830,2024-06-01,M037,Business Services,6,4,51276.98,36772.8,14504.18,4585.69
S007831,2024-07-01,M037,Business Services,7,5,62997.85,48117.62,14880.23,1462.14
S007832,2024-08-01,M037,Business Services,7,4,67390.4,49521.23,17869.17,5629.62
S007833,2024-09-01,M037,Business Services,8,6,66477.72,49907.27,16570.45,2506.07
S007834,2024-10-01,M037,Business Services,8,5,81908.51,60205.11,21703.4,2648.11
S007835,2024-11-01,M037,Business Services,9,7,91290.15,66279.76,25010.39,3807.51
S007836,2024-12-01,M037,Business Services,8,5,76886.49,56196.79,20689.7,6476.38
S007837,2025-01-01,M037,Business Services,8,6,65895.7,48090.21,17805.49,2205.69
S007838,2025-02-01,M037,Business Services,8,5,80095.91,57298.36,22797.55,7186.03
S007839,2025-03-01,M037,Business Services,7,4,67742.63,51703.41,16039.22,2266.48
S007840,2025-04-01,M037,Business Services,9,6,84026.04,63344.77,20681.27,3700.11
S007841,2025-05-01,M037,Business Services,8,6,73683.79,53758.64,19925.15,6280.77
S007842,2025-06-01,M037,Business Services,7,4,57798.6,42265.57,15533.03,2463.4
S007843,2025-07-01,M037,Business Services,9,7,87839.54,66848.66,20990.88,2769.43
S007844,2025-08-01,M037,Business Services,7,5,58258.78,44627.27,13631.51,2281.68
S007845,2025-09-01,M037,Business Services,8,6,69229.76,53208.05,16021.71,2033.48
S007846,2025-10-01,M037,Business Services,10,6,87283.14,65392.71,21890.43,3500.81
S007847,2025-11-01,M037,Business Services,8,5,67418.64,50748.26,16670.38,2976.77
S007848,2025-12-01,M037,Business Services,9,5,91508.39,67765.0,23743.39,5952.5
S007849,2023-01-01,M037,Consulting,6,3,167128.81,123499.31,43629.5,8658.83
S007850,2023-02-01,M037,Consulting,5,3,124792.01,90728.39,34063.62,7914.92
S007851,2023-03-01,M037,Consulting,5,3,135585.83,100495.68,35090.15,8989.98
S007852,2023-04-01,M037,Consulting,5,3,112817.89,83219.09,29598.8,9347.22
S007853,2023-05-01,M037,Consulting,6,3,136207.18,101465.95,34741.23,8054.28
S007854,2023-06-01,M037,Consulting,5,2,128370.69,95679.35,32691.34,4792.61
S007855,2023-07-01,M037,Consulting,6,3,139541.32,103367.43,36173.89,6929.2
S007856,2023-08-01,M037,Consulting,6,4,152618.77,115545.99,37072.78,13388.6
S007857,2023-09-01,M037,Consulting,7,4,180062.67,128724.34,51338.33,7916.84
S007858,2023-10-01,M037,Consulting,6,4,156295.35,114455.03,41840.32,12410.37
S007859,2023-11-01,M037,Consulting,7,4,169071.84,130164.7,38907.14,13941.1
S007860,2023-12-01,M037,Consulting,7,4,163948.18,124081.72,39866.46,6570.63
S007861,2024-01-01,M037,Consulting,7,4,188856.58,139497.76,49358.82,4131.77
S007862,2024-02-01,M037,Consulting,7,4,186038.68,132992.9,53045.78,13276.16
S007863,2024-03-01,M037,Consulting,7,4,170295.1,124308.73,45986.37,8767.81
S007864,2024-04-01,M037,Consulting,7,4,169289.85,123610.17,45679.68,3629.32
S007865,2024-05-01,M037,Consulting,7,5,189360.27,135962.7,53397.57,10720.31
S007866,2024-06-01,M037,Consulting,6,3,137676.45,101083.01,36593.44,8896.25
S007867,2024-07-01,M037,Consulting,6,4,137952.32,100148.09,37804.23,10176.98
S007868,2024-08-01,M037,Consulting,8,5,190870.47,140950.97,49919.5,16798.73
S007869,2024-09-01,M037,Consulting,6,3,167090.02,123184.93,43905.09,10613.58
S007870,2024-10-01,M037,Consulting,9,6,238413.43,182757.86,55655.57,11190.67
S007871,2024-11-01,M037,Consulting,7,4,165344.61,120027.33,45317.28,10908.45
S007872,2024-12-01,M037,Consulting,9,7,209812.61,153306.43,56506.18,6442.21
S007873,2025-01-01,M037,Consulting,9,6,232046.77,168447.41,63599.36,12617.82
S007874,2025-02-01,M037,Consulting,8,5,219557.25,167184.68,52372.57,8104.56
S007875,2025-03-01,M037,Consulting,9,6,230323.05,168211.53,62111.52,15898.24
S007876,2025-04-01,M037,Consulting,8,5,211085.78,160583.12,50502.66,7105.47
S007877,2025-05-01,M037,Consulting,8,4,205958.94,150827.22,55131.72,7978.73
S007878,2025-06-01,M037,Consulting,9,6,233175.79,168836.03,64339.76,12937.97
S007879,2025-07-01,M037,Consulting,8,6,224514.76,161609.48,62905.28,7092.53
S007880,2025-08-01,M037,Consulting,9,6,203504.33,149731.28,53773.05,17146.41
S007881,2025-09-01,M037,Consulting,7,4,182756.42,131686.38,51070.04,15533.62
S007882,2025-10-01,M037,Consulting,9,6,249253.56,191983.54,57270.02,21695.51
S007883,2025-11-01,M037,Consulting,9,5,215093.31,165249.97,49843.34,5366.02
S007884,2025-12-01,M037,Consulting,10,6,273378.94,195431.49,77947.45,18196.09
S007885,2023-01-01,M037,Digital Solutions,6,3,83641.38,59754.6,23886.78,6543.2
S007886,2023-02-01,M037,Digital Solutions,6,4,83568.66,62545.03,21023.63,2504.96
S007887,2023-03-01,M037,Digital Solutions,7,5,107454.45,77463.03,29991.42,6123.19
S007888,2023-04-01,M037,Digital Solutions,5,3,72853.39,55650.39,17203.0,5647.44
S007889,2023-05-01,M037,Digital Solutions,6,4,94035.64,67139.95,26895.69,1913.62
S007890,2023-06-01,M037,Digital Solutions,5,2,68697.78,50930.07,17767.71,4508.58
S007891,2023-07-01,M037,Digital Solutions,7,5,92935.39,69464.0,23471.39,1876.9
S007892,2023-08-01,M037,Digital Solutions,7,5,108649.78,79703.8,28945.98,6721.7
S007893,2023-09-01,M037,Digital Solutions,5,3,74089.7,56679.5,17410.2,5027.47
S007894,2023-10-01,M037,Digital Solutions,7,5,100399.52,75413.23,24986.29,7584.3
S007895,2023-11-01,M037,Digital Solutions,7,4,110515.28,83016.81,27498.47,5890.58
S007896,2023-12-01,M037,Digital Solutions,6,3,94117.2,67803.08,26314.12,3596.25
S007897,2024-01-01,M037,Digital Solutions,7,4,91482.94,68610.36,22872.58,4675.98
S007898,2024-02-01,M037,Digital Solutions,6,3,77637.54,59180.53,18457.01,3181.98
S007899,2024-03-01,M037,Digital Solutions,8,4,122723.96,88054.75,34669.21,8523.63
S007900,2024-04-01,M037,Digital Solutions,6,3,95950.53,71490.95,24459.58,8448.85
S007901,2024-05-01,M037,Digital Solutions,7,4,103708.38,77858.85,25849.53,6087.73
S007902,2024-06-01,M037,Digital Solutions,6,4,95176.0,72364.29,22811.71,7012.96
S007903,2024-07-01,M037,Digital Solutions,7,5,108873.01,80307.78,28565.23,9215.22
S007904,2024-08-01,M037,Digital Solutions,7,4,96319.62,72184.18,24135.44,2322.79
S007905,2024-09-01,M037,Digital Solutions,8,6,105169.54,75293.02,29876.52,8787.09
S007906,2024-10-01,M037,Digital Solutions,9,7,116223.88,86293.35,29930.53,6009.38
S007907,2024-11-01,M037,Digital Solutions,9,6,131640.14,95706.77,35933.37,10268.85
S007908,2024-12-01,M037,Digital Solutions,8,5,126331.09,94464.63,31866.46,9654.4
S007909,2025-01-01,M037,Digital Solutions,8,5,123093.62,94624.25,28469.37,8665.11
S007910,2025-02-01,M037,Digital Solutions,6,3,81314.33,57789.13,23525.2,2088.34
S007911,2025-03-01,M037,Digital Solutions,10,6,139021.38,102572.21,36449.17,9537.84
S007912,2025-04-01,M037,Digital Solutions,8,5,118787.15,89896.37,28890.78,10093.14
S007913,2025-05-01,M037,Digital Solutions,8,5,106192.25,76347.56,29844.69,6902.7
S007914,2025-06-01,M037,Digital Solutions,8,5,122206.4,89315.0,32891.4,6150.09
S007915,2025-07-01,M037,Digital Solutions,8,4,121864.78,91909.51,29955.27,4495.74
S007916,2025-08-01,M037,Digital Solutions,7,5,110034.41,81004.42,29029.99,7612.83
S007917,2025-09-01,M037,Digital Solutions,7,5,103793.46,79135.13,24658.33,8163.36
S007918,2025-10-01,M037,Digital Solutions,10,7,137704.52,104873.82,32830.7,11404.03
S007919,2025-11-01,M037,Digital Solutions,8,6,101155.39,73118.19,28037.2,8220.28
S007920,2025-12-01,M037,Digital Solutions,9,6,113402.2,83922.67,29479.53,6460.86
S007921,2023-01-01,M037,SaaS,6,3,68443.07,52473.47,15969.6,5216.46
S007922,2023-02-01,M037,SaaS,5,3,54842.51,39338.16,15504.35,4330.15
S007923,2023-03-01,M037,SaaS,6,3,75670.21,54771.25,20898.96,6001.82
S007924,2023-04-01,M037,SaaS,6,3,65854.87,47264.36,18590.51,3438.18
S007925,2023-05-01,M037,SaaS,6,4,77058.92,56806.6,20252.32,3864.65
S007926,2023-06-01,M037,SaaS,5,3,68681.31,50504.42,18176.89,1528.82
S007927,2023-07-01,M037,SaaS,7,4,76622.5,56568.18,20054.32,4835.81
S007928,2023-08-01,M037,SaaS,7,5,78741.06,60029.76,18711.3,4392.89
S007929,2023-09-01,M037,SaaS,5,3,61351.32,45499.65,15851.67,4285.42
S007930,2023-10-01,M037,SaaS,7,4,86277.25,63921.49,22355.76,3271.42
S007931,2023-11-01,M037,SaaS,6,3,72058.82,53500.92,18557.9,3417.0
S007932,2023-12-01,M037,SaaS,7,5,84986.82,61684.98,23301.84,4687.49
S007933,2024-01-01,M037,SaaS,7,4,93926.89,72070.31,21856.58,5625.43
S007934,2024-02-01,M037,SaaS,6,4,69432.18,52731.13,16701.05,4258.18
S007935,2024-03-01,M037,SaaS,7,4,96479.44,73490.47,22988.97,7345.01
S007936,2024-04-01,M037,SaaS,6,3,67524.97,50648.59,16876.38,1660.75
S007937,2024-05-01,M037,SaaS,6,3,77973.74,59932.47,18041.27,3071.51
S007938,2024-06-01,M037,SaaS,7,5,79432.73,57845.02,21587.71,6216.29
S007939,2024-07-01,M037,SaaS,7,4,93026.99,70546.92,22480.07,7155.34
S007940,2024-08-01,M037,SaaS,7,4,84422.95,61642.53,22780.42,5044.52
S007941,2024-09-01,M037,SaaS,7,4,92615.07,67015.98,25599.09,2538.42
S007942,2024-10-01,M037,SaaS,9,5,103566.87,79705.43,23861.44,2693.31
S007943,2024-11-01,M037,SaaS,7,5,93023.25,66452.47,26570.78,2552.05
S007944,2024-12-01,M037,SaaS,9,6,107492.6,80126.37,27366.23,2326.17
S007945,2025-01-01,M037,SaaS,7,4,76611.34,56426.74,20184.6,3169.36
S007946,2025-02-01,M037,SaaS,8,4,94730.8,71893.53,22837.27,2325.05
S007947,2025-03-01,M037,SaaS,7,5,88540.77,67739.63,20801.14,4835.74
S007948,2025-04-01,M037,SaaS,8,4,107168.96,80179.36,26989.6,2688.35
S007949,2025-05-01,M037,SaaS,9,5,118519.37,88023.66,30495.71,2821.27
S007950,2025-06-01,M037,SaaS,8,6,96622.85,72591.72,24031.13,6264.49
S007951,2025-07-01,M037,SaaS,9,6,121298.55,92254.3,29044.25,5043.72
S007952,2025-08-01,M037,SaaS,7,5,84559.46,63753.68,20805.78,2259.53
S007953,2025-09-01,M037,SaaS,8,5,90050.7,67282.22,22768.48,2829.7
S007954,2025-10-01,M037,SaaS,8,6,97650.95,72654.96,24995.99,2156.71
S007955,2025-11-01,M037,SaaS,10,7,118339.18,85182.27,33156.91,10641.66
S007956,2025-12-01,M037,SaaS,8,5,97910.87,73756.39,24154.48,5997.88
S007957,2023-01-01,M037,IT Services,6,3,110363.16,78645.77,31717.39,2660.9
S007958,2023-02-01,M037,IT Services,5,2,87727.54,66891.44,20836.1,2321.75
S007959,2023-03-01,M037,IT Services,6,4,96844.89,73310.67,23534.22,6589.15
S007960,2023-04-01,M037,IT Services,6,4,97637.91,70927.9,26710.01,8511.97
S007961,2023-05-01,M037,IT Services,6,4,106627.4,81296.0,25331.4,9090.44
S007962,2023-06-01,M037,IT Services,5,3,83981.67,59868.34,24113.33,1738.55
S007963,2023-07-01,M037,IT Services,7,5,107307.35,77941.78,29365.57,6824.04
S007964,2023-08-01,M037,IT Services,5,2,90386.88,66866.37,23520.51,6615.0
S007965,2023-09-01,M037,IT Services,5,3,78118.88,58693.81,19425.07,3873.53
S007966,2023-10-01,M037,IT Services,6,4,104244.89,78713.62,25531.27,4010.75
S007967,2023-11-01,M037,IT Services,7,4,122859.52,87977.76,34881.76,6951.53
S007968,2023-12-01,M037,IT Services,6,3,101950.89,74519.19,27431.7,4932.18
S007969,2024-01-01,M037,IT Services,6,3,109574.88,83584.34,25990.54,2978.91
S007970,2024-02-01,M037,IT Services,7,5,110950.08,81293.65,29656.43,9801.34
S007971,2024-03-01,M037,IT Services,6,4,97693.26,69502.45,28190.81,7138.12
S007972,2024-04-01,M037,IT Services,7,4,113759.67,86961.72,26797.95,8771.64
S007973,2024-05-01,M037,IT Services,6,4,91688.76,66687.58,25001.18,3445.49
S007974,2024-06-01,M037,IT Services,6,4,100054.52,75887.44,24167.08,5380.81
S007975,2024-07-01,M037,IT Services,7,4,127207.93,91659.27,35548.66,2601.93
S007976,2024-08-01,M037,IT Services,6,3,86856.12,63910.38,22945.74,3312.0
S007977,2024-09-01,M037,IT Services,8,5,138253.8,98610.62,39643.18,11409.77
S007978,2024-10-01,M037,IT Services,9,5,161723.37,115324.94,46398.43,12946.66
S007979,2024-11-01,M037,IT Services,8,5,121189.82,91459.57,29730.25,6848.4
S007980,2024-12-01,M037,IT Services,9,6,160822.47,121509.3,39313.17,3478.73
S007981,2025-01-01,M037,IT Services,7,5,118441.02,86731.05,31709.97,6569.31
S007982,2025-02-01,M037,IT Services,7,4,101345.14,72383.66,28961.48,4524.47
S007983,2025-03-01,M037,IT Services,7,5,112505.82,85048.09,27457.73,9630.0
S007984,2025-04-01,M037,IT Services,8,6,146995.74,107747.37,39248.37,3146.6
S007985,2025-05-01,M037,IT Services,7,4,104599.01,80234.51,24364.5,7563.4
S007986,2025-06-01,M037,IT Services,9,5,140426.67,100591.44,39835.23,11699.68
S007987,2025-07-01,M037,IT Services,8,6,130457.58,95344.67,35112.91,6076.85
S007988,2025-08-01,M037,IT Services,9,6,153923.22,111331.53,42591.69,8331.67
S007989,2025-09-01,M037,IT Services,8,5,134083.59,99601.0,34482.59,2755.83
S007990,2025-10-01,M037,IT Services,8,6,146274.94,106863.54,39411.4,8105.3
S007991,2025-11-01,M037,IT Services,9,6,156189.71,111693.66,44496.05,5046.26
S007992,2025-12-01,M037,IT Services,8,5,122336.12,91768.95,30567.17,7685.4
S007993,2023-01-01,M038,Software,5,3,89184.76,63652.52,25532.24,5811.37
S007994,2023-02-01,M038,Software,6,3,118973.77,85890.79,33082.98,3699.76
S007995,2023-03-01,M038,Software,6,3,122561.93,87165.0,35396.93,7098.25
S007996,2023-04-01,M038,Software,6,3,104776.94,76117.39,28659.55,3976.0
S007997,2023-05-01,M038,Software,5,3,94231.94,70036.3,24195.64,4435.03
S007998,2023-06-01,M038,Software,5,2,82691.36,61412.11,21279.25,7110.26
S007999,2023-07-01,M038,Software,5,3,93831.78,70359.46,23472.32,3206.16
S008000,2023-08-01,M038,Software,6,3,98197.34,71198.97,26998.37,7799.2
S008001,2023-09-01,M038,Software,5,3,94867.94,66999.17,27868.77,2864.94
S008002,2023-10-01,M038,Software,7,5,125297.94,90260.59,35037.35,4133.31
S008003,2023-11-01,M038,Software,7,5,138442.27,98065.39,40376.88,3323.49
S008004,2023-12-01,M038,Software,6,3,97536.61,70674.66,26861.95,4224.69
S008005,2024-01-01,M038,Software,7,5,142156.84,102489.21,39667.63,3187.06
S008006,2024-02-01,M038,Software,6,4,99179.59,70899.07,28280.52,3150.72
S008007,2024-03-01,M038,Software,7,4,134666.03,101184.91,33481.12,9078.55
S008008,2024-04-01,M038,Software,7,5,137330.42,100682.36,36648.06,6434.2
S008009,2024-05-01,M038,Software,5,2,100898.91,70852.98,30045.93,2720.47
S008010,2024-06-01,M038,Software,7,4,143603.54,106875.42,36728.12,3130.08
S008011,2024-07-01,M038,Software,7,4,114324.38,84715.42,29608.96,10141.62
S008012,2024-08-01,M038,Software,7,4,138034.67,99153.02,38881.65,10512.07
S008013,2024-09-01,M038,Software,7,5,139873.01,99649.33,40223.68,11206.88
S008014,2024-10-01,M038,Software,8,5,147448.17,107194.92,40253.25,11866.53
S008015,2024-11-01,M038,Software,8,4,163538.72,121821.01,41717.71,4139.92
S008016,2024-12-01,M038,Software,8,4,140559.47,102994.76,37564.71,5733.8
S008017,2025-01-01,M038,Software,6,4,123751.09,91105.51,32645.58,6704.2
S008018,2025-02-01,M038,Software,8,5,155374.92,111510.3,43864.62,4382.68
S008019,2025-03-01,M038,Software,7,5,114437.84,85902.09,28535.75,9083.62
S008020,2025-04-01,M038,Software,7,4,132249.17,98499.72,33749.45,9055.8
S008021,2025-05-01,M038,Software,6,3,123242.15,89154.39,34087.76,8432.56
S008022,2025-06-01,M038,Software,7,3,115203.75,85615.08,29588.67,3166.05
S008023,2025-07-01,M038,Software,6,4,109289.79,81647.31,27642.48,4545.3
S008024,2025-08-01,M038,Software,8,6,147381.48,106244.78,41136.7,8564.49
S008025,2025-09-01,M038,Software,6,3,105771.56,79404.25,26367.31,2294.43
S008026,2025-10-01,M038,Software,7,5,117064.98,84596.33,32468.65,9433.62
S008027,2025-11-01,M038,Software,7,4,130826.89,96286.72,34540.17,2705.22
S008028,2025-12-01,M038,Software,8,4,131130.8,99713.74,31417.06,10200.86
S008029,2023-01-01,M038,Business Services,6,3,52972.03,37903.08,15068.95,4275.95
S008030,2023-02-01,M038,Business Services,5,2,47838.86,33798.62,14040.24,3175.32
S008031,2023-03-01,M038,Business Services,7,4,70096.5,51952.75,18143.75,4149.84
S008032,2023-04-01,M038,Business Services,6,4,52808.44,37308.37,15500.07,4441.8
S008033,2023-05-01,M038,Business Services,5,3,41426.61,30832.63,10593.98,3194.71
S008034,2023-06-01,M038,Business Services,5,3,42106.79,30799.25,11307.54,949.21
S008035,2023-07-01,M038,Business Services,6,3,57997.46,42702.63,15294.83,3398.56
S008036,2023-08-01,M038,Business Services,6,4,51363.41,38168.76,13194.65,4209.28
S008037,2023-09-01,M038,Business Services,5,3,44577.22,31592.86,12984.36,2146.73
S008038,2023-10-01,M038,Business Services,6,3,61750.81,43481.22,18269.59,4879.29
S008039,2023-11-01,M038,Business Services,7,4,58582.39,41983.38,16599.01,4774.11
S008040,2023-12-01,M038,Business Services,6,3,58444.51,42213.04,16231.47,2015.51
S008041,2024-01-01,M038,Business Services,6,3,53943.38,38525.33,15418.05,4344.95
S008042,2024-02-01,M038,Business Services,7,5,69725.7,49574.26,20151.44,6155.56
S008043,2024-03-01,M038,Business Services,7,4,69969.02,50537.09,19431.93,4493.66
S008044,2024-04-01,M038,Business Services,6,3,51792.77,36513.55,15279.22,3919.42
S008045,2024-05-01,M038,Business Services,6,4,61505.16,44512.16,16993.0,2426.78
S008046,2024-06-01,M038,Business Services,6,3,52921.14,38752.15,14168.99,3661.08
S008047,2024-07-01,M038,Business Services,5,3,41647.18,29590.19,12056.99,1932.58
S008048,2024-08-01,M038,Business Services,6,3,52786.08,38701.22,14084.86,3451.52
S008049,2024-09-01,M038,Business Services,6,3,61628.69,46153.39,15475.3,2203.87
S008050,2024-10-01,M038,Business Services,7,4,72219.93,54456.34,17763.59,3268.15
S008051,2024-11-01,M038,Business Services,8,5,81910.75,59410.74,22500.01,5897.76
S008052,2024-12-01,M038,Business Services,8,4,73836.08,55212.16,18623.92,6205.19
S008053,2025-01-01,M038,Business Services,6,3,48629.57,35233.01,13396.56,2157.4
S008054,2025-02-01,M038,Business Services,7,4,66212.99,48094.34,18118.65,1397.6
S008055,2025-03-01,M038,Business Services,8,6,78581.47,55316.69,23264.78,6902.01
S008056,2025-04-01,M038,Business Services,6,4,56407.99,40145.06,16262.93,4345.27
S008057,2025-05-01,M038,Business Services,7,4,69338.01,49842.51,19495.5,1843.7
S008058,2025-06-01,M038,Business Services,7,4,58989.53,43666.55,15322.98,3307.2
S008059,2025-07-01,M038,Business Services,8,6,78000.63,57910.17,20090.46,3447.97
S008060,2025-08-01,M038,Business Services,7,5,66724.22,50169.77,16554.45,4318.99
S008061,2025-09-01,M038,Business Services,8,4,67359.29,47300.35,20058.94,5332.98
S008062,2025-10-01,M038,Business Services,9,7,74526.74,52451.37,22075.37,2676.69
S008063,2025-11-01,M038,Business Services,9,5,78657.18,56994.65,21662.53,3199.36
S008064,2025-12-01,M038,Business Services,8,5,77806.48,57937.95,19868.53,5620.33
S008065,2023-01-01,M038,Consulting,6,4,170162.33,122895.82,47266.51,4170.65
S008066,2023-02-01,M038,Consulting,5,3,123597.82,93864.08,29733.74,10785.88
S008067,2023-03-01,M038,Consulting,5,3,140554.17,106934.14,33620.03,9884.18
S008068,2023-04-01,M038,Consulting,5,3,142933.81,103981.99,38951.82,12037.49
S008069,2023-05-01,M038,Consulting,5,3,116843.69,83806.41,33037.28,5713.45
S008070,2023-06-01,M038,Consulting,5,3,131568.76,96825.34,34743.42,11292.39
S008071,2023-07-01,M038,Consulting,5,2,128797.4,92456.83,36340.57,6458.22
S008072,2023-08-01,M038,Consulting,5,2,138626.22,100795.2,37831.02,7039.21
S008073,2023-09-01,M038,Consulting,5,2,125871.63,89626.2,36245.43,5715.88
S008074,2023-10-01,M038,Consulting,6,4,142580.77,105724.37,36856.4,4730.05
S008075,2023-11-01,M038,Consulting,7,4,165658.29,118147.92,47510.37,3639.77
S008076,2023-12-01,M038,Consulting,7,4,160530.29,116255.81,44274.48,10840.24
S008077,2024-01-01,M038,Consulting,5,3,143056.49,105696.37,37360.12,6375.98
S008078,2024-02-01,M038,Consulting,6,4,155764.11,113511.02,42253.09,9805.28
S008079,2024-03-01,M038,Consulting,6,4,162858.56,120369.77,42488.79,13560.64
S008080,2024-04-01,M038,Consulting,5,3,136351.46,103507.27,32844.19,4288.85
S008081,2024-05-01,M038,Consulting,7,4,200182.54,145741.7,54440.84,5532.28
S008082,2024-06-01,M038,Consulting,7,5,198736.06,142909.81,55826.25,7839.01
S008083,2024-07-01,M038,Consulting,6,4,152981.6,109776.97,43204.63,9003.01
S008084,2024-08-01,M038,Consulting,6,3,168711.04,124054.04,44657.0,14259.22
S008085,2024-09-01,M038,Consulting,6,4,159328.92,121396.56,37932.36,13699.81
S008086,2024-10-01,M038,Consulting,7,5,199716.53,147155.32,52561.21,6164.65
S008087,2024-11-01,M038,Consulting,7,3,182880.38,138083.58,44796.8,10245.86
S008088,2024-12-01,M038,Consulting,6,3,147913.17,106807.63,41105.54,11579.81
S008089,2025-01-01,M038,Consulting,6,4,167187.07,120598.73,46588.34,7247.46
S008090,2025-02-01,M038,Consulting,6,3,169706.22,127982.49,41723.73,9826.89
S008091,2025-03-01,M038,Consulting,7,5,162654.66,121625.54,41029.12,4644.27
S008092,2025-04-01,M038,Consulting,8,5,206454.83,154580.4,51874.43,6812.46
S008093,2025-05-01,M038,Consulting,8,6,218568.53,164998.68,53569.85,17379.27
S008094,2025-06-01,M038,Consulting,7,3,176446.54,126187.3,50259.24,3713.83
S008095,2025-07-01,M038,Consulting,8,4,182654.1,134382.41,48271.69,10394.95
S008096,2025-08-01,M038,Consulting,6,4,158900.5,115971.16,42929.34,7647.78
S008097,2025-09-01,M038,Consulting,7,5,160351.06,120889.3,39461.76,4587.86
S008098,2025-10-01,M038,Consulting,7,3,178920.31,126692.22,52228.09,9317.08
S008099,2025-11-01,M038,Consulting,8,6,194661.87,147296.34,47365.53,8070.19
S008100,2025-12-01,M038,Consulting,9,5,250293.49,184582.9,65710.59,22322.02
S008101,2023-01-01,M038,Digital Solutions,5,3,76973.43,56209.81,20763.62,4515.36
S008102,2023-02-01,M038,Digital Solutions,5,2,75106.98,55580.98,19526.0,5419.55
S008103,2023-03-01,M038,Digital Solutions,6,4,88373.95,65217.13,23156.82,4624.51
S008104,2023-04-01,M038,Digital Solutions,5,3,75895.08,54310.13,21584.95,5321.75
S008105,2023-05-01,M038,Digital Solutions,5,3,79585.98,58204.54,21381.44,1830.66
S008106,2023-06-01,M038,Digital Solutions,6,4,77255.78,57324.3,19931.48,1763.0
S008107,2023-07-01,M038,Digital Solutions,6,4,89947.98,68408.89,21539.09,7616.29
S008108,2023-08-01,M038,Digital Solutions,5,3,68393.35,48098.54,20294.81,3514.27
S008109,2023-09-01,M038,Digital Solutions,6,4,78756.58,58015.09,20741.49,4370.29
S008110,2023-10-01,M038,Digital Solutions,6,4,77402.84,57276.86,20125.98,3885.76
S008111,2023-11-01,M038,Digital Solutions,7,5,103568.05,76327.66,27240.39,5484.49
S008112,2023-12-01,M038,Digital Solutions,6,4,79507.8,56948.62,22559.18,5760.71
S008113,2024-01-01,M038,Digital Solutions,6,4,80115.44,57439.81,22675.63,1856.13
S008114,2024-02-01,M038,Digital Solutions,6,3,96501.3,68860.11,27641.19,2437.14
S008115,2024-03-01,M038,Digital Solutions,6,4,90630.69,67999.08,22631.61,6568.26
S008116,2024-04-01,M038,Digital Solutions,6,3,77881.71,59340.29,18541.42,4072.33
S008117,2024-05-01,M038,Digital Solutions,7,4,99108.24,71092.35,28015.89,5719.28
S008118,2024-06-01,M038,Digital Solutions,7,5,106158.15,76510.53,29647.62,4208.1
S008119,2024-07-01,M038,Digital Solutions,7,5,107640.79,78260.62,29380.17,4453.35
S008120,2024-08-01,M038,Digital Solutions,7,5,89773.17,63547.09,26226.08,4286.66
S008121,2024-09-01,M038,Digital Solutions,7,4,98110.86,70235.96,27874.9,6337.59
S008122,2024-10-01,M038,Digital Solutions,6,4,89189.58,67363.16,21826.42,3460.32
S008123,2024-11-01,M038,Digital Solutions,7,3,95506.22,70872.66,24633.56,5078.5
S008124,2024-12-01,M038,Digital Solutions,8,6,112128.82,84782.67,27346.15,2319.29
S008125,2025-01-01,M038,Digital Solutions,7,3,104806.71,79510.56,25296.15,8677.42
S008126,2025-02-01,M038,Digital Solutions,7,4,106600.86,79125.51,27475.35,4231.11
S008127,2025-03-01,M038,Digital Solutions,9,6,119214.37,87457.03,31757.34,3806.89
S008128,2025-04-01,M038,Digital Solutions,6,3,90142.11,63463.57,26678.54,7730.06
S008129,2025-05-01,M038,Digital Solutions,7,4,108004.81,81227.17,26777.64,2751.26
S008130,2025-06-01,M038,Digital Solutions,7,5,100848.85,71945.48,28903.37,8447.39
S008131,2025-07-01,M038,Digital Solutions,8,5,106439.83,79474.96,26964.87,2180.31
S008132,2025-08-01,M038,Digital Solutions,7,4,88280.49,66729.98,21550.51,5007.8
S008133,2025-09-01,M038,Digital Solutions,8,4,103934.46,73466.54,30467.92,4161.12
S008134,2025-10-01,M038,Digital Solutions,8,5,121109.93,86454.97,34654.96,8275.52
S008135,2025-11-01,M038,Digital Solutions,8,6,106497.02,76255.27,30241.75,7557.47
S008136,2025-12-01,M038,Digital Solutions,9,6,118483.0,86639.86,31843.14,8138.75
S008137,2023-01-01,M038,SaaS,6,3,80965.32,60039.81,20925.51,2670.09
S008138,2023-02-01,M038,SaaS,6,4,65415.21,46607.97,18807.24,2224.56
S008139,2023-03-01,M038,SaaS,6,3,76529.94,54846.03,21683.91,3196.17
S008140,2023-04-01,M038,SaaS,6,4,74179.87,53870.9,20308.97,2286.06
S008141,2023-05-01,M038,SaaS,6,4,65058.68,46295.23,18763.45,5460.68
S008142,2023-06-01,M038,SaaS,6,4,66077.2,47728.24,18348.96,1461.61
S008143,2023-07-01,M038,SaaS,6,3,74466.48,53051.26,21415.22,4151.58
S008144,2023-08-01,M038,SaaS,5,3,57320.91,42468.33,14852.58,2466.26
S008145,2023-09-01,M038,SaaS,6,3,78422.99,55325.21,23097.78,4621.55
S008146,2023-10-01,M038,SaaS,6,4,68109.06,49643.49,18465.57,5915.24
S008147,2023-11-01,M038,SaaS,6,3,71070.7,52422.74,18647.96,2640.71
S008148,2023-12-01,M038,SaaS,7,4,90911.54,65145.24,25766.3,7968.82
S008149,2024-01-01,M038,SaaS,5,3,63485.09,47667.98,15817.11,3110.94
S008150,2024-02-01,M038,SaaS,7,3,84668.12,63955.19,20712.93,6621.2
S008151,2024-03-01,M038,SaaS,7,4,96461.38,72447.89,24013.49,4554.54
S008152,2024-04-01,M038,SaaS,6,3,75168.07,54507.6,20660.47,1700.19
S008153,2024-05-01,M038,SaaS,6,4,66194.28,47065.78,19128.5,5435.63
S008154,2024-06-01,M038,SaaS,5,3,55577.9,42298.76,13279.14,4472.8
S008155,2024-07-01,M038,SaaS,6,4,78431.06,55661.71,22769.35,4579.98
S008156,2024-08-01,M038,SaaS,6,3,68144.75,51175.12,16969.63,3960.42
S008157,2024-09-01,M038,SaaS,8,5,88085.38,66733.49,21351.89,6712.89
S008158,2024-10-01,M038,SaaS,6,3,82239.51,57857.14,24382.37,4039.69
S008159,2024-11-01,M038,SaaS,8,5,102003.84,73637.54,28366.3,2513.24
S008160,2024-12-01,M038,SaaS,7,4,93656.06,66023.23,27632.83,4231.51
S008161,2025-01-01,M038,SaaS,7,3,84270.58,61932.71,22337.87,5486.78
S008162,2025-02-01,M038,SaaS,8,5,108755.75,77936.65,30819.1,4052.38
S008163,2025-03-01,M038,SaaS,8,6,96395.66,68164.97,28230.69,7735.2
S008164,2025-04-01,M038,SaaS,7,4,85718.9,62651.91,23066.99,4690.34
S008165,2025-05-01,M038,SaaS,7,4,90047.84,64707.88,25339.96,3939.05
S008166,2025-06-01,M038,SaaS,7,3,96032.14,72766.37,23265.77,5369.56
S008167,2025-07-01,M038,SaaS,8,5,93889.31,70846.11,23043.2,7818.92
S008168,2025-08-01,M038,SaaS,7,4,96378.99,67875.09,28503.9,2808.18
S008169,2025-09-01,M038,SaaS,7,3,82979.56,62469.85,20509.71,4543.73
S008170,2025-10-01,M038,SaaS,7,4,85667.17,62795.93,22871.24,5418.4
S008171,2025-11-01,M038,SaaS,9,6,111957.05,79074.98,32882.07,5357.98
S008172,2025-12-01,M038,SaaS,7,3,80517.1,60005.06,20512.04,2784.49
S008173,2023-01-01,M038,IT Services,5,3,87845.85,66900.79,20945.06,6222.69
S008174,2023-02-01,M038,IT Services,5,3,77109.23,57022.91,20086.32,3901.19
S008175,2023-03-01,M038,IT Services,7,4,101069.0,75384.24,25684.76,4277.01
S008176,2023-04-01,M038,IT Services,6,3,96316.89,72545.2,23771.69,6070.88
S008177,2023-05-01,M038,IT Services,6,4,86473.95,63278.32,23195.63,6120.32
S008178,2023-06-01,M038,IT Services,6,4,91359.0,64572.97,26786.03,2645.15
S008179,2023-07-01,M038,IT Services,5,2,81418.97,58949.66,22469.31,3286.49
S008180,2023-08-01,M038,IT Services,6,3,107696.42,78210.44,29485.98,5533.62
S008181,2023-09-01,M038,IT Services,6,4,98914.25,70697.11,28217.14,3006.23
S008182,2023-10-01,M038,IT Services,6,3,108158.1,79141.94,29016.16,7827.95
S008183,2023-11-01,M038,IT Services,5,3,73186.37,55281.34,17905.03,6539.29
S008184,2023-12-01,M038,IT Services,7,4,118315.46,89848.28,28467.18,4717.17
S008185,2024-01-01,M038,IT Services,5,3,87576.23,65400.36,22175.87,7441.14
S008186,2024-02-01,M038,IT Services,7,4,128065.96,95081.64,32984.32,3160.5
S008187,2024-03-01,M038,IT Services,6,4,96972.13,70435.95,26536.18,7400.47
S008188,2024-04-01,M038,IT Services,6,3,95388.61,70401.52,24987.09,6597.71
S008189,2024-05-01,M038,IT Services,6,3,91510.13,68408.29,23101.84,7570.27
S008190,2024-06-01,M038,IT Services,7,5,128103.23,92450.62,35652.61,5542.77
S008191,2024-07-01,M038,IT Services,7,4,122788.68,89030.43,33758.25,4093.49
S008192,2024-08-01,M038,IT Services,7,4,101399.13,72364.64,29034.49,8210.81
S008193,2024-09-01,M038,IT Services,7,5,109488.28,81488.38,27999.9,9490.66
S008194,2024-10-01,M038,IT Services,7,4,102205.01,76066.31,26138.7,8160.67
S008195,2024-11-01,M038,IT Services,8,5,131644.59,98400.11,33244.48,7401.98
S008196,2024-12-01,M038,IT Services,6,3,101746.2,72603.83,29142.37,9022.75
S008197,2025-01-01,M038,IT Services,8,5,123523.23,87493.71,36029.52,9405.02
S008198,2025-02-01,M038,IT Services,7,5,125435.38,94577.62,30857.76,7886.45
S008199,2025-03-01,M038,IT Services,8,4,138957.26,102611.55,36345.71,11330.88
S008200,2025-04-01,M038,IT Services,7,5,109040.57,82720.92,26319.65,2716.3
S008201,2025-05-01,M038,IT Services,6,4,92992.27,70022.41,22969.86,3965.93
S008202,2025-06-01,M038,IT Services,8,5,134290.15,101682.05,32608.1,7155.3
S008203,2025-07-01,M038,IT Services,7,4,124654.47,93160.13,31494.34,6726.1
S008204,2025-08-01,M038,IT Services,8,4,135700.32,102924.49,32775.83,6024.02
S008205,2025-09-01,M038,IT Services,8,6,129345.93,91372.82,37973.11,8752.93
S008206,2025-10-01,M038,IT Services,7,5,108774.91,77901.17,30873.74,5873.6
S008207,2025-11-01,M038,IT Services,8,5,130771.55,94636.27,36135.28,7924.85
S008208,2025-12-01,M038,IT Services,9,5,134230.32,101898.24,32332.08,5233.87
S008209,2023-01-01,M039,Software,5,3,94260.45,68574.4,25686.05,4052.3
S008210,2023-02-01,M039,Software,5,3,99203.8,69542.51,29661.29,6183.91
S008211,2023-03-01,M039,Software,6,4,122109.7,89321.49,32788.21,7780.9
S008212,2023-04-01,M039,Software,6,4,102691.2,77505.76,25185.44,5851.61
S008213,2023-05-01,M039,Software,6,4,108099.42,77391.6,30707.82,3078.21
S008214,2023-06-01,M039,Software,6,3,104477.48,76472.72,28004.76,5208.24
S008215,2023-07-01,M039,Software,6,4,107752.9,80975.96,26776.94,6072.45
S008216,2023-08-01,M039,Software,6,3,112450.82,79156.74,33294.08,9759.41
S008217,2023-09-01,M039,Software,5,3,88279.92,61927.5,26352.42,6244.78
S008218,2023-10-01,M039,Software,7,4,135040.46,100820.83,34219.63,5162.44
S008219,2023-11-01,M039,Software,6,3,109423.75,78887.75,30536.0,4277.22
S008220,2023-12-01,M039,Software,7,4,126376.89,88824.6,37552.29,5482.64
S008221,2024-01-01,M039,Software,6,4,112039.4,80201.83,31837.57,2670.67
S008222,2024-02-01,M039,Software,6,3,113768.37,83717.26,30051.11,9694.26
S008223,2024-03-01,M039,Software,7,3,127538.27,90462.95,37075.32,7540.01
S008224,2024-04-01,M039,Software,7,4,126438.01,95609.7,30828.31,7921.57
S008225,2024-05-01,M039,Software,6,4,112315.38,82889.17,29426.21,6452.05
S008226,2024-06-01,M039,Software,7,3,136066.75,98062.45,38004.3,3733.92
S008227,2024-07-01,M039,Software,7,5,120188.02,89823.7,30364.32,7686.58
S008228,2024-08-01,M039,Software,8,5,163748.92,122721.86,41027.06,13938.8
S008229,2024-09-01,M039,Software,8,5,157376.39,117338.56,40037.83,12069.78
S008230,2024-10-01,M039,Software,8,4,164967.25,123042.87,41924.38,4073.6
S008231,2024-11-01,M039,Software,7,4,136430.23,101407.13,35023.1,10854.29
S008232,2024-12-01,M039,Software,7,4,120721.62,86048.89,34672.73,7161.16
S008233,2025-01-01,M039,Software,6,4,103728.33,78367.5,25360.83,3108.63
S008234,2025-02-01,M039,Software,8,4,154254.23,113546.28,40707.95,7635.05
S008235,2025-03-01,M039,Software,7,4,125889.97,94134.18,31755.79,4957.09
S008236,2025-04-01,M039,Software,7,3,123253.26,89093.48,34159.78,4786.13
S008237,2025-05-01,M039,Software,8,4,138841.47,101769.24,37072.23,6047.09
S008238,2025-06-01,M039,Software,7,4,128049.94,90841.6,37208.34,10673.45
S008239,2025-07-01,M039,Software,8,6,154822.72,116278.4,38544.32,9769.62
S008240,2025-08-01,M039,Software,9,7,152422.56,106657.55,45765.01,3299.91
S008241,2025-09-01,M039,Software,8,4,130276.06,93012.64,37263.42,6119.39
S008242,2025-10-01,M039,Software,7,4,125980.69,91308.16,34672.53,6212.57
S008243,2025-11-01,M039,Software,7,5,132334.95,99488.53,32846.42,4389.56
S008244,2025-12-01,M039,Software,9,5,178448.95,124927.62,53521.33,6971.44
S008245,2023-01-01,M039,Business Services,6,4,53015.23,39261.52,13753.71,3640.2
S008246,2023-02-01,M039,Business Services,5,3,45193.98,33892.61,11301.37,2965.44
S008247,2023-03-01,M039,Business Services,5,3,50818.32,38443.6,12374.72,3046.22
S008248,2023-04-01,M039,Business Services,6,4,51653.7,38685.41,12968.29,2609.15
S008249,2023-05-01,M039,Business Services,6,3,50688.29,35726.16,14962.13,1963.79
S008250,2023-06-01,M039,Business Services,6,3,61602.6,43382.92,18219.68,4978.51
S008251,2023-07-01,M039,Business Services,6,4,60537.15,45383.13,15154.02,5083.63
S008252,2023-08-01,M039,Business Services,6,3,54194.64,38105.32,16089.32,1894.99
S008253,2023-09-01,M039,Business Services,6,3,57383.15,43145.82,14237.33,3103.2
S008254,2023-10-01,M039,Business Services,6,3,54107.21,40514.56,13592.65,1884.91
S008255,2023-11-01,M039,Business Services,7,4,67742.96,51013.8,16729.16,2689.46
S008256,2023-12-01,M039,Business Services,7,4,67080.67,47150.55,19930.12,4914.27
S008257,2024-01-01,M039,Business Services,6,4,54153.36,40058.6,14094.76,2734.29
S008258,2024-02-01,M039,Business Services,6,3,60381.31,45636.61,14744.7,4393.17
S008259,2024-03-01,M039,Business Services,7,5,64734.63,47599.17,17135.46,5339.5
S008260,2024-04-01,M039,Business Services,7,5,72167.77,51930.41,20237.36,5562.07
S008261,2024-05-01,M039,Business Services,6,3,57099.47,43226.59,13872.88,2859.79
S008262,2024-06-01,M039,Business Services,7,4,70300.11,52553.99,17746.12,4587.53
S008263,2024-07-01,M039,Business Services,7,5,58033.36,43218.41,14814.95,4338.11
S008264,2024-08-01,M039,Business Services,8,4,77608.9,57966.5,19642.4,6152.6
S008265,2024-09-01,M039,Business Services,6,4,59057.35,42934.22,16123.13,2310.6
S008266,2024-10-01,M039,Business Services,6,4,52883.44,38163.77,14719.67,4303.95
S008267,2024-11-01,M039,Business Services,8,4,69487.86,51747.1,17740.76,4656.62
S008268,2024-12-01,M039,Business Services,7,4,67920.56,47808.25,20112.31,1641.09
S008269,2025-01-01,M039,Business Services,7,5,66853.74,47179.95,19673.79,4258.35
S008270,2025-02-01,M039,Business Services,8,5,75453.65,53746.5,21707.15,3831.09
S008271,2025-03-01,M039,Business Services,7,5,60354.55,43342.75,17011.8,2359.92
S008272,2025-04-01,M039,Business Services,7,5,66085.95,47199.62,18886.33,5448.3
S008273,2025-05-01,M039,Business Services,8,5,77183.2,55143.58,22039.62,1634.78
S008274,2025-06-01,M039,Business Services,8,4,81198.26,60448.16,20750.1,2234.79
S008275,2025-07-01,M039,Business Services,7,5,71754.44,52582.52,19171.92,2655.31
S008276,2025-08-01,M039,Business Services,9,5,76726.22,53771.14,22955.08,1738.32
S008277,2025-09-01,M039,Business Services,8,5,78544.27,55903.89,22640.38,2594.55
S008278,2025-10-01,M039,Business Services,9,6,75779.31,57047.91,18731.4,5129.88
S008279,2025-11-01,M039,Business Services,9,5,79910.39,60324.97,19585.42,7151.06
S008280,2025-12-01,M039,Business Services,9,6,79006.05,57600.9,21405.15,3706.91
S008281,2023-01-01,M039,Consulting,6,4,143236.51,108609.42,34627.09,5165.19
S008282,2023-02-01,M039,Consulting,5,3,121540.16,85503.31,36036.85,7351.32
S008283,2023-03-01,M039,Consulting,6,4,153921.9,110886.78,43035.12,7872.24
S008284,2023-04-01,M039,Consulting,6,4,164445.47,120203.21,44242.26,13135.25
S008285,2023-05-01,M039,Consulting,6,4,153086.13,113706.64,39379.49,11959.95
S008286,2023-06-01,M039,Consulting,5,3,118705.53,87857.18,30848.35,2965.62
S008287,2023-07-01,M039,Consulting,6,3,148551.22,109602.03,38949.19,11884.77
S008288,2023-08-01,M039,Consulting,6,3,163345.21,120434.79,42910.42,11628.04
S008289,2023-09-01,M039,Consulting,7,5,172439.42,124910.51,47528.91,11527.92
S008290,2023-10-01,M039,Consulting,7,4,177964.41,133999.63,43964.78,14923.04
S008291,2023-11-01,M039,Consulting,7,5,192816.46,140689.39,52127.07,8670.51
S008292,2023-12-01,M039,Consulting,7,4,192266.78,140802.73,51464.05,4274.19
S008293,2024-01-01,M039,Consulting,5,3,140189.67,103597.45,36592.22,4048.84
S008294,2024-02-01,M039,Consulting,6,4,156953.26,110184.29,46768.97,8222.74
S008295,2024-03-01,M039,Consulting,6,4,158729.53,118849.2,39880.33,13392.26
S008296,2024-04-01,M039,Consulting,6,4,142130.38,100808.08,41322.3,4325.48
S008297,2024-05-01,M039,Consulting,7,4,196704.82,140709.83,55994.99,13325.71
S008298,2024-06-01,M039,Consulting,6,3,153141.99,115428.56,37713.43,10059.98
S008299,2024-07-01,M039,Consulting,7,3,160456.08,112748.55,47707.53,5408.99
S008300,2024-08-01,M039,Consulting,6,4,157890.9,119590.33,38300.57,3953.75
S008301,2024-09-01,M039,Consulting,7,5,168554.52,119120.77,49433.75,8486.54
S008302,2024-10-01,M039,Consulting,9,6,224567.24,165941.1,58626.14,8807.77
S008303,2024-11-01,M039,Consulting,6,3,161039.21,114723.13,46316.08,5283.14
S008304,2024-12-01,M039,Consulting,7,4,200753.34,148885.69,51867.65,11655.65
S008305,2025-01-01,M039,Consulting,6,4,168564.13,125456.68,43107.45,3506.22
S008306,2025-02-01,M039,Consulting,6,4,138002.02,103659.88,34342.14,4896.93
S008307,2025-03-01,M039,Consulting,7,4,182382.39,128033.36,54349.03,14360.53
S008308,2025-04-01,M039,Consulting,7,3,189802.62,142689.2,47113.42,13247.07
S008309,2025-05-01,M039,Consulting,7,5,181555.5,127207.23,54348.27,7402.66
S008310,2025-06-01,M039,Consulting,8,5,184821.13,134668.83,50152.3,6442.53
S008311,2025-07-01,M039,Consulting,8,5,221838.81,158465.68,63373.13,8796.81
S008312,2025-08-01,M039,Consulting,7,4,192094.34,135018.97,57075.37,9949.62
S008313,2025-09-01,M039,Consulting,8,5,202656.43,148161.72,54494.71,12827.97
S008314,2025-10-01,M039,Consulting,7,4,162657.18,114315.11,48342.07,5085.62
S008315,2025-11-01,M039,Consulting,9,6,216968.28,159783.94,57184.34,18676.95
S008316,2025-12-01,M039,Consulting,9,5,208391.2,146895.34,61495.86,5056.97
S008317,2023-01-01,M039,Digital Solutions,5,3,78223.17,56705.05,21518.12,3377.13
S008318,2023-02-01,M039,Digital Solutions,6,3,83257.86,61174.04,22083.82,6831.14
S008319,2023-03-01,M039,Digital Solutions,7,4,103596.58,77846.72,25749.86,4393.95
S008320,2023-04-01,M039,Digital Solutions,6,4,81469.61,59354.87,22114.74,5069.39
S008321,2023-05-01,M039,Digital Solutions,5,3,77320.94,57593.05,19727.89,5422.44
S008322,2023-06-01,M039,Digital Solutions,6,4,91187.97,68910.23,22277.74,5202.07
S008323,2023-07-01,M039,Digital Solutions,6,4,82204.26,58548.57,23655.69,1891.42
S008324,2023-08-01,M039,Digital Solutions,5,3,66745.12,47727.69,19017.43,2325.56
S008325,2023-09-01,M039,Digital Solutions,6,4,79256.04,59160.8,20095.24,6293.41
S008326,2023-10-01,M039,Digital Solutions,6,3,95612.18,69540.34,26071.84,4171.43
S008327,2023-11-01,M039,Digital Solutions,7,4,105568.1,77715.42,27852.68,8059.71
S008328,2023-12-01,M039,Digital Solutions,7,4,98597.48,72068.86,26528.62,4328.91
S008329,2024-01-01,M039,Digital Solutions,5,3,65468.62,49649.6,15819.02,2236.58
S008330,2024-02-01,M039,Digital Solutions,6,4,86246.1,60767.61,25478.49,6563.81
S008331,2024-03-01,M039,Digital Solutions,6,3,80327.63,57361.3,22966.33,1770.67
S008332,2024-04-01,M039,Digital Solutions,7,3,111376.85,84009.5,27367.35,6541.97
S008333,2024-05-01,M039,Digital Solutions,8,6,128493.12,89942.7,38550.42,10566.23
S008334,2024-06-01,M039,Digital Solutions,7,4,105218.68,74246.39,30972.29,7788.72
S008335,2024-07-01,M039,Digital Solutions,7,4,105401.15,75161.55,30239.6,5043.08
S008336,2024-08-01,M039,Digital Solutions,6,4,85352.93,62155.92,23197.01,2261.25
S008337,2024-09-01,M039,Digital Solutions,6,3,84098.05,59334.72,24763.33,5006.08
S008338,2024-10-01,M039,Digital Solutions,8,6,124628.94,93661.72,30967.22,11209.98
S008339,2024-11-01,M039,Digital Solutions,8,6,126360.06,89326.67,37033.39,5479.96
S008340,2024-12-01,M039,Digital Solutions,9,6,139485.88,101308.03,38177.85,3499.48
S008341,2025-01-01,M039,Digital Solutions,7,3,97875.94,70844.96,27030.98,6375.1
S008342,2025-02-01,M039,Digital Solutions,7,5,108570.97,76569.78,32001.19,5763.61
S008343,2025-03-01,M039,Digital Solutions,7,5,108777.78,78849.08,29928.7,6510.24
S008344,2025-04-01,M039,Digital Solutions,7,4,112136.63,80712.31,31424.32,4735.04
S008345,2025-05-01,M039,Digital Solutions,7,4,102482.07,75158.15,27323.92,7033.5
S008346,2025-06-01,M039,Digital Solutions,8,6,106990.81,80133.73,26857.08,4940.29
S008347,2025-07-01,M039,Digital Solutions,7,5,89033.16,66125.7,22907.46,7851.97
S008348,2025-08-01,M039,Digital Solutions,8,5,121508.77,85178.61,36330.16,4684.49
S008349,2025-09-01,M039,Digital Solutions,8,6,110682.26,81682.28,28999.98,2692.26
S008350,2025-10-01,M039,Digital Solutions,8,5,102946.93,75959.19,26987.74,7590.73
S008351,2025-11-01,M039,Digital Solutions,9,7,136344.44,100495.43,35849.01,4850.45
S008352,2025-12-01,M039,Digital Solutions,8,5,114454.59,83400.6,31053.99,4987.38
S008353,2023-01-01,M039,SaaS,5,2,63579.5,46905.55,16673.95,5618.31
S008354,2023-02-01,M039,SaaS,5,3,66877.33,47683.95,19193.38,4978.63
S008355,2023-03-01,M039,SaaS,7,4,78239.8,58257.8,19982.0,5307.52
S008356,2023-04-01,M039,SaaS,6,4,81027.28,56738.42,24288.86,2670.89
S008357,2023-05-01,M039,SaaS,6,4,70576.43,52292.58,18283.85,3430.3
S008358,2023-06-01,M039,SaaS,5,3,67628.64,47394.34,20234.3,5755.78
S008359,2023-07-01,M039,SaaS,6,3,66309.25,48440.14,17869.11,2547.21
S008360,2023-08-01,M039,SaaS,5,3,57072.49,40760.07,16312.42,2879.78
S008361,2023-09-01,M039,SaaS,5,3,61834.52,44877.98,16956.54,3959.25
S008362,2023-10-01,M039,SaaS,7,5,81571.86,57744.59,23827.27,6782.5
S008363,2023-11-01,M039,SaaS,6,4,73147.77,51778.0,21369.77,5563.01
S008364,2023-12-01,M039,SaaS,7,4,76032.4,55018.91,21013.49,4180.59
S008365,2024-01-01,M039,SaaS,5,3,56100.89,41003.92,15096.97,3986.29
S008366,2024-02-01,M039,SaaS,6,3,77746.2,57338.1,20408.1,4731.56
S008367,2024-03-01,M039,SaaS,7,4,79144.61,58707.37,20437.24,1807.35
S008368,2024-04-01,M039,SaaS,6,3,79013.2,57036.28,21976.92,4003.24
S008369,2024-05-01,M039,SaaS,7,4,93692.58,66562.46,27130.12,5292.2
S008370,2024-06-01,M039,SaaS,6,4,79944.88,60269.82,19675.06,3800.13
S008371,2024-07-01,M039,SaaS,6,3,69409.9,48965.71,20444.19,3537.31
S008372,2024-08-01,M039,SaaS,8,4,108480.67,78893.29,29587.38,4759.62
S008373,2024-09-01,M039,SaaS,6,4,70260.32,52687.39,17572.93,3377.98
S008374,2024-10-01,M039,SaaS,8,6,89155.77,65508.37,23647.4,2198.33
S008375,2024-11-01,M039,SaaS,7,4,80798.27,59827.92,20970.35,2428.05
S008376,2024-12-01,M039,SaaS,8,5,101817.53,71368.99,30448.54,6499.27
S008377,2025-01-01,M039,SaaS,7,4,83043.39,62471.61,20571.78,3171.19
S008378,2025-02-01,M039,SaaS,7,4,76514.36,55408.58,21105.78,3203.52
S008379,2025-03-01,M039,SaaS,8,4,91820.28,67872.58,23947.7,2600.9
S008380,2025-04-01,M039,SaaS,7,3,86851.27,61950.35,24900.92,3865.78
S008381,2025-05-01,M039,SaaS,7,4,94863.51,70775.75,24087.76,8007.58
S008382,2025-06-01,M039,SaaS,7,4,95622.93,71202.48,24420.45,5505.26
S008383,2025-07-01,M039,SaaS,7,3,79568.97,57375.22,22193.75,2974.47
S008384,2025-08-01,M039,SaaS,7,4,93024.17,66780.58,26243.59,2554.84
S008385,2025-09-01,M039,SaaS,7,4,91678.3,67708.75,23969.55,2042.8
S008386,2025-10-01,M039,SaaS,7,5,85312.0,60788.49,24523.51,5533.47
S008387,2025-11-01,M039,SaaS,9,5,101774.33,74683.88,27090.45,7872.76
S008388,2025-12-01,M039,SaaS,8,6,98874.66,70804.52,28070.14,8782.77
S008389,2023-01-01,M039,IT Services,6,3,97795.82,69173.7,28622.12,4984.74
S008390,2023-02-01,M039,IT Services,6,3,94120.56,69463.84,24656.72,8441.85
S008391,2023-03-01,M039,IT Services,6,4,86507.87,63552.02,22955.85,5854.89
S008392,2023-04-01,M039,IT Services,5,3,90201.07,64434.64,25766.43,7563.37
S008393,2023-05-01,M039,IT Services,5,2,87866.64,66554.49,21312.15,6411.45
S008394,2023-06-01,M039,IT Services,6,3,99988.2,70180.06,29808.14,4815.92
S008395,2023-07-01,M039,IT Services,6,4,104732.26,75276.06,29456.2,7584.66
S008396,2023-08-01,M039,IT Services,5,3,76902.1,55711.49,21190.61,3271.16
S008397,2023-09-01,M039,IT Services,7,4,116342.73,88091.26,28251.47,6599.84
S008398,2023-10-01,M039,IT Services,7,4,125399.95,90089.18,35310.77,4074.17
S008399,2023-11-01,M039,IT Services,6,4,99706.17,71898.45,27807.72,5789.19
S008400,2023-12-01,M039,IT Services,7,4,115519.06,84594.92,30924.14,2419.61
S008401,2024-01-01,M039,IT Services,7,3,110101.03,78271.6,31829.43,6349.04
S008402,2024-02-01,M039,IT Services,6,3,98973.4,72047.07,26926.33,3089.72
S008403,2024-03-01,M039,IT Services,7,5,105128.35,79235.35,25893.0,9450.98
S008404,2024-04-01,M039,IT Services,5,2,91700.92,67101.56,24599.36,7608.82
S008405,2024-05-01,M039,IT Services,6,4,108948.91,77517.6,31431.31,7575.47
S008406,2024-06-01,M039,IT Services,7,5,111764.46,78902.46,32862.0,4340.71
S008407,2024-07-01,M039,IT Services,6,4,88026.28,64603.03,23423.25,5219.21
S008408,2024-08-01,M039,IT Services,7,5,119811.02,84684.02,35127.0,8550.89
S008409,2024-09-01,M039,IT Services,7,4,123800.51,90976.18,32824.33,9832.47
S008410,2024-10-01,M039,IT Services,8,5,128284.78,92253.17,36031.61,9470.46
S008411,2024-11-01,M039,IT Services,7,4,120497.68,87074.82,33422.86,7128.79
S008412,2024-12-01,M039,IT Services,8,5,132499.47,97770.29,34729.18,5148.02
S008413,2025-01-01,M039,IT Services,7,4,102284.46,72381.37,29903.09,7586.5
S008414,2025-02-01,M039,IT Services,7,4,110970.79,81082.85,29887.94,4926.07
S008415,2025-03-01,M039,IT Services,9,5,148156.53,105556.18,42600.35,7111.54
S008416,2025-04-01,M039,IT Services,7,4,117851.42,88677.2,29174.22,3030.56
S008417,2025-05-01,M039,IT Services,8,5,145920.81,106887.76,39033.05,6653.62
S008418,2025-06-01,M039,IT Services,6,4,100488.46,70781.82,29706.64,7071.4
S008419,2025-07-01,M039,IT Services,8,5,146582.63,110188.33,36394.3,11738.29
S008420,2025-08-01,M039,IT Services,9,5,145029.46,106332.43,38697.03,9268.14
S008421,2025-09-01,M039,IT Services,7,3,113797.64,84898.15,28899.49,6322.78
S008422,2025-10-01,M039,IT Services,9,6,139494.19,104655.32,34838.87,11794.18
S008423,2025-11-01,M039,IT Services,7,3,127466.66,96454.53,31012.13,6771.59
S008424,2025-12-01,M039,IT Services,8,4,140262.47,100603.41,39659.06,10057.85
S008425,2023-01-01,M040,Software,5,3,93967.13,65744.91,28222.22,3088.65
S008426,2023-02-01,M040,Software,6,4,107941.47,79153.6,28787.87,8507.99
S008427,2023-03-01,M040,Software,7,4,119240.07,82333.41,36906.66,2850.59
S008428,2023-04-01,M040,Software,6,3,109534.44,75626.94,33907.5,6559.93
S008429,2023-05-01,M040,Software,6,4,123239.4,89799.1,33440.3,11042.65
S008430,2023-06-01,M040,Software,6,4,114955.09,83482.05,31473.04,4955.98
S008431,2023-07-01,M040,Software,7,5,137320.64,101836.25,35484.39,6799.67
S008432,2023-08-01,M040,Software,5,3,87042.04,64261.14,22780.9,6182.1
S008433,2023-09-01,M040,Software,5,3,95699.52,66594.73,29104.79,7141.85
S008434,2023-10-01,M040,Software,7,4,135567.14,95819.37,39747.77,8837.15
S008435,2023-11-01,M040,Software,8,5,154021.82,106194.98,47826.84,13571.87
S008436,2023-12-01,M040,Software,7,4,114653.27,85184.68,29468.59,5892.38
S008437,2024-01-01,M040,Software,6,4,118289.74,81884.54,36405.2,10138.93
S008438,2024-02-01,M040,Software,8,5,147045.28,102749.38,44295.9,5897.76
S008439,2024-03-01,M040,Software,8,4,143508.2,107108.6,36399.6,12484.3
S008440,2024-04-01,M040,Software,8,5,141598.82,98711.63,42887.19,8150.69
S008441,2024-05-01,M040,Software,6,4,120383.67,87839.06,32544.61,2719.08
S008442,2024-06-01,M040,Software,8,5,139213.25,99789.76,39423.49,8899.73
S008443,2024-07-01,M040,Software,8,5,159118.99,118155.81,40963.18,4681.76
S008444,2024-08-01,M040,Software,8,4,130154.76,95801.6,34353.16,7738.61
S008445,2024-09-01,M040,Software,9,5,154499.34,113685.15,40814.19,7769.85
S008446,2024-10-01,M040,Software,9,6,153383.0,110324.56,43058.44,8223.2
S008447,2024-11-01,M040,Software,8,5,155796.05,110618.74,45177.31,6735.13
S008448,2024-12-01,M040,Software,9,5,161359.04,116442.55,44916.49,3503.57
S008449,2025-01-01,M040,Software,10,7,174031.8,130047.79,43984.01,9290.99
S008450,2025-02-01,M040,Software,8,5,161092.52,115955.85,45136.67,4479.93
S008451,2025-03-01,M040,Software,8,4,141962.56,100065.38,41897.18,9209.85
S008452,2025-04-01,M040,Software,8,4,139885.71,101627.28,38258.43,6216.32
S008453,2025-05-01,M040,Software,9,6,185318.95,130903.63,54415.32,9610.36
S008454,2025-06-01,M040,Software,8,4,154769.39,110120.38,44649.01,6659.08
S008455,2025-07-01,M040,Software,10,6,170812.15,118137.49,52674.66,10630.5
S008456,2025-08-01,M040,Software,9,5,148459.7,103248.8,45210.9,7062.69
S008457,2025-09-01,M040,Software,8,5,145471.47,107893.45,37578.02,9578.84
S008458,2025-10-01,M040,Software,10,6,169358.94,122563.71,46795.23,14521.6
S008459,2025-11-01,M040,Software,11,6,224286.87,156620.78,67666.09,5687.69
S008460,2025-12-01,M040,Software,11,7,225808.5,161886.88,63921.62,5893.26
S008461,2023-01-01,M040,Business Services,6,4,53695.28,39252.76,14442.52,2805.84
S008462,2023-02-01,M040,Business Services,6,3,49296.63,34756.12,14540.51,3138.24
S008463,2023-03-01,M040,Business Services,5,3,44233.21,30897.56,13335.65,1192.32
S008464,2023-04-01,M040,Business Services,5,3,46951.22,33123.06,13828.16,1770.18
S008465,2023-05-01,M040,Business Services,6,4,52727.85,37858.48,14869.37,3628.04
S008466,2023-06-01,M040,Business Services,6,4,58256.94,41611.46,16645.48,2759.48
S008467,2023-07-01,M040,Business Services,7,5,64991.5,46665.9,18325.6,3389.85
S008468,2023-08-01,M040,Business Services,6,4,55667.33,38552.18,17115.15,2254.75
S008469,2023-09-01,M040,Business Services,5,3,47637.89,33296.69,14341.2,1177.33
S008470,2023-10-01,M040,Business Services,7,5,68292.87,49690.69,18602.18,1498.27
S008471,2023-11-01,M040,Business Services,7,5,58813.09,42015.79,16797.3,2701.62
S008472,2023-12-01,M040,Business Services,8,5,65918.1,49016.76,16901.34,5909.48
S008473,2024-01-01,M040,Business Services,7,5,71291.39,51791.08,19500.31,4109.43
S008474,2024-02-01,M040,Business Services,8,5,75118.06,53458.5,21659.56,6082.14
S008475,2024-03-01,M040,Business Services,7,4,64824.64,45560.63,19264.01,3547.19
S008476,2024-04-01,M040,Business Services,7,5,58419.83,42086.4,16333.43,3989.2
S008477,2024-05-01,M040,Business Services,7,5,58418.53,42843.84,15574.69,4296.37
S008478,2024-06-01,M040,Business Services,9,5,87415.26,61305.13,26110.13,6710.3
S008479,2024-07-01,M040,Business Services,8,4,78284.6,55311.08,22973.52,3315.18
S008480,2024-08-01,M040,Business Services,8,6,78585.42,58847.04,19738.38,6032.79
S008481,2024-09-01,M040,Business Services,8,5,70792.97,52657.51,18135.46,2818.24
S008482,2024-10-01,M040,Business Services,8,6,68420.91,49191.14,19229.77,1630.45
S008483,2024-11-01,M040,Business Services,8,5,76211.07,56899.9,19311.17,2216.2
S008484,2024-12-01,M040,Business Services,10,5,89557.63,65920.73,23636.9,7139.64
S008485,2025-01-01,M040,Business Services,8,6,69728.29,48925.39,20802.9,4712.28
S008486,2025-02-01,M040,Business Services,7,4,71921.36,52793.06,19128.3,6324.39
S008487,2025-03-01,M040,Business Services,8,5,71965.43,49917.4,22048.03,3471.78
S008488,2025-04-01,M040,Business Services,8,6,76751.45,55178.09,21573.36,5895.06
S008489,2025-05-01,M040,Business Services,8,4,77779.68,57693.17,20086.51,3020.1
S008490,2025-06-01,M040,Business Services,9,6,92078.95,68181.5,23897.45,2455.96
S008491,2025-07-01,M040,Business Services,8,4,71663.88,51572.21,20091.67,1651.78
S008492,2025-08-01,M040,Business Services,10,7,88019.78,62583.81,25435.97,4153.85
S008493,2025-09-01,M040,Business Services,10,7,99493.8,74491.16,25002.64,4314.66
S008494,2025-10-01,M040,Business Services,11,6,93269.32,64480.06,28789.26,3951.73
S008495,2025-11-01,M040,Business Services,11,7,109228.43,76834.49,32393.94,8024.91
S008496,2025-12-01,M040,Business Services,12,9,124022.14,90036.16,33985.98,2517.49
S008497,2023-01-01,M040,Consulting,6,4,152747.66,113023.88,39723.78,4820.58
S008498,2023-02-01,M040,Consulting,5,3,113617.52,80855.1,32762.42,6745.32
S008499,2023-03-01,M040,Consulting,7,5,167364.12,118706.03,48658.09,14477.26
S008500,2023-04-01,M040,Consulting,6,4,157127.48,108889.09,48238.39,11613.23
S008501,2023-05-01,M040,Consulting,6,4,157969.66,116245.87,41723.79,6444.56
S008502,2023-06-01,M040,Consulting,7,4,159352.51,118184.4,41168.11,11180.16
S008503,2023-07-01,M040,Consulting,6,4,165960.56,122753.49,43207.07,13861.16
S008504,2023-08-01,M040,Consulting,5,3,135449.63,94374.04,41075.59,8679.13
S008505,2023-09-01,M040,Consulting,5,3,112813.78,79456.11,33357.67,9240.98
S008506,2023-10-01,M040,Consulting,7,4,192819.59,133070.81,59748.78,9422.36
S008507,2023-11-01,M040,Consulting,8,5,196162.06,142200.86,53961.2,12326.08
S008508,2023-12-01,M040,Consulting,8,4,199886.21,144176.81,55709.4,9551.23
S008509,2024-01-01,M040,Consulting,7,5,190256.78,139259.29,50997.49,5986.69
S008510,2024-02-01,M040,Consulting,6,3,144452.15,99713.67,44738.48,6926.59
S008511,2024-03-01,M040,Consulting,8,5,223370.18,165025.21,58344.97,17798.22
S008512,2024-04-01,M040,Consulting,7,5,189830.73,133636.08,56194.65,13879.67
S008513,2024-05-01,M040,Consulting,7,3,186884.93,137804.25,49080.68,14793.66
S008514,2024-06-01,M040,Consulting,9,5,205279.42,151779.55,53499.87,11974.17
S008515,2024-07-01,M040,Consulting,7,5,166963.03,120618.49,46344.54,11278.82
S008516,2024-08-01,M040,Consulting,9,6,217663.26,159361.36,58301.9,6358.4
S008517,2024-09-01,M040,Consulting,7,4,163465.95,115223.04,48242.91,10073.33
S008518,2024-10-01,M040,Consulting,8,4,187433.17,136953.82,50479.35,13903.76
S008519,2024-11-01,M040,Consulting,7,3,165842.31,118752.28,47090.03,14208.9
S008520,2024-12-01,M040,Consulting,8,5,188055.79,137080.93,50974.86,8143.52
S008521,2025-01-01,M040,Consulting,9,6,234403.56,171594.84,62808.72,8516.69
S008522,2025-02-01,M040,Consulting,8,4,196135.71,139656.07,56479.64,12657.67
S008523,2025-03-01,M040,Consulting,9,5,235596.56,175014.38,60582.18,16195.69
S008524,2025-04-01,M040,Consulting,8,5,219992.28,155392.12,64600.16,18253.39
S008525,2025-05-01,M040,Consulting,9,7,250898.86,185989.32,64909.54,13068.33
S008526,2025-06-01,M040,Consulting,10,6,229319.67,161831.87,67487.8,13444.53
S008527,2025-07-01,M040,Consulting,8,5,209870.74,149580.47,60290.27,17362.31
S008528,2025-08-01,M040,Consulting,9,5,229789.94,160958.96,68830.98,6557.9
S008529,2025-09-01,M040,Consulting,11,7,305216.6,213356.16,91860.44,7575.54
S008530,2025-10-01,M040,Consulting,11,8,261099.22,182879.41,78219.81,7882.74
S008531,2025-11-01,M040,Consulting,10,6,259075.73,185871.71,73204.02,13350.98
S008532,2025-12-01,M040,Consulting,11,7,298460.57,218076.95,80383.62,10027.42
S008533,2023-01-01,M040,Digital Solutions,5,3,73395.14,51313.86,22081.28,6562.46
S008534,2023-02-01,M040,Digital Solutions,6,4,79732.66,58399.65,21333.01,2056.31
S008535,2023-03-01,M040,Digital Solutions,6,4,79308.64,55436.77,23871.87,3461.79
S008536,2023-04-01,M040,Digital Solutions,7,4,100090.96,69147.28,30943.68,6071.84
S008537,2023-05-01,M040,Digital Solutions,6,4,92782.16,64181.32,28600.84,6525.98
S008538,2023-06-01,M040,Digital Solutions,5,3,64302.18,45518.87,18783.31,5447.1
S008539,2023-07-01,M040,Digital Solutions,5,3,67403.7,47949.7,19454.0,3437.2
S008540,2023-08-01,M040,Digital Solutions,5,3,74287.91,52182.13,22105.78,5158.27
S008541,2023-09-01,M040,Digital Solutions,7,5,96737.09,68293.73,28443.36,8089.29
S008542,2023-10-01,M040,Digital Solutions,7,4,92834.71,67561.7,25273.01,4840.0
S008543,2023-11-01,M040,Digital Solutions,6,4,93640.42,67642.94,25997.48,7198.33
S008544,2023-12-01,M040,Digital Solutions,8,6,106602.24,76810.89,29791.35,5926.29
S008545,2024-01-01,M040,Digital Solutions,8,5,118275.88,86705.91,31569.97,9043.85
S008546,2024-02-01,M040,Digital Solutions,7,4,106879.89,77376.59,29503.3,7708.25
S008547,2024-03-01,M040,Digital Solutions,7,4,102174.37,70781.47,31392.9,7045.12
S008548,2024-04-01,M040,Digital Solutions,6,4,85617.0,60163.04,25453.96,6153.64
S008549,2024-05-01,M040,Digital Solutions,8,4,114297.51,82611.21,31686.3,9278.48
S008550,2024-06-01,M040,Digital Solutions,6,3,92681.14,66672.71,26008.43,3786.8
S008551,2024-07-01,M040,Digital Solutions,8,4,120934.67,88813.67,32121.0,3842.47
S008552,2024-08-01,M040,Digital Solutions,8,4,107789.15,76660.07,31129.08,7032.44
S008553,2024-09-01,M040,Digital Solutions,9,5,133497.79,95058.35,38439.44,3944.39
S008554,2024-10-01,M040,Digital Solutions,9,5,142969.51,106556.65,36412.86,2866.15
S008555,2024-11-01,M040,Digital Solutions,8,6,119769.65,85196.82,34572.83,9117.28
S008556,2024-12-01,M040,Digital Solutions,9,5,133115.86,98100.92,35014.94,9613.58
S008557,2025-01-01,M040,Digital Solutions,7,5,97214.94,71310.26,25904.68,3155.18
S008558,2025-02-01,M040,Digital Solutions,8,4,112638.98,80389.25,32249.73,5571.31
S008559,2025-03-01,M040,Digital Solutions,10,5,148657.71,107535.46,41122.25,5733.96
S008560,2025-04-01,M040,Digital Solutions,7,4,98056.26,70427.18,27629.08,3665.82
S008561,2025-05-01,M040,Digital Solutions,9,5,139903.08,103492.38,36410.7,5979.97
S008562,2025-06-01,M040,Digital Solutions,8,5,101456.94,71873.12,29583.82,8068.28
S008563,2025-07-01,M040,Digital Solutions,10,5,140279.15,97245.6,43033.55,12512.64
S008564,2025-08-01,M040,Digital Solutions,9,5,134371.16,99822.06,34549.1,9896.55
S008565,2025-09-01,M040,Digital Solutions,10,6,138083.05,102537.41,35545.64,9636.57
S008566,2025-10-01,M040,Digital Solutions,9,5,132573.94,94035.88,38538.06,10477.56
S008567,2025-11-01,M040,Digital Solutions,10,6,157862.27,114662.59,43199.68,13028.02
S008568,2025-12-01,M040,Digital Solutions,10,7,159186.81,116850.51,42336.3,5260.08
S008569,2023-01-01,M040,SaaS,5,3,60027.77,43483.38,16544.39,2384.35
S008570,2023-02-01,M040,SaaS,6,3,72689.71,52828.27,19861.44,3394.14
S008571,2023-03-01,M040,SaaS,6,4,76090.6,56409.47,19681.13,1718.96
S008572,2023-04-01,M040,SaaS,7,5,85264.26,59169.98,26094.28,1942.79
S008573,2023-05-01,M040,SaaS,5,2,56028.1,41974.71,14053.39,4924.6
S008574,2023-06-01,M040,SaaS,6,3,71851.12,52279.61,19571.51,6177.12
S008575,2023-07-01,M040,SaaS,5,3,61235.5,44835.87,16399.63,4023.41
S008576,2023-08-01,M040,SaaS,5,3,55043.65,38116.55,16927.1,4834.27
S008577,2023-09-01,M040,SaaS,7,4,90271.27,65939.81,24331.46,6430.71
S008578,2023-10-01,M040,SaaS,8,6,90551.72,62575.41,27976.31,5414.16
S008579,2023-11-01,M040,SaaS,6,4,72256.47,50044.54,22211.93,2784.98
S008580,2023-12-01,M040,SaaS,6,3,65521.82,48489.06,17032.76,4452.47
S008581,2024-01-01,M040,SaaS,6,3,71064.29,52328.24,18736.05,2500.89
S008582,2024-02-01,M040,SaaS,7,4,85169.9,60316.46,24853.44,4010.87
S008583,2024-03-01,M040,SaaS,6,3,82199.99,58416.53,23783.46,2310.1
S008584,2024-04-01,M040,SaaS,6,4,71020.14,49253.78,21766.36,3424.57
S008585,2024-05-01,M040,SaaS,7,4,90706.92,67583.9,23123.02,4824.61
S008586,2024-06-01,M040,SaaS,8,4,105082.49,75826.79,29255.7,2946.52
S008587,2024-07-01,M040,SaaS,9,5,99340.36,72693.42,26646.94,3197.93
S008588,2024-08-01,M040,SaaS,8,6,92545.31,67954.57,24590.74,5843.64
S008589,2024-09-01,M040,SaaS,7,3,77805.81,57624.57,20181.24,6803.65
S008590,2024-10-01,M040,SaaS,7,4,90247.75,64900.27,25347.48,7787.78
S008591,2024-11-01,M040,SaaS,8,4,103170.37,74180.18,28990.19,5669.05
S008592,2024-12-01,M040,SaaS,8,4,96929.08,68675.65,28253.43,2154.63
S008593,2025-01-01,M040,SaaS,9,5,119169.48,87477.18,31692.3,4891.3
S008594,2025-02-01,M040,SaaS,7,4,90703.42,62700.46,28002.96,5685.26
S008595,2025-03-01,M040,SaaS,10,5,130972.54,92075.55,38896.99,4772.02
S008596,2025-04-01,M040,SaaS,7,5,94977.87,68777.2,26200.67,6253.55
S008597,2025-05-01,M040,SaaS,9,6,119695.07,86736.66,32958.41,3218.25
S008598,2025-06-01,M040,SaaS,10,7,131177.78,90610.32,40567.46,8087.86
S008599,2025-07-01,M040,SaaS,10,5,133039.12,98566.81,34472.31,6867.07
S008600,2025-08-01,M040,SaaS,10,7,125616.94,91562.93,34054.01,9945.27
S008601,2025-09-01,M040,SaaS,10,6,121423.93,90232.28,31191.65,8658.59
S008602,2025-10-01,M040,SaaS,10,6,135115.62,98169.25,36946.37,10273.72
S008603,2025-11-01,M040,SaaS,10,5,129230.79,95430.44,33800.35,3929.32
S008604,2025-12-01,M040,SaaS,11,7,134613.72,97077.06,37536.66,9380.99
S008605,2023-01-01,M040,IT Services,6,4,107861.65,77889.3,29972.35,8791.9
S008606,2023-02-01,M040,IT Services,5,2,87318.75,63142.95,24175.8,6205.86
S008607,2023-03-01,M040,IT Services,7,4,123737.41,86683.2,37054.21,8849.07
S008608,2023-04-01,M040,IT Services,6,4,98799.71,72024.33,26775.38,5126.34
S008609,2023-05-01,M040,IT Services,6,3,86473.07,63183.27,23289.8,2545.13
S008610,2023-06-01,M040,IT Services,7,4,122986.67,89433.84,33552.83,3176.39
S008611,2023-07-01,M040,IT Services,6,4,90983.89,66865.73,24118.16,8146.29
S008612,2023-08-01,M040,IT Services,6,3,99886.25,72868.02,27018.23,7531.59
S008613,2023-09-01,M040,IT Services,6,4,95697.0,66895.89,28801.11,2465.55
S008614,2023-10-01,M040,IT Services,8,6,134068.17,100179.72,33888.45,9565.08
S008615,2023-11-01,M040,IT Services,8,5,142164.98,101402.06,40762.92,11616.72
S008616,2023-12-01,M040,IT Services,7,5,127430.95,91061.67,36369.28,3533.0
S008617,2024-01-01,M040,IT Services,6,4,99712.24,68731.52,30980.72,3665.0
S008618,2024-02-01,M040,IT Services,6,4,102198.94,74553.78,27645.16,9193.68
S008619,2024-03-01,M040,IT Services,7,4,122007.48,84238.64,37768.84,6954.94
S008620,2024-04-01,M040,IT Services,7,5,106919.23,77430.15,29489.08,6989.52
S008621,2024-05-01,M040,IT Services,7,4,120461.86,87668.05,32793.81,6568.29
S008622,2024-06-01,M040,IT Services,6,4,94901.3,68401.78,26499.52,2074.13
S008623,2024-07-01,M040,IT Services,6,4,87568.02,63548.55,24019.47,5112.91
S008624,2024-08-01,M040,IT Services,7,4,106030.93,73381.61,32649.32,7388.14
S008625,2024-09-01,M040,IT Services,8,6,126447.51,94553.12,31894.39,5810.76
S008626,2024-10-01,M040,IT Services,8,4,140799.52,101981.42,38818.1,10196.22
S008627,2024-11-01,M040,IT Services,9,6,139004.97,99286.64,39718.33,6598.66
S008628,2024-12-01,M040,IT Services,8,5,134279.22,98600.63,35678.59,8178.37
S008629,2025-01-01,M040,IT Services,10,6,147688.49,102829.45,44859.04,9470.43
S008630,2025-02-01,M040,IT Services,7,5,109493.87,81227.15,28266.72,3803.23
S008631,2025-03-01,M040,IT Services,9,5,130116.51,90721.91,39394.6,11213.95
S008632,2025-04-01,M040,IT Services,9,5,159606.86,116661.8,42945.06,14075.06
S008633,2025-05-01,M040,IT Services,10,6,157313.62,108640.38,48673.24,10778.66
S008634,2025-06-01,M040,IT Services,10,5,151531.01,108923.88,42607.13,9837.09
S008635,2025-07-01,M040,IT Services,8,6,125836.94,90092.52,35744.42,8194.97
S008636,2025-08-01,M040,IT Services,10,5,151094.52,107055.68,44038.84,10596.74
S008637,2025-09-01,M040,IT Services,9,6,130888.02,91761.64,39126.38,7961.47
S008638,2025-10-01,M040,IT Services,10,6,166208.62,118959.87,47248.75,7513.43
S008639,2025-11-01,M040,IT Services,10,7,178137.01,131023.57,47113.44,7615.24
S008640,2025-12-01,M040,IT Services,9,5,138913.6,101562.97,37350.63,12294.71
S008641,2023-01-01,M041,Software,13,7,210660.79,141875.66,68785.13,5049.64
S008642,2023-02-01,M041,Software,13,9,252439.6,171570.4,80869.2,14587.0
S008643,2023-03-01,M041,Software,15,8,259812.77,175581.06,84231.71,20935.87
S008644,2023-04-01,M041,Software,13,9,225639.35,151857.59,73781.76,16650.03
S008645,2023-05-01,M041,Software,11,7,179417.09,124702.47,54714.62,9730.61
S008646,2023-06-01,M041,Software,13,9,231282.5,166615.33,64667.17,11078.67
S008647,2023-07-01,M041,Software,13,8,233780.18,160360.53,73419.65,19334.95
S008648,2023-08-01,M041,Software,11,6,207404.04,147649.15,59754.89,14399.32
S008649,2023-09-01,M041,Software,15,10,272306.49,192251.47,80055.02,7831.44
S008650,2023-10-01,M041,Software,13,8,259743.77,180219.22,79524.55,13040.93
S008651,2023-11-01,M041,Software,12,7,229401.79,164855.53,64546.26,5191.87
S008652,2023-12-01,M041,Software,15,8,300329.04,209807.88,90521.16,12361.3
S008653,2024-01-01,M041,Software,15,9,265348.69,179303.24,86045.45,6997.61
S008654,2024-02-01,M041,Software,14,8,260878.55,186710.28,74168.27,21711.83
S008655,2024-03-01,M041,Software,16,11,323831.64,232572.21,91259.43,21634.31
S008656,2024-04-01,M041,Software,13,8,221726.29,156004.26,65722.03,5418.41
S008657,2024-05-01,M041,Software,12,7,210277.95,145860.07,64417.88,5445.8
S008658,2024-06-01,M041,Software,14,8,240903.03,171081.15,69821.88,8605.43
S008659,2024-07-01,M041,Software,15,9,258649.68,184538.33,74111.35,16868.29
S008660,2024-08-01,M041,Software,14,10,259061.7,179659.65,79402.05,9220.19
S008661,2024-09-01,M041,Software,15,10,272888.14,194412.39,78475.75,7457.53
S008662,2024-10-01,M041,Software,16,11,272139.95,190918.57,81221.38,5690.99
S008663,2024-11-01,M041,Software,14,9,267263.68,186933.09,80330.59,20240.42
S008664,2024-12-01,M041,Software,14,8,251968.17,182483.02,69485.15,6422.55
S008665,2025-01-01,M041,Software,12,9,246232.57,165931.62,80300.95,18959.39
S008666,2025-02-01,M041,Software,14,10,278498.18,201377.23,77120.95,13541.38
S008667,2025-03-01,M041,Software,14,9,283006.09,203657.48,79348.61,15677.75
S008668,2025-04-01,M041,Software,15,10,253804.4,174065.66,79738.74,18135.17
S008669,2025-05-01,M041,Software,16,10,268617.3,188515.1,80102.2,15841.82
S008670,2025-06-01,M041,Software,14,10,284542.72,200567.68,83975.04,11677.07
S008671,2025-07-01,M041,Software,14,8,270233.37,194588.66,75644.71,15818.77
S008672,2025-08-01,M041,Software,13,10,222211.56,151642.87,70568.69,19689.34
S008673,2025-09-01,M041,Software,17,11,277133.76,186895.74,90238.02,10537.81
S008674,2025-10-01,M041,Software,17,11,278731.49,196087.95,82643.54,13465.48
S008675,2025-11-01,M041,Software,16,9,308687.87,219100.63,89587.24,10990.93
S008676,2025-12-01,M041,Software,14,10,239488.4,166674.9,72813.5,12606.84
S008677,2023-01-01,M041,Business Services,18,12,178035.11,126320.88,51714.23,12234.86
S008678,2023-02-01,M041,Business Services,16,12,132325.3,88780.6,43544.7,9230.36
S008679,2023-03-01,M041,Business Services,18,10,184736.58,133563.48,51173.1,7278.74
S008680,2023-04-01,M041,Business Services,15,8,139313.71,97989.62,41324.09,9082.08
S008681,2023-05-01,M041,Business Services,15,9,124434.96,84581.44,39853.52,9271.87
S008682,2023-06-01,M041,Business Services,16,9,153021.76,109007.47,44014.29,10649.36
S008683,2023-07-01,M041,Business Services,14,8,127822.47,92299.68,35522.79,4546.15
S008684,2023-08-01,M041,Business Services,18,10,153899.97,105965.17,47934.8,10331.64
S008685,2023-09-01,M041,Business Services,17,12,154655.59,107155.94,47499.65,7926.44
S008686,2023-10-01,M041,Business Services,17,9,167431.78,113620.31,53811.47,12137.67
S008687,2023-11-01,M041,Business Services,18,13,171599.79,123682.9,47916.89,8042.06
S008688,2023-12-01,M041,Business Services,15,9,150478.71,102286.2,48192.51,13516.06
S008689,2024-01-01,M041,Business Services,14,8,121375.93,83027.26,38348.67,10882.14
S008690,2024-02-01,M041,Business Services,18,10,163399.18,111214.98,52184.2,10311.69
S008691,2024-03-01,M041,Business Services,18,13,171771.22,119844.48,51926.74,12686.0
S008692,2024-04-01,M041,Business Services,18,10,174127.8,122996.04,51131.76,8560.17
S008693,2024-05-01,M041,Business Services,17,9,157876.66,111922.43,45954.23,10685.61
S008694,2024-06-01,M041,Business Services,18,12,148237.01,102344.23,45892.78,5667.14
S008695,2024-07-01,M041,Business Services,19,10,174958.69,119408.43,55550.26,4552.08
S008696,2024-08-01,M041,Business Services,17,9,165457.95,111003.11,54454.84,11745.64
S008697,2024-09-01,M041,Business Services,16,10,147987.12,100532.88,47454.24,11754.52
S008698,2024-10-01,M041,Business Services,18,12,183093.35,131266.78,51826.57,9379.44
S008699,2024-11-01,M041,Business Services,18,13,168352.84,117149.12,51203.72,7873.83
S008700,2024-12-01,M041,Business Services,18,10,157855.29,114768.0,43087.29,11576.08
S008701,2025-01-01,M041,Business Services,17,9,145092.36,99178.29,45914.07,11819.97
S008702,2025-02-01,M041,Business Services,19,12,187323.47,129681.99,57641.48,8415.59
S008703,2025-03-01,M041,Business Services,21,15,215654.26,146224.45,69429.81,7675.7
S008704,2025-04-01,M041,Business Services,19,12,170508.09,118410.45,52097.64,12500.8
S008705,2025-05-01,M041,Business Services,17,12,138230.76,98689.14,39541.62,8416.9
S008706,2025-06-01,M041,Business Services,21,15,215950.39,147279.92,68670.47,11105.44
S008707,2025-07-01,M041,Business Services,19,12,170970.51,117132.57,53837.94,14658.52
S008708,2025-08-01,M041,Business Services,17,9,159823.1,110834.45,48988.65,6907.32
S008709,2025-09-01,M041,Business Services,21,14,188892.25,131744.72,57147.53,13148.65
S008710,2025-10-01,M041,Business Services,18,12,176871.07,127072.83,49798.24,3675.73
S008711,2025-11-01,M041,Business Services,23,16,210545.04,150234.57,60310.47,17089.07
S008712,2025-12-01,M041,Business Services,18,11,156838.66,106901.2,49937.46,9067.18
S008713,2023-01-01,M041,Consulting,16,12,405074.38,290955.75,114118.63,18116.12
S008714,2023-02-01,M041,Consulting,20,12,531429.77,375251.21,156178.56,20542.92
S008715,2023-03-01,M041,Consulting,17,12,448361.72,316962.68,131399.04,37169.73
S008716,2023-04-01,M041,Consulting,17,10,411221.16,295271.19,115949.97,31342.77
S008717,2023-05-01,M041,Consulting,16,11,459545.69,313764.92,145780.77,37744.3
S008718,2023-06-01,M041,Consulting,21,13,528190.86,369051.96,159138.9,36541.57
S008719,2023-07-01,M041,Consulting,21,14,598201.68,421957.26,176244.42,13922.14
S008720,2023-08-01,M041,Consulting,21,13,589099.64,422762.81,166336.83,50466.2
S008721,2023-09-01,M041,Consulting,17,10,429164.61,298321.33,130843.28,11930.92
S008722,2023-10-01,M041,Consulting,21,13,535555.83,387620.04,147935.79,13900.57
S008723,2023-11-01,M041,Consulting,24,13,672485.63,455011.57,217474.06,48310.57
S008724,2023-12-01,M041,Consulting,19,14,527813.36,359584.89,168228.47,30047.28
S008725,2024-01-01,M041,Consulting,20,11,452506.57,319283.42,133223.15,15876.21
S008726,2024-02-01,M041,Consulting,17,12,394970.31,273599.77,121370.54,31873.84
S008727,2024-03-01,M041,Consulting,23,15,562165.25,397821.74,164343.51,26870.36
S008728,2024-04-01,M041,Consulting,22,14,574362.59,408450.68,165911.91,30766.48
S008729,2024-05-01,M041,Consulting,23,13,623379.14,434702.54,188676.6,20329.01
S008730,2024-06-01,M041,Consulting,20,15,528749.51,356777.71,171971.8,28860.45
S008731,2024-07-01,M041,Consulting,21,16,544956.25,377980.36,166975.89,48546.4
S008732,2024-08-01,M041,Consulting,20,12,505390.3,356538.66,148851.64,28462.01
S008733,2024-09-01,M041,Consulting,21,13,490998.78,341031.18,149967.6,22557.55
S008734,2024-10-01,M041,Consulting,20,15,574573.48,403959.24,170614.24,13710.04
S008735,2024-11-01,M041,Consulting,26,19,615730.05,438835.68,176894.37,21913.43
S008736,2024-12-01,M041,Consulting,22,13,532040.58,386760.32,145280.26,28455.27
S008737,2025-01-01,M041,Consulting,24,17,684610.59,470979.02,213631.57,28772.97
S008738,2025-02-01,M041,Consulting,25,19,710723.7,497963.08,212760.62,55341.0
S008739,2025-03-01,M041,Consulting,22,14,602550.82,437016.21,165534.61,31071.3
S008740,2025-04-01,M041,Consulting,18,11,478480.4,347237.34,131243.06,29857.42
S008741,2025-05-01,M041,Consulting,24,13,554578.68,398224.97,156353.71,46097.71
S008742,2025-06-01,M041,Consulting,20,12,474555.34,328019.7,146535.64,19323.47
S008743,2025-07-01,M041,Consulting,21,16,584751.52,423862.89,160888.63,21716.44
S008744,2025-08-01,M041,Consulting,23,16,621638.01,421277.89,200360.12,44319.03
S008745,2025-09-01,M041,Consulting,19,11,540068.26,382955.1,157113.16,27857.13
S008746,2025-10-01,M041,Consulting,26,18,632488.01,444339.13,188148.88,39449.05
S008747,2025-11-01,M041,Consulting,27,20,735172.09,511292.75,223879.34,26666.96
S008748,2025-12-01,M041,Consulting,26,17,643561.01,449959.54,193601.47,45556.77
S008749,2023-01-01,M041,Digital Solutions,12,6,188956.78,135160.17,53796.61,6641.5
S008750,2023-02-01,M041,Digital Solutions,13,8,205406.89,139425.77,65981.12,9802.75
S008751,2023-03-01,M041,Digital Solutions,15,10,225039.12,163422.62,61616.5,8131.01
S008752,2023-04-01,M041,Digital Solutions,14,8,207402.61,148737.53,58665.08,18418.99
S008753,2023-05-01,M041,Digital Solutions,13,8,190169.44,136880.44,53289.0,4207.51
S008754,2023-06-01,M041,Digital Solutions,13,10,197997.4,141417.48,56579.92,15871.56
S008755,2023-07-01,M041,Digital Solutions,15,10,222272.36,153328.01,68944.35,15487.72
S008756,2023-08-01,M041,Digital Solutions,12,7,192874.5,132094.27,60780.23,12174.11
S008757,2023-09-01,M041,Digital Solutions,16,11,206616.48,148137.91,58478.57,7984.68
S008758,2023-10-01,M041,Digital Solutions,14,8,213699.41,150667.0,63032.41,5023.95
S008759,2023-11-01,M041,Digital Solutions,16,10,251981.14,169025.22,82955.92,15252.88
S008760,2023-12-01,M041,Digital Solutions,14,9,219267.77,147537.38,71730.39,18675.83
S008761,2024-01-01,M041,Digital Solutions,13,7,190738.07,133043.0,57695.07,11659.17
S008762,2024-02-01,M041,Digital Solutions,16,11,248310.24,166282.52,82027.72,11381.47
S008763,2024-03-01,M041,Digital Solutions,13,9,199304.02,144652.77,54651.25,12659.29
S008764,2024-04-01,M041,Digital Solutions,17,11,239535.79,166064.08,73471.71,21350.57
S008765,2024-05-01,M041,Digital Solutions,13,9,181465.28,121448.58,60016.7,6645.96
S008766,2024-06-01,M041,Digital Solutions,14,11,177909.39,127928.58,49980.81,7627.18
S008767,2024-07-01,M041,Digital Solutions,17,10,239191.71,159831.9,79359.81,18243.1
S008768,2024-08-01,M041,Digital Solutions,16,9,250274.12,171100.51,79173.61,21082.03
S008769,2024-09-01,M041,Digital Solutions,15,11,214914.02,145918.41,68995.61,5838.13
S008770,2024-10-01,M041,Digital Solutions,18,10,288902.42,197367.69,91534.73,12499.69
S008771,2024-11-01,M041,Digital Solutions,17,12,251287.23,176372.36,74914.87,18369.2
S008772,2024-12-01,M041,Digital Solutions,17,12,220611.91,152208.02,68403.89,19719.05
S008773,2025-01-01,M041,Digital Solutions,17,12,217007.94,156041.09,60966.85,7909.08
S008774,2025-02-01,M041,Digital Solutions,15,10,210855.61,152755.57,58100.04,12615.24
S008775,2025-03-01,M041,Digital Solutions,14,10,194462.27,136441.87,58020.4,11267.6
S008776,2025-04-01,M041,Digital Solutions,14,9,220551.06,160253.4,60297.66,18149.09
S008777,2025-05-01,M041,Digital Solutions,18,11,259550.14,174844.62,84705.52,6683.19
S008778,2025-06-01,M041,Digital Solutions,18,13,240451.41,171132.55,69318.86,5112.75
S008779,2025-07-01,M041,Digital Solutions,15,9,204717.7,144346.45,60371.25,18181.65
S008780,2025-08-01,M041,Digital Solutions,17,13,243527.63,164324.15,79203.48,4921.4
S008781,2025-09-01,M041,Digital Solutions,17,9,221134.05,150147.11,70986.94,7541.17
S008782,2025-10-01,M041,Digital Solutions,18,14,228625.44,155562.77,73062.67,17285.71
S008783,2025-11-01,M041,Digital Solutions,17,11,224480.95,153925.66,70555.29,20024.99
S008784,2025-12-01,M041,Digital Solutions,18,13,262182.4,190127.83,72054.57,20295.84
S008785,2023-01-01,M041,SaaS,17,10,213992.89,143330.88,70662.01,10448.43
S008786,2023-02-01,M041,SaaS,16,11,188289.77,136716.22,51573.55,5047.82
S008787,2023-03-01,M041,SaaS,16,11,180623.2,123576.77,57046.43,14276.01
S008788,2023-04-01,M041,SaaS,18,12,218725.24,156338.2,62387.04,18971.95
S008789,2023-05-01,M041,SaaS,15,8,190808.79,129652.87,61155.92,6474.49
S008790,2023-06-01,M041,SaaS,14,7,172749.91,123303.06,49446.85,4344.93
S008791,2023-07-01,M041,SaaS,16,11,196685.46,139338.53,57346.93,12531.4
S008792,2023-08-01,M041,SaaS,17,10,187297.77,130666.72,56631.05,14660.09
S008793,2023-09-01,M041,SaaS,17,12,202915.31,146042.06,56873.25,4666.84
S008794,2023-10-01,M041,SaaS,19,11,220044.45,154602.11,65442.34,4904.72
S008795,2023-11-01,M041,SaaS,19,13,235472.06,171052.89,64419.17,10092.18
S008796,2023-12-01,M041,SaaS,20,13,254065.57,176891.66,77173.91,19144.79
S008797,2024-01-01,M041,SaaS,17,12,211360.86,143451.4,67909.46,4577.97
S008798,2024-02-01,M041,SaaS,16,9,176762.31,118484.58,58277.73,15502.3
S008799,2024-03-01,M041,SaaS,20,13,254547.53,174505.56,80041.97,11412.45
S008800,2024-04-01,M041,SaaS,18,11,222507.1,161104.38,61402.72,5659.45
S008801,2024-05-01,M041,SaaS,15,11,194526.28,133862.19,60664.09,12793.63
S008802,2024-06-01,M041,SaaS,19,10,208465.75,139987.63,68478.12,5642.83
S008803,2024-07-01,M041,SaaS,18,13,198448.12,142866.46,55581.66,4001.68
S008804,2024-08-01,M041,SaaS,20,13,237468.89,168814.11,68654.78,6563.86
S008805,2024-09-01,M041,SaaS,19,15,212904.36,144506.33,68398.03,7996.39
S008806,2024-10-01,M041,SaaS,21,11,272483.54,186451.05,86032.49,11655.52
S008807,2024-11-01,M041,SaaS,18,13,232184.79,160279.77,71905.02,9896.5
S008808,2024-12-01,M041,SaaS,18,10,208922.23,151135.61,57786.62,13876.9
S008809,2025-01-01,M041,SaaS,19,13,247012.09,173165.1,73846.99,12642.45
S008810,2025-02-01,M041,SaaS,15,11,189546.87,133986.96,55559.91,5398.49
S008811,2025-03-01,M041,SaaS,17,10,208908.88,144790.4,64118.48,5796.76
S008812,2025-04-01,M041,SaaS,20,12,274171.32,185518.85,88652.47,19880.01
S008813,2025-05-01,M041,SaaS,16,10,189253.77,134867.53,54386.24,16124.31
S008814,2025-06-01,M041,SaaS,18,10,201066.29,144017.41,57048.88,9833.18
S008815,2025-07-01,M041,SaaS,20,12,221282.52,156969.34,64313.18,14294.38
S008816,2025-08-01,M041,SaaS,16,9,206861.17,140739.04,66122.13,14215.44
S008817,2025-09-01,M041,SaaS,16,10,212428.39,146030.83,66397.56,9730.82
S008818,2025-10-01,M041,SaaS,23,16,310892.18,210910.99,99981.19,18151.33
S008819,2025-11-01,M041,SaaS,21,16,238906.02,166636.11,72269.91,6441.11
S008820,2025-12-01,M041,SaaS,19,11,255982.93,173482.95,82499.98,14174.15
S008821,2023-01-01,M041,IT Services,16,11,233970.1,169882.0,64088.1,13072.08
S008822,2023-02-01,M041,IT Services,20,14,350296.02,234003.58,116292.44,24908.98
S008823,2023-03-01,M041,IT Services,18,12,324256.05,230534.51,93721.54,12620.98
S008824,2023-04-01,M041,IT Services,18,10,298324.83,206152.95,92171.88,12886.18
S008825,2023-05-01,M041,IT Services,18,10,261092.1,182063.56,79028.54,8603.44
S008826,2023-06-01,M041,IT Services,17,13,309632.9,222056.55,87576.35,14270.27
S008827,2023-07-01,M041,IT Services,16,12,252788.9,175646.36,77142.54,20436.97
S008828,2023-08-01,M041,IT Services,18,13,322218.47,222197.85,100020.62,14026.37
S008829,2023-09-01,M041,IT Services,19,13,328181.91,234519.88,93662.03,10410.8
S008830,2023-10-01,M041,IT Services,19,11,297724.88,201102.34,96622.54,16039.62
S008831,2023-11-01,M041,IT Services,18,11,278243.2,194400.06,83843.14,23604.16
S008832,2023-12-01,M041,IT Services,21,14,307416.52,208098.3,99318.22,25324.5
S008833,2024-01-01,M041,IT Services,19,13,308480.65,209008.04,99472.61,12957.76
S008834,2024-02-01,M041,IT Services,17,12,293691.59,198516.88,95174.71,12295.63
S008835,2024-03-01,M041,IT Services,19,12,330866.65,240358.83,90507.82,12273.75
S008836,2024-04-01,M041,IT Services,18,14,321361.85,217057.81,104304.04,14815.23
S008837,2024-05-01,M041,IT Services,17,9,254217.59,182576.91,71640.68,8992.28
S008838,2024-06-01,M041,IT Services,16,9,234618.34,162510.17,72108.17,18370.3
S008839,2024-07-01,M041,IT Services,17,10,276418.13,192355.99,84062.14,18645.01
S008840,2024-08-01,M041,IT Services,21,16,333589.97,235857.26,97732.71,21083.44
S008841,2024-09-01,M041,IT Services,21,16,383525.42,256429.79,127095.63,25405.32
S008842,2024-10-01,M041,IT Services,21,15,349722.52,241717.74,108004.78,29884.57
S008843,2024-11-01,M041,IT Services,21,14,383554.94,277460.64,106094.3,26353.37
S008844,2024-12-01,M041,IT Services,21,15,339026.96,242060.69,96966.27,8628.21
S008845,2025-01-01,M041,IT Services,18,9,291444.04,202048.74,89395.3,11744.32
S008846,2025-02-01,M041,IT Services,21,13,361248.75,256339.52,104909.23,12029.59
S008847,2025-03-01,M041,IT Services,22,14,400010.25,277516.54,122493.71,33501.5
S008848,2025-04-01,M041,IT Services,21,13,328790.95,232353.19,96437.76,24549.18
S008849,2025-05-01,M041,IT Services,21,12,310392.63,209776.38,100616.25,24532.02
S008850,2025-06-01,M041,IT Services,23,17,420719.46,299187.63,121531.83,12607.8
S008851,2025-07-01,M041,IT Services,24,15,400312.22,272454.09,127858.13,26190.92
S008852,2025-08-01,M041,IT Services,23,13,381975.5,273376.73,108598.77,13850.79
S008853,2025-09-01,M041,IT Services,18,13,327599.57,227053.64,100545.93,15865.07
S008854,2025-10-01,M041,IT Services,25,19,407166.94,288230.43,118936.51,34114.53
S008855,2025-11-01,M041,IT Services,22,14,359720.94,242423.25,117297.69,32274.47
S008856,2025-12-01,M041,IT Services,25,17,449751.85,321441.43,128310.42,12700.67
S008857,2023-01-01,M042,Software,6,3,112938.23,85563.16,27375.07,6169.85
S008858,2023-02-01,M042,Software,5,3,101752.81,73957.91,27794.9,3329.73
S008859,2023-03-01,M042,Software,6,3,120692.03,90064.51,30627.52,4968.12
S008860,2023-04-01,M042,Software,6,4,123663.93,92188.45,31475.48,8885.71
S008861,2023-05-01,M042,Software,6,3,119135.99,87028.98,32107.01,6981.32
S008862,2023-06-01,M042,Software,6,3,115291.52,83496.26,31795.26,7904.37
S008863,2023-07-01,M042,Software,6,3,123522.44,93074.23,30448.21,7041.18
S008864,2023-08-01,M042,Software,6,3,98832.06,73807.57,25024.49,7686.27
S008865,2023-09-01,M042,Software,7,4,118754.53,85647.0,33107.53,4295.84
S008866,2023-10-01,M042,Software,7,4,125676.51,95540.92,30135.59,5034.79
S008867,2023-11-01,M042,Software,7,4,144845.75,105782.62,39063.13,4108.84
S008868,2023-12-01,M042,Software,7,4,129971.59,97113.42,32858.17,9121.32
S008869,2024-01-01,M042,Software,7,4,127430.12,91761.59,35668.53,6273.83
S008870,2024-02-01,M042,Software,8,5,143096.32,101644.98,41451.34,11836.71
S008871,2024-03-01,M042,Software,8,4,152424.35,108059.83,44364.52,8559.24
S008872,2024-04-01,M042,Software,7,4,123405.9,90398.58,33007.32,9853.63
S008873,2024-05-01,M042,Software,6,3,106248.31,78673.92,27574.39,8628.82
S008874,2024-06-01,M042,Software,7,5,132210.93,97969.15,34241.78,2920.91
S008875,2024-07-01,M042,Software,7,5,115322.39,87230.57,28091.82,7488.52
S008876,2024-08-01,M042,Software,8,5,143038.1,108840.93,34197.17,3129.11
S008877,2024-09-01,M042,Software,6,4,100004.76,75852.25,24152.51,2730.44
S008878,2024-10-01,M042,Software,8,6,150759.02,106934.37,43824.65,4951.03
S008879,2024-11-01,M042,Software,8,5,145720.72,103524.47,42196.25,3447.55
S008880,2024-12-01,M042,Software,8,5,162543.75,115821.36,46722.39,12936.66
S008881,2025-01-01,M042,Software,7,4,133391.61,96590.61,36801.0,5662.5
S008882,2025-02-01,M042,Software,9,5,182757.66,136768.15,45989.51,13235.29
S008883,2025-03-01,M042,Software,8,5,147790.3,105066.31,42723.99,4548.25
S008884,2025-04-01,M042,Software,7,3,115694.59,84214.48,31480.11,9639.22
S008885,2025-05-01,M042,Software,8,5,143135.69,101938.82,41196.87,3480.93
S008886,2025-06-01,M042,Software,9,6,175129.3,128477.11,46652.19,8643.7
S008887,2025-07-01,M042,Software,8,5,137947.41,98358.5,39588.91,3082.91
S008888,2025-08-01,M042,Software,8,6,164672.73,122991.71,41681.02,7241.15
S008889,2025-09-01,M042,Software,9,7,153702.67,109676.45,44026.22,7103.19
S008890,2025-10-01,M042,Software,8,5,131100.35,99166.29,31934.06,6185.15
S008891,2025-11-01,M042,Software,10,7,196562.45,142104.5,54457.95,11375.18
S008892,2025-12-01,M042,Software,9,6,150927.54,109666.25,41261.29,9150.16
S008893,2023-01-01,M042,Business Services,5,3,49504.3,37152.27,12352.03,3337.51
S008894,2023-02-01,M042,Business Services,5,3,46031.34,34413.23,11618.11,1879.15
S008895,2023-03-01,M042,Business Services,7,4,60558.01,43237.82,17320.19,4757.16
S008896,2023-04-01,M042,Business Services,5,3,45745.29,32491.81,13253.48,2119.91
S008897,2023-05-01,M042,Business Services,6,3,56383.82,39719.46,16664.36,3191.93
S008898,2023-06-01,M042,Business Services,6,3,52253.25,39221.01,13032.24,2034.42
S008899,2023-07-01,M042,Business Services,5,2,49801.6,37696.07,12105.53,1752.48
S008900,2023-08-01,M042,Business Services,7,3,63873.03,45535.23,18337.8,1918.65
S008901,2023-09-01,M042,Business Services,6,4,61415.73,46370.26,15045.47,5151.39
S008902,2023-10-01,M042,Business Services,7,5,64364.55,46367.16,17997.39,3723.59
S008903,2023-11-01,M042,Business Services,7,3,68886.61,52482.55,16404.06,4709.55
S008904,2023-12-01,M042,Business Services,7,5,63790.94,45649.15,18141.79,3520.39
S008905,2024-01-01,M042,Business Services,7,3,58335.34,43821.09,14514.25,1301.81
S008906,2024-02-01,M042,Business Services,6,4,56437.22,42864.0,13573.22,3221.11
S008907,2024-03-01,M042,Business Services,7,5,59030.15,43134.95,15895.2,2566.62
S008908,2024-04-01,M042,Business Services,6,4,59425.49,43181.65,16243.84,2195.82
S008909,2024-05-01,M042,Business Services,6,3,57797.07,42003.87,15793.2,2168.79
S008910,2024-06-01,M042,Business Services,6,4,61104.61,45558.04,15546.57,3010.53
S008911,2024-07-01,M042,Business Services,7,5,61816.9,44598.4,17218.5,3257.49
S008912,2024-08-01,M042,Business Services,6,4,56305.87,39759.91,16545.96,1602.11
S008913,2024-09-01,M042,Business Services,8,5,66193.19,48051.73,18141.46,5166.27
S008914,2024-10-01,M042,Business Services,9,5,86455.2,61138.66,25316.54,2629.72
S008915,2024-11-01,M042,Business Services,8,5,78441.18,58183.88,20257.3,3582.57
S008916,2024-12-01,M042,Business Services,8,5,65600.98,49238.27,16362.71,2223.13
S008917,2025-01-01,M042,Business Services,7,3,66432.63,48340.78,18091.85,5628.45
S008918,2025-02-01,M042,Business Services,6,3,52938.72,39678.15,13260.57,4141.97
S008919,2025-03-01,M042,Business Services,8,5,68163.2,50984.75,17178.45,3257.48
S008920,2025-04-01,M042,Business Services,7,4,72304.82,52539.1,19765.72,2934.67
S008921,2025-05-01,M042,Business Services,9,6,90564.57,64110.81,26453.76,5571.66
S008922,2025-06-01,M042,Business Services,9,5,80856.6,57967.65,22888.95,6493.03
S008923,2025-07-01,M042,Business Services,9,6,74343.47,52763.16,21580.31,5724.14
S008924,2025-08-01,M042,Business Services,8,4,71057.53,52972.35,18085.18,4811.3
S008925,2025-09-01,M042,Business Services,7,5,57915.56,42777.08,15138.48,4985.91
S008926,2025-10-01,M042,Business Services,10,5,100081.95,71190.49,28891.46,4440.69
S008927,2025-11-01,M042,Business Services,9,5,81872.37,61423.81,20448.56,4379.23
S008928,2025-12-01,M042,Business Services,11,6,99129.06,73710.2,25418.86,3105.29
S008929,2023-01-01,M042,Consulting,6,4,166524.46,126007.1,40517.36,9397.37
S008930,2023-02-01,M042,Consulting,6,3,151233.34,110820.63,40412.71,8949.05
S008931,2023-03-01,M042,Consulting,6,4,136786.92,97783.68,39003.24,10526.43
S008932,2023-04-01,M042,Consulting,5,3,124761.42,92439.55,32321.87,5566.58
S008933,2023-05-01,M042,Consulting,6,3,149589.8,109820.89,39768.91,6997.52
S008934,2023-06-01,M042,Consulting,6,4,135829.88,100260.17,35569.71,6682.23
S008935,2023-07-01,M042,Consulting,5,2,118325.49,84175.24,34150.25,10639.09
S008936,2023-08-01,M042,Consulting,5,3,125286.42,94171.88,31114.54,4969.35
S008937,2023-09-01,M042,Consulting,7,4,182013.76,130484.16,51529.6,6470.25
S008938,2023-10-01,M042,Consulting,7,4,187346.9,134094.52,53252.38,9940.44
S008939,2023-11-01,M042,Consulting,7,4,193717.7,138791.02,54926.68,6253.15
S008940,2023-12-01,M042,Consulting,6,3,162142.19,118849.93,43292.26,6401.78
S008941,2024-01-01,M042,Consulting,7,4,179320.14,130508.35,48811.79,14582.27
S008942,2024-02-01,M042,Consulting,7,5,190787.32,144844.46,45942.86,13577.83
S008943,2024-03-01,M042,Consulting,8,5,187065.46,134942.01,52123.45,12633.14
S008944,2024-04-01,M042,Consulting,6,4,138205.21,105357.71,32847.5,10784.25
S008945,2024-05-01,M042,Consulting,7,4,197311.55,143600.76,53710.79,4986.34
S008946,2024-06-01,M042,Consulting,7,4,179644.82,134350.92,45293.9,11135.45
S008947,2024-07-01,M042,Consulting,7,3,158349.32,113262.73,45086.59,7534.67
S008948,2024-08-01,M042,Consulting,6,3,145075.81,104589.2,40486.61,11320.9
S008949,2024-09-01,M042,Consulting,6,3,144712.19,105087.46,39624.73,5250.14
S008950,2024-10-01,M042,Consulting,7,5,188390.18,134429.01,53961.17,15579.03
S008951,2024-11-01,M042,Consulting,7,4,172738.42,122913.81,49824.61,4061.59
S008952,2024-12-01,M042,Consulting,7,4,182808.02,137003.45,45804.57,6035.11
S008953,2025-01-01,M042,Consulting,9,5,222833.9,157748.72,65085.18,14831.18
S008954,2025-02-01,M042,Consulting,7,5,191655.42,135483.09,56172.33,3889.65
S008955,2025-03-01,M042,Consulting,8,5,194808.64,143841.5,50967.14,8327.93
S008956,2025-04-01,M042,Consulting,7,4,176103.91,132359.84,43744.07,3579.44
S008957,2025-05-01,M042,Consulting,9,5,228616.27,172246.37,56369.9,14836.87
S008958,2025-06-01,M042,Consulting,8,5,225338.02,164842.46,60495.56,19904.49
S008959,2025-07-01,M042,Consulting,7,4,197424.8,140344.64,57080.16,4001.27
S008960,2025-08-01,M042,Consulting,7,5,162692.26,121269.08,41423.18,9373.3
S008961,2025-09-01,M042,Consulting,10,6,247809.1,174966.39,72842.71,12082.0
S008962,2025-10-01,M042,Consulting,8,5,213220.68,156357.96,56862.72,19143.53
S008963,2025-11-01,M042,Consulting,10,7,253632.91,189475.16,64157.75,12538.68
S008964,2025-12-01,M042,Consulting,11,7,290033.05,216925.61,73107.44,7327.96
S008965,2023-01-01,M042,Digital Solutions,5,3,73242.78,53259.1,19983.68,5262.11
S008966,2023-02-01,M042,Digital Solutions,5,3,80210.23,59125.05,21085.18,4823.41
S008967,2023-03-01,M042,Digital Solutions,7,5,108964.88,78113.63,30851.25,7264.04
S008968,2023-04-01,M042,Digital Solutions,6,3,89877.25,68417.27,21459.98,3664.57
S008969,2023-05-01,M042,Digital Solutions,5,3,70521.94,50069.06,20452.88,3720.33
S008970,2023-06-01,M042,Digital Solutions,6,4,81341.69,58050.83,23290.86,2189.19
S008971,2023-07-01,M042,Digital Solutions,5,3,79923.6,56686.84,23236.76,5607.71
S008972,2023-08-01,M042,Digital Solutions,6,4,96039.03,68030.08,28008.95,6845.73
S008973,2023-09-01,M042,Digital Solutions,7,4,110660.63,79481.16,31179.47,3793.47
S008974,2023-10-01,M042,Digital Solutions,7,4,104410.07,77081.29,27328.78,4758.46
S008975,2023-11-01,M042,Digital Solutions,6,4,75909.58,56699.33,19210.25,2767.7
S008976,2023-12-01,M042,Digital Solutions,7,3,95894.78,71629.84,24264.94,4083.56
S008977,2024-01-01,M042,Digital Solutions,7,4,98649.0,70524.7,28124.3,6613.97
S008978,2024-02-01,M042,Digital Solutions,6,3,90232.24,68629.04,21603.2,5628.79
S008979,2024-03-01,M042,Digital Solutions,8,6,125827.09,91305.55,34521.54,10705.83
S008980,2024-04-01,M042,Digital Solutions,6,3,84971.03,60151.57,24819.46,3831.89
S008981,2024-05-01,M042,Digital Solutions,6,4,80705.27,59813.58,20891.69,4472.17
S008982,2024-06-01,M042,Digital Solutions,8,5,103817.07,77950.92,25866.15,6033.41
S008983,2024-07-01,M042,Digital Solutions,8,5,104919.25,76243.1,28676.15,6059.95
S008984,2024-08-01,M042,Digital Solutions,7,4,110307.26,79209.71,31097.55,8170.98
S008985,2024-09-01,M042,Digital Solutions,8,4,115142.22,83019.66,32122.56,6017.37
S008986,2024-10-01,M042,Digital Solutions,8,5,127516.28,97117.19,30399.09,9303.2
S008987,2024-11-01,M042,Digital Solutions,8,5,103187.77,77123.89,26063.88,4730.16
S008988,2024-12-01,M042,Digital Solutions,8,5,103789.79,74826.86,28962.93,3883.45
S008989,2025-01-01,M042,Digital Solutions,7,4,93516.13,68625.66,24890.47,4708.84
S008990,2025-02-01,M042,Digital Solutions,8,5,120185.29,90586.32,29598.97,3091.34
S008991,2025-03-01,M042,Digital Solutions,7,5,96008.58,68863.16,27145.42,4962.42
S008992,2025-04-01,M042,Digital Solutions,7,5,107635.48,81014.36,26621.12,5035.05
S008993,2025-05-01,M042,Digital Solutions,7,4,94561.71,66481.01,28080.7,5899.07
S008994,2025-06-01,M042,Digital Solutions,9,5,120939.21,85562.83,35376.38,3333.23
S008995,2025-07-01,M042,Digital Solutions,9,6,132136.6,99654.24,32482.36,8775.61
S008996,2025-08-01,M042,Digital Solutions,8,5,104731.95,77338.77,27393.18,5366.6
S008997,2025-09-01,M042,Digital Solutions,7,3,90382.29,65852.71,24529.58,5685.05
S008998,2025-10-01,M042,Digital Solutions,8,5,103759.99,75269.66,28490.33,5298.53
S008999,2025-11-01,M042,Digital Solutions,11,7,150670.58,112124.71,38545.87,8900.71
S009000,2025-12-01,M042,Digital Solutions,10,6,135047.05,102111.64,32935.41,11053.03
S009001,2023-01-01,M042,SaaS,5,3,57701.45,40970.39,16731.06,
S009002,2023-02-01,M042,SaaS,5,2,59866.38,42443.37,17423.01,1667.5
S009003,2023-03-01,M042,SaaS,7,4,90996.81,69033.01,21963.8,2131.18
S009004,2023-04-01,M042,SaaS,6,3,80017.14,58525.02,21492.12,3176.19
S009005,2023-05-01,M042,SaaS,6,4,76180.6,56199.37,19981.23,1998.28
S009006,2023-06-01,M042,SaaS,5,3,65286.14,48298.08,16988.06,3098.62
S009007,2023-07-01,M042,SaaS,6,4,68725.23,49661.22,19064.01,2924.19
S009008,2023-08-01,M042,SaaS,6,4,68216.93,51792.54,16424.39,2073.78
S009009,2023-09-01,M042,SaaS,6,3,74011.36,55985.33,18026.03,5933.77
S009010,2023-10-01,M042,SaaS,6,3,77387.04,57503.88,19883.16,4893.3
S009011,2023-11-01,M042,SaaS,6,4,80676.76,58956.01,21720.75,3009.76
S009012,2023-12-01,M042,SaaS,7,5,90375.88,67081.61,23294.27,2744.0
S009013,2024-01-01,M042,SaaS,6,4,82588.51,59165.99,23422.52,5654.18
S009014,2024-02-01,M042,SaaS,6,3,73846.62,52328.99,21517.63,3862.33
S009015,2024-03-01,M042,SaaS,6,4,71476.46,51143.62,20332.84,4616.27
S009016,2024-04-01,M042,SaaS,7,4,96121.83,71046.5,25075.33,8147.98
S009017,2024-05-01,M042,SaaS,7,4,87530.52,64748.09,22782.43,4829.82
S009018,2024-06-01,M042,SaaS,7,4,86900.5,62301.43,24599.07,6617.32
S009019,2024-07-01,M042,SaaS,7,5,90381.44,66342.74,24038.7,3865.52
S009020,2024-08-01,M042,SaaS,7,4,87788.13,65388.86,22399.27,6479.75
S009021,2024-09-01,M042,SaaS,7,4,82156.87,60529.76,21627.11,2325.85
S009022,2024-10-01,M042,SaaS,7,3,80901.1,60362.95,20538.15,7161.01
S009023,2024-11-01,M042,SaaS,7,4,93295.32,66391.0,26904.32,7807.38
S009024,2024-12-01,M042,SaaS,8,6,98270.96,69259.37,29011.59,2120.82
S009025,2025-01-01,M042,SaaS,8,4,102473.63,74999.75,27473.88,7004.17
S009026,2025-02-01,M042,SaaS,9,6,102628.62,73675.98,28952.64,5370.75
S009027,2025-03-01,M042,SaaS,8,6,105944.9,74775.86,31169.04,5476.76
S009028,2025-04-01,M042,SaaS,9,6,112599.14,83240.0,29359.14,4777.92
S009029,2025-05-01,M042,SaaS,8,4,87075.82,64874.93,22200.89,3897.04
S009030,2025-06-01,M042,SaaS,9,6,113979.39,82039.71,31939.68,6170.46
S009031,2025-07-01,M042,SaaS,9,7,104773.24,78693.58,26079.66,2847.54
S009032,2025-08-01,M042,SaaS,9,5,116427.85,82262.41,34165.44,2735.01
S009033,2025-09-01,M042,SaaS,7,4,76705.62,54569.32,22136.3,3240.02
S009034,2025-10-01,M042,SaaS,10,6,108851.4,77672.03,31179.37,7421.26
S009035,2025-11-01,M042,SaaS,8,5,88648.03,64648.55,23999.48,7375.64
S009036,2025-12-01,M042,SaaS,10,6,126507.02,89325.2,37181.82,5606.85
S009037,2023-01-01,M042,IT Services,5,3,75755.78,56050.34,19705.44,2853.86
S009038,2023-02-01,M042,IT Services,6,4,97922.14,73343.61,24578.53,4106.03
S009039,2023-03-01,M042,IT Services,7,4,104619.28,75925.41,28693.87,3524.69
S009040,2023-04-01,M042,IT Services,6,3,107970.2,79992.2,27978.0,6271.19
S009041,2023-05-01,M042,IT Services,5,3,80287.56,56745.05,23542.51,6770.18
S009042,2023-06-01,M042,IT Services,5,3,75996.61,53652.4,22344.21,2253.41
S009043,2023-07-01,M042,IT Services,5,2,80444.78,56773.27,23671.51,5335.72
S009044,2023-08-01,M042,IT Services,7,5,121501.26,91256.27,30244.99,2778.91
S009045,2023-09-01,M042,IT Services,6,4,92234.07,70330.45,21903.62,7831.44
S009046,2023-10-01,M042,IT Services,6,4,98016.74,74085.59,23931.15,8689.68
S009047,2023-11-01,M042,IT Services,6,4,102033.8,77435.23,24598.57,7102.28
S009048,2023-12-01,M042,IT Services,6,4,106422.06,80642.54,25779.52,2955.57
S009049,2024-01-01,M042,IT Services,7,4,128129.5,94858.52,33270.98,7328.01
S009050,2024-02-01,M042,IT Services,6,3,86804.93,63266.04,23538.89,2880.58
S009051,2024-03-01,M042,IT Services,6,3,99074.03,71865.58,27208.45,8857.03
S009052,2024-04-01,M042,IT Services,7,4,103178.77,77501.18,25677.59,2260.56
S009053,2024-05-01,M042,IT Services,7,5,105119.04,79365.57,25753.47,8860.31
S009054,2024-06-01,M042,IT Services,7,5,128722.31,95717.33,33004.98,10772.56
S009055,2024-07-01,M042,IT Services,8,4,142084.69,106618.15,35466.54,7314.69
S009056,2024-08-01,M042,IT Services,8,4,126646.65,91359.92,35286.73,8378.3
S009057,2024-09-01,M042,IT Services,8,5,137011.25,99157.89,37853.36,11466.96
S009058,2024-10-01,M042,IT Services,8,4,127702.15,94283.78,33418.37,7609.71
S009059,2024-11-01,M042,IT Services,8,5,115733.14,82426.14,33307.0,6383.14
S009060,2024-12-01,M042,IT Services,7,4,102412.25,72407.42,30004.83,6590.97
S009061,2025-01-01,M042,IT Services,8,4,115520.63,81495.59,34025.04,7507.59
S009062,2025-02-01,M042,IT Services,8,5,126886.94,92824.83,34062.11,7167.02
S009063,2025-03-01,M042,IT Services,8,4,126079.72,92968.55,33111.17,8162.58
S009064,2025-04-01,M042,IT Services,9,6,130484.11,98360.11,32124.0,7001.53
S009065,2025-05-01,M042,IT Services,7,5,105960.72,76910.52,29050.2,9435.45
S009066,2025-06-01,M042,IT Services,9,7,140237.55,104195.19,36042.36,11238.24
S009067,2025-07-01,M042,IT Services,9,6,143683.57,106289.07,37394.5,9957.59
S009068,2025-08-01,M042,IT Services,8,5,132730.94,99053.55,33677.39,9521.52
S009069,2025-09-01,M042,IT Services,7,3,126639.23,96463.6,30175.63,8732.53
S009070,2025-10-01,M042,IT Services,10,7,171191.85,127283.4,43908.45,7051.66
S009071,2025-11-01,M042,IT Services,9,6,147286.34,104760.69,42525.65,7550.02
S009072,2025-12-01,M042,IT Services,8,4,138490.07,103075.63,35414.44,11063.08
S009073,2023-01-01,M043,Software,6,4,101791.66,77092.37,24699.29,5256.98
S009074,2023-02-01,M043,Software,5,3,84013.83,63904.48,20109.35,6080.5
S009075,2023-03-01,M043,Software,6,4,111499.67,83451.96,28047.71,2433.34
S009076,2023-04-01,M043,Software,7,4,135170.8,97370.24,37800.56,3197.68
S009077,2023-05-01,M043,Software,6,3,117772.35,84476.62,33295.73,3593.55
S009078,2023-06-01,M043,Software,6,4,101852.71,74810.2,27042.51,7973.3
S009079,2023-07-01,M043,Software,5,3,102803.8,74362.69,28441.11,3600.43
S009080,2023-08-01,M043,Software,5,2,98159.24,72596.7,25562.54,8332.46
S009081,2023-09-01,M043,Software,6,3,116152.57,88485.65,27666.92,3610.63
S009082,2023-10-01,M043,Software,6,3,108996.44,81306.14,27690.3,6842.91
S009083,2023-11-01,M043,Software,6,3,104913.13,75917.53,28995.6,8364.69
S009084,2023-12-01,M043,Software,6,3,121245.0,89097.76,32147.24,3927.84
S009085,2024-01-01,M043,Software,6,3,107942.33,79340.58,28601.75,3364.92
S009086,2024-02-01,M043,Software,6,3,122445.23,89822.16,32623.07,7576.72
S009087,2024-03-01,M043,Software,7,5,122974.28,89994.96,32979.32,8921.71
S009088,2024-04-01,M043,Software,6,4,117747.11,87092.31,30654.8,3970.19
S009089,2024-05-01,M043,Software,6,4,116369.2,88833.39,27535.81,5169.06
S009090,2024-06-01,M043,Software,6,3,110917.4,82811.36,28106.04,9281.82
S009091,2024-07-01,M043,Software,7,4,131782.05,101197.97,30584.08,5617.62
S009092,2024-08-01,M043,Software,6,4,105882.04,79162.09,26719.95,8503.38
S009093,2024-09-01,M043,Software,7,3,128014.71,97007.22,31007.49,7767.28
S009094,2024-10-01,M043,Software,8,6,131998.34,97209.3,34789.04,8564.23
S009095,2024-11-01,M043,Software,7,4,144828.69,106287.26,38541.43,7996.8
S009096,2024-12-01,M043,Software,6,4,108668.28,80053.12,28615.16,6816.21
S009097,2025-01-01,M043,Software,7,3,136378.65,97759.84,38618.81,10141.91
S009098,2025-02-01,M043,Software,7,4,113611.93,87608.31,26003.62,5371.78
S009099,2025-03-01,M043,Software,7,5,139504.46,103829.24,35675.22,3099.28
S009100,2025-04-01,M043,Software,6,3,117801.69,86444.57,31357.12,9438.82
S009101,2025-05-01,M043,Software,7,4,133541.04,96613.48,36927.56,5798.9
S009102,2025-06-01,M043,Software,6,4,119163.39,89094.25,30069.14,3839.33
S009103,2025-07-01,M043,Software,8,5,139156.36,106205.04,32951.32,12320.14
S009104,2025-08-01,M043,Software,8,4,147333.94,107348.81,39985.13,12809.73
S009105,2025-09-01,M043,Software,6,4,111010.36,81016.84,29993.52,8848.62
S009106,2025-10-01,M043,Software,8,5,133111.62,100416.15,32695.47,11494.06
S009107,2025-11-01,M043,Software,7,5,131049.62,95459.68,35589.94,11655.36
S009108,2025-12-01,M043,Software,7,5,144582.38,105201.47,39380.91,7954.29
S009109,2023-01-01,M043,Business Services,6,4,56739.75,42602.93,14136.82,4122.86
S009110,2023-02-01,M043,Business Services,5,3,51119.87,39328.3,11791.57,3330.92
S009111,2023-03-01,M043,Business Services,6,3,50401.85,38150.66,12251.19,3309.35
S009112,2023-04-01,M043,Business Services,5,2,40578.91,30660.62,9918.29,998.32
S009113,2023-05-01,M043,Business Services,5,3,48983.22,36318.64,12664.58,3606.65
S009114,2023-06-01,M043,Business Services,5,3,47331.42,34472.85,12858.57,2350.2
S009115,2023-07-01,M043,Business Services,5,3,48577.39,37392.89,11184.5,1154.49
S009116,2023-08-01,M043,Business Services,6,3,62036.48,45493.44,16543.04,4505.97
S009117,2023-09-01,M043,Business Services,6,3,57434.51,44109.26,13325.25,5016.92
S009118,2023-10-01,M043,Business Services,6,4,53489.0,39766.14,13722.86,3977.33
S009119,2023-11-01,M043,Business Services,6,4,61992.96,45593.14,16399.82,4431.14
S009120,2023-12-01,M043,Business Services,6,3,52645.78,37641.82,15003.96,2928.41
S009121,2024-01-01,M043,Business Services,6,3,55534.59,41468.82,14065.77,4711.29
S009122,2024-02-01,M043,Business Services,6,3,49086.55,36417.94,12668.61,2503.7
S009123,2024-03-01,M043,Business Services,6,3,53639.08,38682.67,14956.41,4799.89
S009124,2024-04-01,M043,Business Services,5,2,42806.94,31513.62,11293.32,2197.79
S009125,2024-05-01,M043,Business Services,6,3,59886.93,44350.39,15536.54,4484.3
S009126,2024-06-01,M043,Business Services,7,5,57166.67,43758.62,13408.05,2751.69
S009127,2024-07-01,M043,Business Services,7,4,61040.62,44356.71,16683.91,2780.62
S009128,2024-08-01,M043,Business Services,6,4,52144.48,39928.85,12215.63,1791.09
S009129,2024-09-01,M043,Business Services,7,4,68927.83,50703.44,18224.39,5382.16
S009130,2024-10-01,M043,Business Services,7,4,63992.6,45927.19,18065.41,3112.98
S009131,2024-11-01,M043,Business Services,7,4,58849.31,44133.63,14715.68,3880.52
S009132,2024-12-01,M043,Business Services,8,5,76910.76,59026.63,17884.13,4757.87
S009133,2025-01-01,M043,Business Services,7,3,64948.56,47067.31,17881.25,3229.91
S009134,2025-02-01,M043,Business Services,6,3,51641.77,39395.2,12246.57,3411.53
S009135,2025-03-01,M043,Business Services,6,4,60317.9,44389.53,15928.37,3682.11
S009136,2025-04-01,M043,Business Services,7,4,61965.66,47147.62,14818.04,2130.67
S009137,2025-05-01,M043,Business Services,6,3,51228.08,37640.62,13587.46,3300.82
S009138,2025-06-01,M043,Business Services,7,4,62346.77,47757.33,14589.44,4280.06
S009139,2025-07-01,M043,Business Services,6,4,51877.02,38722.91,13154.11,2757.19
S009140,2025-08-01,M043,Business Services,8,5,64848.93,48485.58,16363.35,1699.02
S009141,2025-09-01,M043,Business Services,8,5,77490.04,55734.28,21755.76,5459.95
S009142,2025-10-01,M043,Business Services,7,4,61831.35,46627.65,15203.7,1928.43
S009143,2025-11-01,M043,Business Services,7,4,59321.19,42645.54,16675.65,4945.41
S009144,2025-12-01,M043,Business Services,7,4,68645.54,49417.73,19227.81,3725.88
S009145,2023-01-01,M043,Consulting,6,3,162962.97,121100.84,41862.13,12533.45
S009146,2023-02-01,M043,Consulting,6,4,162174.56,117660.71,44513.85,13999.83
S009147,2023-03-01,M043,Consulting,5,2,128359.07,92739.8,35619.27,10466.82
S009148,2023-04-01,M043,Consulting,5,3,133087.78,100744.59,32343.19,10687.85
S009149,2023-05-01,M043,Consulting,5,3,136759.62,104032.79,32726.83,3674.26
S009150,2023-06-01,M043,Consulting,6,4,152842.91,116494.94,36347.97,3424.78
S009151,2023-07-01,M043,Consulting,5,2,139699.06,108056.9,31642.16,8575.33
S009152,2023-08-01,M043,Consulting,5,3,132249.92,98482.9,33767.02,4163.81
S009153,2023-09-01,M043,Consulting,5,2,113866.01,82150.25,31715.76,8659.54
S009154,2023-10-01,M043,Consulting,7,5,167262.78,125716.22,41546.56,4465.49
S009155,2023-11-01,M043,Consulting,6,4,142860.47,102301.66,40558.81,12727.06
S009156,2023-12-01,M043,Consulting,7,5,189825.1,140922.28,48902.82,6062.95
S009157,2024-01-01,M043,Consulting,6,4,153675.57,111780.21,41895.36,12988.87
S009158,2024-02-01,M043,Consulting,6,3,153781.26,116812.79,36968.47,3580.24
S009159,2024-03-01,M043,Consulting,7,4,164323.15,126752.09,37571.06,11210.4
S009160,2024-04-01,M043,Consulting,6,4,172473.35,127327.19,45146.16,4431.41
S009161,2024-05-01,M043,Consulting,6,3,158770.24,117334.97,41435.27,3659.49
S009162,2024-06-01,M043,Consulting,6,3,139976.96,100026.34,39950.62,11027.92
S009163,2024-07-01,M043,Consulting,7,4,188957.75,142128.0,46829.75,12612.42
S009164,2024-08-01,M043,Consulting,6,3,156563.98,112878.92,43685.06,10760.32
S009165,2024-09-01,M043,Consulting,7,4,185193.14,133343.63,51849.51,6812.79
S009166,2024-10-01,M043,Consulting,7,4,181202.37,136866.02,44336.35,16104.99
S009167,2024-11-01,M043,Consulting,8,5,209495.03,159884.72,49610.31,5401.49
S009168,2024-12-01,M043,Consulting,8,4,227024.92,174769.2,52255.72,8617.95
S009169,2025-01-01,M043,Consulting,6,4,156898.11,118947.15,37950.96,7961.39
S009170,2025-02-01,M043,Consulting,6,3,140502.27,107899.68,32602.59,3351.61
S009171,2025-03-01,M043,Consulting,7,5,170915.27,123321.0,47594.27,4707.56
S009172,2025-04-01,M043,Consulting,8,5,208450.37,156172.69,52277.68,17904.3
S009173,2025-05-01,M043,Consulting,8,5,223649.76,163725.8,59923.96,9250.45
S009174,2025-06-01,M043,Consulting,7,4,171038.99,122821.94,48217.05,6921.7
S009175,2025-07-01,M043,Consulting,7,4,188269.88,140204.03,48065.85,10497.27
S009176,2025-08-01,M043,Consulting,7,4,174077.17,133321.42,40755.75,14262.93
S009177,2025-09-01,M043,Consulting,7,5,168437.6,130180.72,38256.88,8977.08
S009178,2025-10-01,M043,Consulting,8,4,191879.78,143863.23,48016.55,6843.72
S009179,2025-11-01,M043,Consulting,8,5,227421.48,167021.51,60399.97,12936.96
S009180,2025-12-01,M043,Consulting,8,5,204185.64,158032.44,46153.2,14780.65
S009181,2023-01-01,M043,Digital Solutions,6,4,80878.54,58483.0,22395.54,3074.76
S009182,2023-02-01,M043,Digital Solutions,5,3,76344.68,58155.27,18189.41,5356.38
S009183,2023-03-01,M043,Digital Solutions,7,5,94938.83,68344.23,26594.6,3812.56
S009184,2023-04-01,M043,Digital Solutions,5,3,78136.65,57924.16,20212.49,2362.59
S009185,2023-05-01,M043,Digital Solutions,6,4,88183.18,64791.03,23392.15,6844.51
S009186,2023-06-01,M043,Digital Solutions,5,3,77978.22,56781.59,21196.63,2840.89
S009187,2023-07-01,M043,Digital Solutions,7,4,104469.02,78073.04,26395.98,5669.43
S009188,2023-08-01,M043,Digital Solutions,6,3,83429.32,60053.95,23375.37,1672.34
S009189,2023-09-01,M043,Digital Solutions,6,4,95920.92,71135.18,24785.74,4311.31
S009190,2023-10-01,M043,Digital Solutions,7,5,107446.66,82966.07,24480.59,9250.42
S009191,2023-11-01,M043,Digital Solutions,6,3,88275.97,67266.81,21009.16,6529.35
S009192,2023-12-01,M043,Digital Solutions,6,3,76879.69,57306.05,19573.64,5655.69
S009193,2024-01-01,M043,Digital Solutions,6,4,86433.76,65395.78,21037.98,2293.35
S009194,2024-02-01,M043,Digital Solutions,5,2,79699.44,59871.92,19827.52,2605.7
S009195,2024-03-01,M043,Digital Solutions,6,4,90526.38,65913.06,24613.32,2665.39
S009196,2024-04-01,M043,Digital Solutions,6,3,79583.7,59964.84,19618.86,4868.63
S009197,2024-05-01,M043,Digital Solutions,7,5,96515.35,73606.99,22908.36,3250.89
S009198,2024-06-01,M043,Digital Solutions,6,4,90558.03,68834.9,21723.13,4630.85
S009199,2024-07-01,M043,Digital Solutions,7,4,108501.93,83145.18,25356.75,7296.6
S009200,2024-08-01,M043,Digital Solutions,6,3,81417.64,59089.54,22328.1,5199.76
S009201,2024-09-01,M043,Digital Solutions,7,5,109414.72,82145.78,27268.94,2809.04
S009202,2024-10-01,M043,Digital Solutions,8,5,107099.21,78886.15,28213.06,3802.93
S009203,2024-11-01,M043,Digital Solutions,7,4,104312.66,78580.82,25731.84,6941.59
S009204,2024-12-01,M043,Digital Solutions,8,4,107925.78,80314.44,27611.34,8497.07
S009205,2025-01-01,M043,Digital Solutions,7,5,91111.37,65793.51,25317.86,7630.58
S009206,2025-02-01,M043,Digital Solutions,6,4,92634.77,71379.36,21255.41,4651.86
S009207,2025-03-01,M043,Digital Solutions,8,4,104901.69,80258.72,24642.97,6275.55
S009208,2025-04-01,M043,Digital Solutions,7,5,92589.42,70360.01,22229.41,8309.66
S009209,2025-05-01,M043,Digital Solutions,6,4,79306.12,56802.14,22503.98,3717.32
S009210,2025-06-01,M043,Digital Solutions,7,5,96913.73,73941.98,22971.75,5604.56
S009211,2025-07-01,M043,Digital Solutions,6,4,87474.97,65044.66,22430.31,5278.1
S009212,2025-08-01,M043,Digital Solutions,6,3,93543.88,67106.58,26437.3,2568.79
S009213,2025-09-01,M043,Digital Solutions,7,3,94963.11,73350.35,21612.76,6894.32
S009214,2025-10-01,M043,Digital Solutions,8,5,104079.76,79716.53,24363.23,3700.98
S009215,2025-11-01,M043,Digital Solutions,8,5,113997.81,82024.45,31973.36,10123.47
S009216,2025-12-01,M043,Digital Solutions,7,4,98269.55,73333.32,24936.23,5208.62
S009217,2023-01-01,M043,SaaS,6,4,73346.16,55198.41,18147.75,4284.03
S009218,2023-02-01,M043,SaaS,6,3,76300.04,58113.92,18186.12,5505.51
S009219,2023-03-01,M043,SaaS,6,4,71389.84,51291.59,20098.25,3368.78
S009220,2023-04-01,M043,SaaS,6,4,66728.79,50015.54,16713.25,1697.92
S009221,2023-05-01,M043,SaaS,5,3,68734.93,51033.95,17700.98,2019.91
S009222,2023-06-01,M043,SaaS,6,3,75523.57,56286.03,19237.54,1675.87
S009223,2023-07-01,M043,SaaS,6,4,77761.54,55767.71,21993.83,3627.22
S009224,2023-08-01,M043,SaaS,5,2,54555.86,41513.72,13042.14,3662.76
S009225,2023-09-01,M043,SaaS,6,4,76976.8,55700.73,21276.07,6905.74
S009226,2023-10-01,M043,SaaS,7,4,93426.05,71199.16,22226.89,4070.26
S009227,2023-11-01,M043,SaaS,7,5,81449.98,59993.09,21456.89,6257.16
S009228,2023-12-01,M043,SaaS,6,3,71470.5,54886.68,16583.82,6193.04
S009229,2024-01-01,M043,SaaS,5,3,57379.6,44408.5,12971.1,4864.61
S009230,2024-02-01,M043,SaaS,7,4,95157.35,70460.03,24697.32,8485.36
S009231,2024-03-01,M043,SaaS,6,3,80404.62,61004.7,19399.92,2315.48
S009232,2024-04-01,M043,SaaS,6,4,71817.13,53401.83,18415.3,4673.94
S009233,2024-05-01,M043,SaaS,6,3,71201.91,54049.1,17152.81,6107.58
S009234,2024-06-01,M043,SaaS,7,4,91493.11,69125.34,22367.77,4135.63
S009235,2024-07-01,M043,SaaS,7,4,96339.02,70902.94,25436.08,6001.94
S009236,2024-08-01,M043,SaaS,6,3,68929.41,49559.31,19370.1,5441.11
S009237,2024-09-01,M043,SaaS,7,5,76440.04,57544.72,18895.32,3080.8
S009238,2024-10-01,M043,SaaS,8,5,98059.65,75577.49,22482.16,2435.47
S009239,2024-11-01,M043,SaaS,7,4,83581.59,61398.48,22183.11,6866.97
S009240,2024-12-01,M043,SaaS,7,4,95066.61,68424.39,26642.22,6840.13
S009241,2025-01-01,M043,SaaS,7,5,81479.14,59073.48,22405.66,1657.14
S009242,2025-02-01,M043,SaaS,6,4,69500.04,53128.41,16371.63,3653.74
S009243,2025-03-01,M043,SaaS,8,4,98992.29,75656.29,23336.0,2165.21
S009244,2025-04-01,M043,SaaS,7,4,86673.34,65776.49,20896.85,7147.86
S009245,2025-05-01,M043,SaaS,8,5,109190.07,80760.2,28429.87,4634.91
S009246,2025-06-01,M043,SaaS,7,4,91676.09,67926.21,23749.88,5460.3
S009247,2025-07-01,M043,SaaS,8,5,89591.66,67912.18,21679.48,7573.93
S009248,2025-08-01,M043,SaaS,7,4,76814.35,58388.07,18426.28,3166.81
S009249,2025-09-01,M043,SaaS,7,4,85626.11,63210.49,22415.62,3245.85
S009250,2025-10-01,M043,SaaS,9,6,111455.99,79992.39,31463.6,7634.15
S009251,2025-11-01,M043,SaaS,9,6,114503.62,84717.39,29786.23,8718.8
S009252,2025-12-01,M043,SaaS,9,6,103479.36,78599.02,24880.34,2844.59
S009253,2023-01-01,M043,IT Services,6,3,96937.92,73137.7,23800.22,8214.09
S009254,2023-02-01,M043,IT Services,6,3,88980.49,68626.32,20354.17,5532.05
S009255,2023-03-01,M043,IT Services,6,4,90209.93,65943.84,24266.09,4850.0
S009256,2023-04-01,M043,IT Services,6,4,101205.83,73197.94,28007.89,4405.92
S009257,2023-05-01,M043,IT Services,5,3,72405.44,51734.17,20671.27,2192.63
S009258,2023-06-01,M043,IT Services,6,4,95235.66,71497.8,23737.86,4475.66
S009259,2023-07-01,M043,IT Services,5,3,83189.85,61822.61,21367.24,4298.23
S009260,2023-08-01,M043,IT Services,6,4,87397.44,66168.57,21228.87,4049.9
S009261,2023-09-01,M043,IT Services,5,3,73302.03,53708.82,19593.21,3556.21
S009262,2023-10-01,M043,IT Services,7,4,127618.21,92327.04,35291.17,7594.21
S009263,2023-11-01,M043,IT Services,7,4,119217.66,86633.05,32584.61,6499.11
S009264,2023-12-01,M043,IT Services,7,3,116712.13,88374.55,28337.58,3589.9
S009265,2024-01-01,M043,IT Services,7,5,115480.69,86551.06,28929.63,2631.36
S009266,2024-02-01,M043,IT Services,7,4,124109.29,95201.63,28907.66,9001.58
S009267,2024-03-01,M043,IT Services,8,5,135011.48,97219.13,37792.35,5199.77
S009268,2024-04-01,M043,IT Services,7,4,116252.89,86325.38,29927.51,8005.48
S009269,2024-05-01,M043,IT Services,6,4,88933.88,65719.38,23214.5,5334.1
S009270,2024-06-01,M043,IT Services,6,3,90465.43,66272.41,24193.02,7676.3
S009271,2024-07-01,M043,IT Services,6,3,95993.14,72048.18,23944.96,6299.76
S009272,2024-08-01,M043,IT Services,6,3,86438.87,65290.94,21147.93,2061.85
S009273,2024-09-01,M043,IT Services,6,3,101513.27,76677.41,24835.86,4860.04
S009274,2024-10-01,M043,IT Services,8,4,115477.94,83100.82,32377.12,6566.69
S009275,2024-11-01,M043,IT Services,7,4,113505.49,81087.0,32418.49,2765.58
S009276,2024-12-01,M043,IT Services,6,3,89991.99,65012.74,24979.25,6366.31
S009277,2025-01-01,M043,IT Services,6,3,106290.39,81465.02,24825.37,9148.82
S009278,2025-02-01,M043,IT Services,6,3,104284.78,75222.04,29062.74,9140.98
S009279,2025-03-01,M043,IT Services,6,4,99505.33,71453.76,28051.57,4628.61
S009280,2025-04-01,M043,IT Services,6,3,100512.53,71797.25,28715.28,4698.16
S009281,2025-05-01,M043,IT Services,7,4,126027.91,96359.08,29668.83,2870.49
S009282,2025-06-01,M043,IT Services,8,4,124957.3,89831.03,35126.27,9525.45
S009283,2025-07-01,M043,IT Services,8,5,141950.26,106110.45,35839.81,10228.64
S009284,2025-08-01,M043,IT Services,7,4,108004.15,77990.57,30013.58,9493.12
S009285,2025-09-01,M043,IT Services,7,4,118471.42,85452.56,33018.86,6068.66
S009286,2025-10-01,M043,IT Services,7,5,114371.1,87614.88,26756.22,3535.82
S009287,2025-11-01,M043,IT Services,7,5,122827.41,92084.2,30743.21,5174.74
S009288,2025-12-01,M043,IT Services,7,4,108511.61,82287.53,26224.08,9014.44
S009289,2023-01-01,M044,Software,6,4,101031.9,73544.75,27487.15,7674.88
S009290,2023-02-01,M044,Software,6,3,115973.53,88748.95,27224.58,7333.96
S009291,2023-03-01,M044,Software,7,3,141124.24,102465.22,38659.02,12388.92
S009292,2023-04-01,M044,Software,6,3,103012.28,78937.4,24074.88,3354.14
S009293,2023-05-01,M044,Software,5,3,88207.76,65149.47,23058.29,4837.46
S009294,2023-06-01,M044,Software,5,3,85371.64,60489.47,24882.17,1806.83
S009295,2023-07-01,M044,Software,5,3,99044.61,70937.29,28107.32,3610.91
S009296,2023-08-01,M044,Software,6,3,108683.41,81764.95,26918.46,8386.49
S009297,2023-09-01,M044,Software,5,3,84762.35,62640.8,22121.55,4597.83
S009298,2023-10-01,M044,Software,5,3,94836.18,67431.73,27404.45,7433.75
S009299,2023-11-01,M044,Software,6,3,98044.82,72858.73,25186.09,4614.83
S009300,2023-12-01,M044,Software,6,3,119791.61,86115.56,33676.05,5568.39
S009301,2024-01-01,M044,Software,6,4,116344.58,88345.08,27999.5,10026.93
S009302,2024-02-01,M044,Software,6,4,99091.89,76027.73,23064.16,2270.14
S009303,2024-03-01,M044,Software,7,4,144395.51,104869.88,39525.63,12972.18
S009304,2024-04-01,M044,Software,6,3,119622.24,87042.35,32579.89,6597.06
S009305,2024-05-01,M044,Software,6,3,108189.95,79678.27,28511.68,7593.6
S009306,2024-06-01,M044,Software,6,4,121505.48,89356.61,32148.87,5360.83
S009307,2024-07-01,M044,Software,6,3,117352.26,84624.35,32727.91,9266.43
S009308,2024-08-01,M044,Software,7,5,137647.22,98715.26,38931.96,10297.29
S009309,2024-09-01,M044,Software,6,4,107395.75,82270.71,25125.04,4080.41
S009310,2024-10-01,M044,Software,8,5,134211.24,102010.56,32200.68,9903.93
S009311,2024-11-01,M044,Software,8,4,145020.44,105389.43,39631.01,9275.62
S009312,2024-12-01,M044,Software,8,4,155863.42,117147.7,38715.72,4811.92
S009313,2025-01-01,M044,Software,6,3,107588.16,78322.19,29265.97,8561.92
S009314,2025-02-01,M044,Software,8,4,161968.34,116694.1,45274.24,14464.52
S009315,2025-03-01,M044,Software,7,5,117698.18,85134.66,32563.52,8858.24
S009316,2025-04-01,M044,Software,7,4,124396.93,91236.95,33159.98,9533.04
S009317,2025-05-01,M044,Software,8,5,148458.8,113748.54,34710.26,10921.0
S009318,2025-06-01,M044,Software,8,5,153750.41,111714.43,42035.98,12778.83
S009319,2025-07-01,M044,Software,6,3,118455.05,85484.85,32970.2,8172.07
S009320,2025-08-01,M044,Software,7,4,120731.95,90130.45,30601.5,7813.54
S009321,2025-09-01,M044,Software,6,4,121505.3,90973.38,30531.92,6528.17
S009322,2025-10-01,M044,Software,7,5,141014.42,100869.31,40145.11,3599.96
S009323,2025-11-01,M044,Software,9,6,171586.69,130176.59,41410.1,5976.45
S009324,2025-12-01,M044,Software,8,5,135376.49,96496.18,38880.31,6101.86
S009325,2023-01-01,M044,Business Services,6,3,49127.21,37088.44,12038.77,2276.85
S009326,2023-02-01,M044,Business Services,6,3,57207.44,40603.6,16603.84,4696.09
S009327,2023-03-01,M044,Business Services,7,4,69072.68,49499.31,19573.37,5596.46
S009328,2023-04-01,M044,Business Services,5,2,51058.63,37875.28,13183.35,1351.7
S009329,2023-05-01,M044,Business Services,5,3,43479.02,31376.96,12102.06,977.6
S009330,2023-06-01,M044,Business Services,6,3,58725.2,43987.53,14737.67,2555.3
S009331,2023-07-01,M044,Business Services,6,3,57283.77,42740.02,14543.75,3365.57
S009332,2023-08-01,M044,Business Services,6,4,53765.75,38725.33,15040.42,1696.16
S009333,2023-09-01,M044,Business Services,6,3,58543.95,43913.73,14630.22,1582.56
S009334,2023-10-01,M044,Business Services,6,3,49428.97,36022.96,13406.01,3962.63
S009335,2023-11-01,M044,Business Services,7,5,70262.8,53958.33,16304.47,2764.31
S009336,2023-12-01,M044,Business Services,6,4,51110.32,38418.22,12692.1,2066.32
S009337,2024-01-01,M044,Business Services,6,3,53681.35,41232.1,12449.25,2040.4
S009338,2024-02-01,M044,Business Services,6,3,61296.75,45284.37,16012.38,2091.72
S009339,2024-03-01,M044,Business Services,8,5,78227.65,57355.09,20872.56,3209.87
S009340,2024-04-01,M044,Business Services,7,5,68138.59,51675.38,16463.21,5694.99
S009341,2024-05-01,M044,Business Services,7,4,61179.08,45081.3,16097.78,2277.62
S009342,2024-06-01,M044,Business Services,7,4,70514.66,50517.76,19996.9,3919.27
S009343,2024-07-01,M044,Business Services,7,5,59250.48,43057.98,16192.5,4572.89
S009344,2024-08-01,M044,Business Services,6,4,61325.2,45441.48,15883.72,2029.83
S009345,2024-09-01,M044,Business Services,7,4,67597.97,47993.4,19604.57,4433.48
S009346,2024-10-01,M044,Business Services,7,4,56848.43,41295.4,15553.03,3490.98
S009347,2024-11-01,M044,Business Services,7,4,69767.0,51403.86,18363.14,3967.8
S009348,2024-12-01,M044,Business Services,8,5,74985.68,56882.12,18103.56,1664.25
S009349,2025-01-01,M044,Business Services,6,4,55976.3,40944.44,15031.86,1621.28
S009350,2025-02-01,M044,Business Services,7,4,70081.0,50549.23,19531.77,4180.77
S009351,2025-03-01,M044,Business Services,8,6,77957.67,55264.47,22693.2,5630.41
S009352,2025-04-01,M044,Business Services,7,4,62155.95,45341.2,16814.75,2092.99
S009353,2025-05-01,M044,Business Services,7,5,70345.1,51390.89,18954.21,4820.29
S009354,2025-06-01,M044,Business Services,7,5,67224.04,48501.59,18722.45,2171.32
S009355,2025-07-01,M044,Business Services,7,4,65060.65,49369.08,15691.57,4975.13
S009356,2025-08-01,M044,Business Services,6,4,58564.21,41897.91,16666.3,2995.18
S009357,2025-09-01,M044,Business Services,6,3,51384.23,38118.42,13265.81,2506.93
S009358,2025-10-01,M044,Business Services,9,6,85697.56,61347.45,24350.11,2233.11
S009359,2025-11-01,M044,Business Services,8,5,68765.01,50757.4,18007.61,4011.39
S009360,2025-12-01,M044,Business Services,7,5,60337.94,46186.0,14151.94,4940.52
S009361,2023-01-01,M044,Consulting,6,4,160532.1,114528.34,46003.76,3844.49
S009362,2023-02-01,M044,Consulting,5,3,129328.66,97601.25,31727.41,11587.6
S009363,2023-03-01,M044,Consulting,6,3,169073.03,121931.32,47141.71,8405.82
S009364,2023-04-01,M044,Consulting,5,3,118815.63,85057.74,33757.89,3062.02
S009365,2023-05-01,M044,Consulting,5,3,131762.07,100718.95,31043.12,6515.49
S009366,2023-06-01,M044,Consulting,6,4,152836.69,110958.76,41877.93,10188.85
S009367,2023-07-01,M044,Consulting,6,3,146793.41,107485.22,39308.19,7454.42
S009368,2023-08-01,M044,Consulting,5,3,126237.01,96576.0,29661.01,10873.96
S009369,2023-09-01,M044,Consulting,5,3,131748.68,94151.62,37597.06,11241.62
S009370,2023-10-01,M044,Consulting,6,4,146764.84,111499.56,35265.28,7001.4
S009371,2023-11-01,M044,Consulting,6,4,145924.1,107053.17,38870.93,11310.97
S009372,2023-12-01,M044,Consulting,6,3,168946.62,120565.22,48381.4,7890.9
S009373,2024-01-01,M044,Consulting,6,4,146706.6,104177.69,42528.91,6906.78
S009374,2024-02-01,M044,Consulting,7,4,159306.34,119701.86,39604.48,10505.13
S009375,2024-03-01,M044,Consulting,6,3,171635.26,124159.12,47476.14,6206.79
S009376,2024-04-01,M044,Consulting,6,3,147200.16,105793.22,41406.94,9071.74
S009377,2024-05-01,M044,Consulting,5,3,124968.03,90021.5,34946.53,10328.8
S009378,2024-06-01,M044,Consulting,7,5,168019.75,125276.73,42743.02,14589.65
S009379,2024-07-01,M044,Consulting,6,4,154168.83,115518.23,38650.6,13370.49
S009380,2024-08-01,M044,Consulting,6,4,136112.06,100212.82,35899.24,5506.76
S009381,2024-09-01,M044,Consulting,6,4,168653.43,124035.11,44618.32,9141.96
S009382,2024-10-01,M044,Consulting,8,4,224432.08,171089.49,53342.59,17399.78
S009383,2024-11-01,M044,Consulting,8,5,223390.84,164970.91,58419.93,5986.07
S009384,2024-12-01,M044,Consulting,7,5,196247.23,141631.91,54615.32,14712.34
S009385,2025-01-01,M044,Consulting,8,5,189842.65,138272.1,51570.55,13558.9
S009386,2025-02-01,M044,Consulting,7,4,174113.86,132480.74,41633.12,9006.04
S009387,2025-03-01,M044,Consulting,6,4,167488.66,118882.39,48606.27,11780.28
S009388,2025-04-01,M044,Consulting,7,4,198465.02,147446.56,51018.46,13329.85
S009389,2025-05-01,M044,Consulting,6,4,161693.87,118682.05,43011.82,13970.36
S009390,2025-06-01,M044,Consulting,7,4,173794.79,132078.97,41715.82,12420.66
S009391,2025-07-01,M044,Consulting,6,4,144549.02,104750.14,39798.88,3976.64
S009392,2025-08-01,M044,Consulting,8,4,213624.4,151510.97,62113.43,15526.03
S009393,2025-09-01,M044,Consulting,7,4,180266.9,133269.13,46997.77,6259.68
S009394,2025-10-01,M044,Consulting,8,5,182504.2,129344.51,53159.69,4509.29
S009395,2025-11-01,M044,Consulting,8,4,225083.76,166043.43,59040.33,10606.72
S009396,2025-12-01,M044,Consulting,7,5,162826.67,117452.0,45374.67,10972.92
S009397,2023-01-01,M044,Digital Solutions,5,2,64664.07,48106.5,16557.57,4945.19
S009398,2023-02-01,M044,Digital Solutions,6,4,95625.39,70806.5,24818.89,7771.23
S009399,2023-03-01,M044,Digital Solutions,5,3,63047.73,47869.6,15178.13,5476.13
S009400,2023-04-01,M044,Digital Solutions,6,3,84440.65,59858.11,24582.54,4711.72
S009401,2023-05-01,M044,Digital Solutions,7,4,98968.63,75110.43,23858.2,7171.07
S009402,2023-06-01,M044,Digital Solutions,5,2,73449.28,52412.71,21036.57,2130.67
S009403,2023-07-01,M044,Digital Solutions,6,3,86317.68,65844.74,20472.94,7690.25
S009404,2023-08-01,M044,Digital Solutions,6,3,92266.21,65806.61,26459.6,7968.89
S009405,2023-09-01,M044,Digital Solutions,5,3,77800.62,58697.86,19102.76,4066.04
S009406,2023-10-01,M044,Digital Solutions,6,3,80625.08,57780.56,22844.52,7094.9
S009407,2023-11-01,M044,Digital Solutions,7,5,98654.79,70966.53,27688.26,7508.2
S009408,2023-12-01,M044,Digital Solutions,6,3,85928.93,64270.92,21658.01,2095.18
S009409,2024-01-01,M044,Digital Solutions,7,5,96051.96,72385.46,23666.5,4770.91
S009410,2024-02-01,M044,Digital Solutions,7,4,93455.2,66818.85,26636.35,2977.99
S009411,2024-03-01,M044,Digital Solutions,6,3,86830.84,62523.2,24307.64,2783.0
S009412,2024-04-01,M044,Digital Solutions,5,3,79538.53,57716.3,21822.23,2895.13
S009413,2024-05-01,M044,Digital Solutions,6,3,81548.26,57829.34,23718.92,4333.25
S009414,2024-06-01,M044,Digital Solutions,7,4,103750.23,76640.37,27109.86,4440.87
S009415,2024-07-01,M044,Digital Solutions,6,4,84585.78,61520.78,23065.0,5888.88
S009416,2024-08-01,M044,Digital Solutions,7,4,108959.95,82776.95,26183.0,5904.53
S009417,2024-09-01,M044,Digital Solutions,7,4,92533.89,69760.25,22773.64,7643.31
S009418,2024-10-01,M044,Digital Solutions,8,5,127104.1,97349.57,29754.53,5028.83
S009419,2024-11-01,M044,Digital Solutions,6,4,76819.77,57966.02,18853.75,3367.08
S009420,2024-12-01,M044,Digital Solutions,7,5,97491.5,69378.19,28113.31,6758.47
S009421,2025-01-01,M044,Digital Solutions,7,5,103381.65,78940.71,24440.94,7059.04
S009422,2025-02-01,M044,Digital Solutions,6,4,81196.27,59854.57,21341.7,4420.09
S009423,2025-03-01,M044,Digital Solutions,7,4,96516.86,69752.86,26764.0,7346.41
S009424,2025-04-01,M044,Digital Solutions,8,6,122550.51,88644.98,33905.53,9862.17
S009425,2025-05-01,M044,Digital Solutions,6,3,91907.25,69667.59,22239.66,2708.86
S009426,2025-06-01,M044,Digital Solutions,8,6,118181.64,86879.12,31302.52,9303.4
S009427,2025-07-01,M044,Digital Solutions,7,5,111456.5,84127.32,27329.18,9069.09
S009428,2025-08-01,M044,Digital Solutions,8,5,125076.28,95297.87,29778.41,4542.36
S009429,2025-09-01,M044,Digital Solutions,8,5,119842.81,88162.22,31680.59,5009.13
S009430,2025-10-01,M044,Digital Solutions,7,5,110151.83,82550.2,27601.63,4145.55
S009431,2025-11-01,M044,Digital Solutions,8,6,121781.71,91837.41,29944.3,6866.54
S009432,2025-12-01,M044,Digital Solutions,9,5,113785.64,85188.58,28597.06,9560.4
S009433,2023-01-01,M044,SaaS,6,3,78395.35,56396.88,21998.47,5606.87
S009434,2023-02-01,M044,SaaS,5,3,56971.46,42853.56,14117.9,1678.65
S009435,2023-03-01,M044,SaaS,7,3,77274.43,54791.12,22483.31,3695.01
S009436,2023-04-01,M044,SaaS,5,3,59394.58,45077.68,14316.9,3273.19
S009437,2023-05-01,M044,SaaS,5,3,61623.17,46301.72,15321.45,4003.94
S009438,2023-06-01,M044,SaaS,6,4,82584.79,60235.64,22349.15,4545.46
S009439,2023-07-01,M044,SaaS,6,4,77984.28,56907.56,21076.72,5384.03
S009440,2023-08-01,M044,SaaS,6,3,80528.38,57464.75,23063.63,6781.84
S009441,2023-09-01,M044,SaaS,6,3,66006.65,50194.87,15811.78,1570.38
S009442,2023-10-01,M044,SaaS,6,4,81721.02,61813.38,19907.64,5287.61
S009443,2023-11-01,M044,SaaS,7,4,76035.77,57788.57,18247.2,6644.92
S009444,2023-12-01,M044,SaaS,7,5,79888.61,57230.11,22658.5,4355.7
S009445,2024-01-01,M044,SaaS,6,3,74164.04,54431.92,19732.12,6525.07
S009446,2024-02-01,M044,SaaS,7,4,81935.08,58130.02,23805.06,2951.99
S009447,2024-03-01,M044,SaaS,8,6,94343.02,70463.73,23879.29,8464.71
S009448,2024-04-01,M044,SaaS,7,5,81092.07,57915.83,23176.24,5907.02
S009449,2024-05-01,M044,SaaS,5,3,60105.06,45621.81,14483.25,5402.95
S009450,2024-06-01,M044,SaaS,6,3,79904.79,57957.66,21947.13,3687.56
S009451,2024-07-01,M044,SaaS,6,3,82611.12,62254.74,20356.38,4067.0
S009452,2024-08-01,M044,SaaS,7,5,86938.79,65690.38,21248.41,7470.83
S009453,2024-09-01,M044,SaaS,7,4,90688.49,66843.87,23844.62,3724.73
S009454,2024-10-01,M044,SaaS,7,4,84507.34,62117.39,22389.95,2103.4
S009455,2024-11-01,M044,SaaS,8,5,96268.23,70372.56,25895.67,2690.45
S009456,2024-12-01,M044,SaaS,8,6,94446.52,70481.78,23964.74,4560.05
S009457,2025-01-01,M044,SaaS,6,3,68880.24,52310.74,16569.5,3038.4
S009458,2025-02-01,M044,SaaS,6,4,74017.98,53283.33,20734.65,6036.75
S009459,2025-03-01,M044,SaaS,8,6,100233.16,74529.64,25703.52,8081.86
S009460,2025-04-01,M044,SaaS,6,4,68008.54,52195.66,15812.88,1600.69
S009461,2025-05-01,M044,SaaS,7,4,94975.09,69057.22,25917.87,8364.12
S009462,2025-06-01,M044,SaaS,6,3,66672.03,49940.31,16731.72,1482.84
S009463,2025-07-01,M044,SaaS,7,4,94173.53,71222.8,22950.73,6648.51
S009464,2025-08-01,M044,SaaS,7,4,92762.25,66542.65,26219.6,2261.77
S009465,2025-09-01,M044,SaaS,8,5,105645.06,78466.88,27178.18,5679.93
S009466,2025-10-01,M044,SaaS,9,5,99221.14,73147.76,26073.38,8112.92
S009467,2025-11-01,M044,SaaS,8,6,105950.12,79677.77,26272.35,4301.88
S009468,2025-12-01,M044,SaaS,7,5,88403.67,63147.87,25255.8,6815.51
S009469,2023-01-01,M044,IT Services,5,3,87339.05,62294.96,25044.09,3829.44
S009470,2023-02-01,M044,IT Services,5,3,78741.7,55874.1,22867.6,6718.41
S009471,2023-03-01,M044,IT Services,6,3,88324.26,63330.82,24993.44,6016.64
S009472,2023-04-01,M044,IT Services,6,4,92986.6,68044.72,24941.88,2382.38
S009473,2023-05-01,M044,IT Services,6,4,109771.73,79863.24,29908.49,6885.22
S009474,2023-06-01,M044,IT Services,6,4,93032.44,68607.16,24425.28,8301.78
S009475,2023-07-01,M044,IT Services,5,3,90034.75,66122.37,23912.38,4998.81
S009476,2023-08-01,M044,IT Services,5,3,88953.01,65371.75,23581.26,4095.62
S009477,2023-09-01,M044,IT Services,6,3,102626.25,78686.81,23939.44,2935.98
S009478,2023-10-01,M044,IT Services,6,4,109617.89,83271.91,26345.98,7223.95
S009479,2023-11-01,M044,IT Services,7,4,111431.16,83904.62,27526.54,2236.74
S009480,2023-12-01,M044,IT Services,7,5,118634.14,84050.7,34583.44,3794.92
S009481,2024-01-01,M044,IT Services,6,4,104996.86,79019.96,25976.9,4349.59
S009482,2024-02-01,M044,IT Services,6,4,106744.97,81696.19,25048.78,2135.48
S009483,2024-03-01,M044,IT Services,8,4,132643.16,97949.37,34693.79,9660.4
S009484,2024-04-01,M044,IT Services,6,4,93284.2,71109.16,22175.04,4089.02
S009485,2024-05-01,M044,IT Services,6,4,88504.31,66747.1,21757.21,5118.74
S009486,2024-06-01,M044,IT Services,6,4,106370.97,79189.27,27181.7,5933.82
S009487,2024-07-01,M044,IT Services,7,4,106215.49,76380.09,29835.4,3682.11
S009488,2024-08-01,M044,IT Services,7,4,116281.43,88872.58,27408.85,6405.3
S009489,2024-09-01,M044,IT Services,6,4,97690.5,71385.32,26305.18,8712.1
S009490,2024-10-01,M044,IT Services,8,5,140356.17,101844.8,38511.37,7563.49
S009491,2024-11-01,M044,IT Services,8,5,125577.52,88991.19,36586.33,3771.32
S009492,2024-12-01,M044,IT Services,8,5,121763.95,92913.33,28850.62,3386.71
S009493,2025-01-01,M044,IT Services,6,3,109883.15,80284.86,29598.29,4187.42
S009494,2025-02-01,M044,IT Services,6,3,93741.81,67748.32,25993.49,7109.62
S009495,2025-03-01,M044,IT Services,8,4,124199.85,94734.41,29465.44,5699.63
S009496,2025-04-01,M044,IT Services,7,4,107307.6,77861.13,29446.47,6428.55
S009497,2025-05-01,M044,IT Services,7,4,105764.84,80050.97,25713.87,3990.14
S009498,2025-06-01,M044,IT Services,7,3,128241.38,92017.45,36223.93,8672.33
S009499,2025-07-01,M044,IT Services,7,4,102767.49,73102.36,29665.13,3890.24
S009500,2025-08-01,M044,IT Services,7,5,115588.97,87139.47,28449.5,4519.35
S009501,2025-09-01,M044,IT Services,8,5,122857.24,91477.07,31380.17,5803.76
S009502,2025-10-01,M044,IT Services,8,4,143147.95,108117.61,35030.34,9272.5
S009503,2025-11-01,M044,IT Services,9,6,136910.39,101139.59,35770.8,9681.11
S009504,2025-12-01,M044,IT Services,8,6,132925.3,95841.14,37084.16,9355.35
S009505,2023-01-01,M045,Software,6,4,106528.44,75652.84,30875.6,5466.92
S009506,2023-02-01,M045,Software,6,4,123302.63,87415.37,35887.26,11078.81
S009507,2023-03-01,M045,Software,6,4,103935.82,73277.74,30658.08,7959.28
S009508,2023-04-01,M045,Software,6,4,114258.83,81916.45,32342.38,6631.51
S009509,2023-05-01,M045,Software,6,4,106917.55,75873.01,31044.54,6656.08
S009510,2023-06-01,M045,Software,5,3,86752.16,65730.84,21021.32,4187.64
S009511,2023-07-01,M045,Software,6,4,122287.45,87238.71,35048.74,10224.34
S009512,2023-08-01,M045,Software,6,4,98752.87,71741.65,27011.22,3039.39
S009513,2023-09-01,M045,Software,6,3,114241.8,81557.91,32683.89,2989.98
S009514,2023-10-01,M045,Software,6,3,109536.51,83429.13,26107.38,8374.9
S009515,2023-11-01,M045,Software,7,4,127358.99,94948.71,32410.28,8798.71
S009516,2023-12-01,M045,Software,6,4,99025.48,73212.33,25813.15,4468.21
S009517,2024-01-01,M045,Software,6,3,108815.51,82675.55,26139.96,6549.73
S009518,2024-02-01,M045,Software,6,3,106961.87,79614.83,27347.04,4240.41
S009519,2024-03-01,M045,Software,7,4,121473.07,88198.54,33274.53,2899.96
S009520,2024-04-01,M045,Software,6,3,123765.87,92128.26,31637.61,6790.64
S009521,2024-05-01,M045,Software,6,3,111686.74,83719.9,27966.84,3101.78
S009522,2024-06-01,M045,Software,6,3,107823.27,77146.31,30676.96,6536.51
S009523,2024-07-01,M045,Software,5,3,89197.42,65216.98,23980.44,3434.87
S009524,2024-08-01,M045,Software,6,3,112069.78,81962.01,30107.77,3397.92
S009525,2024-09-01,M045,Software,6,4,105915.65,74508.98,31406.67,3155.33
S009526,2024-10-01,M045,Software,8,5,159965.67,117300.8,42664.87,11172.56
S009527,2024-11-01,M045,Software,7,5,138350.53,97457.02,40893.51,8789.98
S009528,2024-12-01,M045,Software,7,4,127061.23,94534.28,32526.95,8767.28
S009529,2025-01-01,M045,Software,6,4,104429.12,78389.13,26039.99,9317.65
S009530,2025-02-01,M045,Software,7,5,115441.07,82983.31,32457.76,2540.77
S009531,2025-03-01,M045,Software,7,4,120439.9,89854.2,30585.7,6521.12
S009532,2025-04-01,M045,Software,6,4,122885.39,88735.0,34150.39,10985.69
S009533,2025-05-01,M045,Software,8,5,143703.05,107166.39,36536.66,7776.14
S009534,2025-06-01,M045,Software,7,4,133434.23,97432.54,36001.69,4065.06
S009535,2025-07-01,M045,Software,6,3,120696.86,87569.4,33127.46,8116.56
S009536,2025-08-01,M045,Software,8,5,138310.52,105086.7,33223.82,2867.65
S009537,2025-09-01,M045,Software,7,4,137817.71,102995.18,34822.53,11015.04
S009538,2025-10-01,M045,Software,8,5,161032.14,122735.79,38296.35,8522.77
S009539,2025-11-01,M045,Software,9,5,168601.59,127156.47,41445.12,11537.67
S009540,2025-12-01,M045,Software,9,5,160312.98,121044.37,39268.61,7440.73
S009541,2023-01-01,M045,Business Services,5,3,46301.87,34965.55,11336.32,1428.23
S009542,2023-02-01,M045,Business Services,6,3,53217.55,37421.72,15795.83,1158.59
S009543,2023-03-01,M045,Business Services,6,4,56940.01,40293.75,16646.26,2525.78
S009544,2023-04-01,M045,Business Services,6,4,61127.22,43763.58,17363.64,3727.51
S009545,2023-05-01,M045,Business Services,6,4,60299.51,43305.19,16994.32,2708.32
S009546,2023-06-01,M045,Business Services,6,3,51050.22,36171.89,14878.33,3676.37
S009547,2023-07-01,M045,Business Services,6,4,52375.14,37072.97,15302.17,3327.55
S009548,2023-08-01,M045,Business Services,6,4,57455.38,43516.49,13938.89,2766.01
S009549,2023-09-01,M045,Business Services,6,3,49299.24,36279.21,13020.03,2079.35
S009550,2023-10-01,M045,Business Services,7,4,57355.08,40354.78,17000.3,4110.1
S009551,2023-11-01,M045,Business Services,7,4,62516.99,44181.38,18335.61,4924.06
S009552,2023-12-01,M045,Business Services,7,4,70929.34,52618.75,18310.59,1734.87
S009553,2024-01-01,M045,Business Services,5,3,43776.78,32617.9,11158.88,2415.35
S009554,2024-02-01,M045,Business Services,5,3,42645.92,30035.19,12610.73,1974.63
S009555,2024-03-01,M045,Business Services,7,4,65053.28,45989.74,19063.54,2730.8
S009556,2024-04-01,M045,Business Services,6,4,59472.23,43877.44,15594.79,4343.84
S009557,2024-05-01,M045,Business Services,7,4,64658.69,49173.34,15485.35,2354.85
S009558,2024-06-01,M045,Business Services,7,4,61218.64,44349.05,16869.59,1544.56
S009559,2024-07-01,M045,Business Services,6,3,60268.95,44380.73,15888.22,2006.04
S009560,2024-08-01,M045,Business Services,6,3,57410.26,40531.79,16878.47,3968.12
S009561,2024-09-01,M045,Business Services,7,5,65020.6,47339.05,17681.55,2499.46
S009562,2024-10-01,M045,Business Services,8,4,82318.97,59198.9,23120.07,1735.42
S009563,2024-11-01,M045,Business Services,8,5,81727.93,59536.52,22191.41,7298.63
S009564,2024-12-01,M045,Business Services,7,4,59641.26,43703.61,15937.65,4718.32
S009565,2025-01-01,M045,Business Services,6,4,52022.08,37988.68,14033.4,2968.6
S009566,2025-02-01,M045,Business Services,6,3,50667.87,35692.83,14975.04,3800.64
S009567,2025-03-01,M045,Business Services,8,6,71864.94,50535.91,21329.03,4700.74
S009568,2025-04-01,M045,Business Services,6,4,60366.67,43732.19,16634.48,4837.44
S009569,2025-05-01,M045,Business Services,6,4,59130.7,44319.56,14811.14,2098.07
S009570,2025-06-01,M045,Business Services,7,4,66596.91,50239.73,16357.18,3349.4
S009571,2025-07-01,M045,Business Services,6,4,53461.08,40730.43,12730.65,3380.35
S009572,2025-08-01,M045,Business Services,8,6,76390.56,56878.43,19512.13,3817.54
S009573,2025-09-01,M045,Business Services,7,5,60050.98,45102.22,14948.76,3609.39
S009574,2025-10-01,M045,Business Services,9,6,91666.62,66119.4,25547.22,3543.71
S009575,2025-11-01,M045,Business Services,8,6,79979.97,56409.87,23570.1,2667.22
S009576,2025-12-01,M045,Business Services,9,5,88912.5,66627.7,22284.8,6333.67
S009577,2023-01-01,M045,Consulting,6,3,139678.1,99323.02,40355.08,6925.4
S009578,2023-02-01,M045,Consulting,6,4,169098.09,126647.27,42450.82,7033.42
S009579,2023-03-01,M045,Consulting,6,4,141312.63,100168.42,41144.21,10872.38
S009580,2023-04-01,M045,Consulting,6,3,159301.31,119239.4,40061.91,4676.46
S009581,2023-05-01,M045,Consulting,6,3,158715.08,116803.65,41911.43,11871.12
S009582,2023-06-01,M045,Consulting,7,5,157825.33,119501.33,38324.0,9091.83
S009583,2023-07-01,M045,Consulting,5,3,143069.9,102694.63,40375.27,8209.46
S009584,2023-08-01,M045,Consulting,6,3,146575.83,104920.75,41655.08,4943.43
S009585,2023-09-01,M045,Consulting,7,4,169061.78,120372.76,48689.02,7693.69
S009586,2023-10-01,M045,Consulting,6,4,169025.53,122773.58,46251.95,12377.55
S009587,2023-11-01,M045,Consulting,6,4,147512.34,108573.19,38939.15,3274.22
S009588,2023-12-01,M045,Consulting,7,5,182689.85,132227.34,50462.51,14913.98
S009589,2024-01-01,M045,Consulting,7,4,171833.65,129344.41,42489.24,13843.11
S009590,2024-02-01,M045,Consulting,5,2,122311.58,87581.49,34730.09,7099.56
S009591,2024-03-01,M045,Consulting,7,5,172069.67,126510.33,45559.34,10184.33
S009592,2024-04-01,M045,Consulting,5,3,131906.09,99912.2,31993.89,10026.82
S009593,2024-05-01,M045,Consulting,7,5,162164.93,116713.8,45451.13,9265.34
S009594,2024-06-01,M045,Consulting,6,4,148033.24,110767.58,37265.66,9536.62
S009595,2024-07-01,M045,Consulting,7,4,170404.61,124133.14,46271.47,4513.33
S009596,2024-08-01,M045,Consulting,7,4,168548.49,123048.6,45499.89,3790.21
S009597,2024-09-01,M045,Consulting,7,4,173400.58,130640.85,42759.73,14522.12
S009598,2024-10-01,M045,Consulting,7,4,173339.06,130732.38,42606.68,7273.16
S009599,2024-11-01,M045,Consulting,7,5,185228.38,134613.37,50615.01,10156.77
S009600,2024-12-01,M045,Consulting,8,5,198028.86,146549.91,51478.95,8842.72
S009601,2025-01-01,M045,Consulting,7,4,167502.7,120550.75,46951.95,12424.12
S009602,2025-02-01,M045,Consulting,6,4,156039.23,117479.57,38559.66,5097.86
S009603,2025-03-01,M045,Consulting,7,5,179828.78,129725.52,50103.26,11731.28
S009604,2025-04-01,M045,Consulting,7,4,171152.33,129389.41,41762.92,9996.44
S009605,2025-05-01,M045,Consulting,6,3,147568.19,112037.98,35530.21,9760.82
S009606,2025-06-01,M045,Consulting,8,4,212913.03,150683.64,62229.39,7233.99
S009607,2025-07-01,M045,Consulting,7,4,176355.09,132568.56,43786.53,15208.31
S009608,2025-08-01,M045,Consulting,8,4,205337.78,150161.32,55176.46,8377.23
S009609,2025-09-01,M045,Consulting,7,5,192006.47,140075.8,51930.67,13895.56
S009610,2025-10-01,M045,Consulting,7,4,192776.87,136758.73,56018.14,14160.58
S009611,2025-11-01,M045,Consulting,7,5,195462.75,143910.21,51552.54,15965.18
S009612,2025-12-01,M045,Consulting,8,5,213314.02,156606.64,56707.38,18417.36
S009613,2023-01-01,M045,Digital Solutions,6,3,88926.38,66505.95,22420.43,6112.38
S009614,2023-02-01,M045,Digital Solutions,6,3,86682.19,62519.24,24162.95,3395.42
S009615,2023-03-01,M045,Digital Solutions,7,4,99878.49,73638.65,26239.84,4933.09
S009616,2023-04-01,M045,Digital Solutions,6,3,82772.53,60581.74,22190.79,4968.14
S009617,2023-05-01,M045,Digital Solutions,6,3,86242.5,61868.21,24374.29,3470.56
S009618,2023-06-01,M045,Digital Solutions,5,2,71855.68,53075.42,18780.26,2748.41
S009619,2023-07-01,M045,Digital Solutions,5,3,79609.34,56551.48,23057.86,2174.36
S009620,2023-08-01,M045,Digital Solutions,7,4,98783.77,71270.18,27513.59,3712.01
S009621,2023-09-01,M045,Digital Solutions,5,3,76532.84,56867.77,19665.07,1787.56
S009622,2023-10-01,M045,Digital Solutions,7,5,94372.03,71478.07,22893.96,3897.57
S009623,2023-11-01,M045,Digital Solutions,6,4,85937.34,65348.62,20588.72,6790.8
S009624,2023-12-01,M045,Digital Solutions,6,4,83604.57,59236.99,24367.58,4220.07
S009625,2024-01-01,M045,Digital Solutions,6,3,95447.12,72771.16,22675.96,4252.09
S009626,2024-02-01,M045,Digital Solutions,6,3,84534.64,64339.75,20194.89,3289.16
S009627,2024-03-01,M045,Digital Solutions,7,4,94744.68,70163.87,24580.81,5256.24
S009628,2024-04-01,M045,Digital Solutions,5,2,64947.33,47103.72,17843.61,4219.29
S009629,2024-05-01,M045,Digital Solutions,7,4,96648.03,69731.33,26916.7,4357.89
S009630,2024-06-01,M045,Digital Solutions,6,4,89281.65,64498.27,24783.38,6627.93
S009631,2024-07-01,M045,Digital Solutions,6,4,83656.87,58976.17,24680.7,6779.89
S009632,2024-08-01,M045,Digital Solutions,6,3,90855.96,68459.44,22396.52,5108.12
S009633,2024-09-01,M045,Digital Solutions,7,4,100951.29,76308.51,24642.78,4722.84
S009634,2024-10-01,M045,Digital Solutions,7,4,109211.09,81429.0,27782.09,9668.73
S009635,2024-11-01,M045,Digital Solutions,7,3,102765.59,72417.62,30347.97,8731.34
S009636,2024-12-01,M045,Digital Solutions,8,5,111584.7,80100.46,31484.24,2256.74
S009637,2025-01-01,M045,Digital Solutions,6,3,89702.9,64451.8,25251.1,6272.43
S009638,2025-02-01,M045,Digital Solutions,6,4,76599.14,54218.3,22380.84,4283.97
S009639,2025-03-01,M045,Digital Solutions,7,3,92545.08,68584.14,23960.94,4297.15
S009640,2025-04-01,M045,Digital Solutions,7,4,112670.82,80424.5,32246.32,3883.88
S009641,2025-05-01,M045,Digital Solutions,7,5,103221.16,74550.3,28670.86,3955.47
S009642,2025-06-01,M045,Digital Solutions,6,4,83702.62,59051.42,24651.2,5102.48
S009643,2025-07-01,M045,Digital Solutions,6,3,80027.73,60292.99,19734.74,2520.98
S009644,2025-08-01,M045,Digital Solutions,8,5,111049.46,81974.75,29074.71,2628.49
S009645,2025-09-01,M045,Digital Solutions,8,5,124914.02,94994.99,29919.03,7424.06
S009646,2025-10-01,M045,Digital Solutions,9,6,139969.27,99181.24,40788.03,9432.99
S009647,2025-11-01,M045,Digital Solutions,7,4,98841.42,70326.07,28515.35,2386.68
S009648,2025-12-01,M045,Digital Solutions,8,4,101514.04,74765.08,26748.96,7051.29
S009649,2023-01-01,M045,SaaS,5,2,58713.84,42174.26,16539.58,4048.04
S009650,2023-02-01,M045,SaaS,5,3,58364.41,43788.92,14575.49,3651.32
S009651,2023-03-01,M045,SaaS,7,5,84718.4,61674.43,23043.97,5947.48
S009652,2023-04-01,M045,SaaS,7,5,78884.2,57147.06,21737.14,3170.94
S009653,2023-05-01,M045,SaaS,6,3,65558.67,46574.84,18983.83,4764.36
S009654,2023-06-01,M045,SaaS,6,3,68208.11,48999.69,19208.42,3083.01
S009655,2023-07-01,M045,SaaS,6,4,68177.28,50558.68,17618.6,2886.86
S009656,2023-08-01,M045,SaaS,6,3,81084.49,59736.07,21348.42,2504.92
S009657,2023-09-01,M045,SaaS,5,3,67007.91,48388.08,18619.83,4138.01
S009658,2023-10-01,M045,SaaS,7,4,83961.13,60593.16,23367.97,2633.65
S009659,2023-11-01,M045,SaaS,7,5,89737.05,66394.26,23342.79,3887.33
S009660,2023-12-01,M045,SaaS,6,4,72506.84,52732.08,19774.76,3211.61
S009661,2024-01-01,M045,SaaS,6,3,78033.48,55208.42,22825.06,2257.78
S009662,2024-02-01,M045,SaaS,5,3,65402.46,48711.08,16691.38,3669.63
S009663,2024-03-01,M045,SaaS,6,3,78786.54,59082.8,19703.74,2560.47
S009664,2024-04-01,M045,SaaS,6,4,68660.68,51520.61,17140.07,2759.92
S009665,2024-05-01,M045,SaaS,7,4,92067.38,66298.85,25768.53,5105.47
S009666,2024-06-01,M045,SaaS,7,4,84523.93,62042.3,22481.63,2874.98
S009667,2024-07-01,M045,SaaS,7,4,83404.61,60049.74,23354.87,1877.79
S009668,2024-08-01,M045,SaaS,7,5,90074.22,68340.94,21733.28,3942.87
S009669,2024-09-01,M045,SaaS,7,4,85893.93,63872.15,22021.78,3440.65
S009670,2024-10-01,M045,SaaS,7,5,76046.29,57032.95,19013.34,6593.2
S009671,2024-11-01,M045,SaaS,8,5,105820.55,79036.52,26784.03,3239.63
S009672,2024-12-01,M045,SaaS,8,5,109499.66,80082.52,29417.14,4649.61
S009673,2025-01-01,M045,SaaS,8,4,87514.19,66283.27,21230.92,1988.56
S009674,2025-02-01,M045,SaaS,6,3,68031.19,48231.12,19800.07,2026.76
S009675,2025-03-01,M045,SaaS,8,6,88958.63,63035.38,25923.25,6842.64
S009676,2025-04-01,M045,SaaS,7,4,79611.63,58604.45,21007.18,6670.3
S009677,2025-05-01,M045,SaaS,6,4,81638.62,59380.43,22258.19,2951.03
S009678,2025-06-01,M045,SaaS,6,4,78237.56,55519.52,22718.04,3011.03
S009679,2025-07-01,M045,SaaS,6,4,70849.36,49947.45,20901.91,3013.18
S009680,2025-08-01,M045,SaaS,8,5,99445.46,72519.15,26926.31,5820.68
S009681,2025-09-01,M045,SaaS,8,5,109440.2,81373.13,28067.07,7083.05
S009682,2025-10-01,M045,SaaS,8,4,90686.67,66655.06,24031.61,2995.76
S009683,2025-11-01,M045,SaaS,9,6,107817.6,77958.77,29858.83,8142.04
S009684,2025-12-01,M045,SaaS,8,5,91382.96,68156.69,23226.27,7088.71
S009685,2023-01-01,M045,IT Services,5,2,89574.77,64787.06,24787.71,2311.07
S009686,2023-02-01,M045,IT Services,5,2,86064.08,61003.24,25060.84,3488.16
S009687,2023-03-01,M045,IT Services,6,3,110112.07,81081.16,29030.91,5819.51
S009688,2023-04-01,M045,IT Services,6,3,95542.91,72189.23,23353.68,7788.56
S009689,2023-05-01,M045,IT Services,5,3,91748.92,67692.06,24056.86,1928.38
S009690,2023-06-01,M045,IT Services,6,4,96806.18,71561.26,25244.92,2466.72
S009691,2023-07-01,M045,IT Services,6,3,103100.71,75160.17,27940.54,8831.55
S009692,2023-08-01,M045,IT Services,7,4,117787.69,84317.08,33470.61,6681.24
S009693,2023-09-01,M045,IT Services,5,3,84921.59,64201.99,20719.6,5429.58
S009694,2023-10-01,M045,IT Services,6,4,108268.67,79080.24,29188.43,5111.83
S009695,2023-11-01,M045,IT Services,6,4,88403.31,65821.22,22582.09,1822.4
S009696,2023-12-01,M045,IT Services,6,3,94484.43,69206.67,25277.76,7926.93
S009697,2024-01-01,M045,IT Services,6,3,91625.86,69463.49,22162.37,4738.5
S009698,2024-02-01,M045,IT Services,6,3,107509.13,75778.42,31730.71,5948.33
S009699,2024-03-01,M045,IT Services,7,4,112235.22,81804.77,30430.45,5644.66
S009700,2024-04-01,M045,IT Services,7,4,123576.8,93028.59,30548.21,4794.88
S009701,2024-05-01,M045,IT Services,5,3,90275.59,63767.28,26508.31,6047.3
S009702,2024-06-01,M045,IT Services,6,4,104508.62,75359.26,29149.36,6594.78
S009703,2024-07-01,M045,IT Services,7,4,117981.9,85767.46,32214.44,5363.03
S009704,2024-08-01,M045,IT Services,7,5,102988.81,74480.97,28507.84,5224.24
S009705,2024-09-01,M045,IT Services,6,3,91317.77,64479.66,26838.11,6052.66
S009706,2024-10-01,M045,IT Services,6,3,96344.41,70931.98,25412.43,6173.23
S009707,2024-11-01,M045,IT Services,8,5,132736.18,98143.74,34592.44,8303.07
S009708,2024-12-01,M045,IT Services,8,6,124780.58,89611.3,35169.28,3902.82
S009709,2025-01-01,M045,IT Services,6,4,104859.38,74746.29,30113.09,2841.63
S009710,2025-02-01,M045,IT Services,6,4,108795.04,79289.22,29505.82,5406.93
S009711,2025-03-01,M045,IT Services,8,5,139411.01,105467.61,33943.4,3837.15
S009712,2025-04-01,M045,IT Services,6,3,102078.73,77086.6,24992.13,7190.34
S009713,2025-05-01,M045,IT Services,7,4,104032.17,73888.62,30143.55,9101.26
S009714,2025-06-01,M045,IT Services,8,4,126664.74,89472.81,37191.93,5624.68
S009715,2025-07-01,M045,IT Services,7,5,119686.01,87556.53,32129.48,4678.89
S009716,2025-08-01,M045,IT Services,6,4,96036.94,68757.69,27279.25,4708.2
S009717,2025-09-01,M045,IT Services,6,3,105689.91,76201.63,29488.28,3117.43
S009718,2025-10-01,M045,IT Services,8,5,137579.56,102797.81,34781.75,4468.78
S009719,2025-11-01,M045,IT Services,7,4,121069.16,85182.65,35886.51,4872.61
S009720,2025-12-01,M045,IT Services,7,4,103142.39,74240.91,28901.48,6604.95
S009721,2023-01-01,M046,Software,6,4,116080.95,86521.12,29559.83,8863.96
S009722,2023-02-01,M046,Software,5,3,97908.04,69235.15,28672.89,7396.39
S009723,2023-03-01,M046,Software,7,4,140368.67,97857.97,42510.7,3769.29
S009724,2023-04-01,M046,Software,6,3,101315.15,75277.22,26037.93,7481.68
S009725,2023-05-01,M046,Software,6,4,121060.49,89918.97,31141.52,6971.0
S009726,2023-06-01,M046,Software,6,4,101557.72,74388.88,27168.84,8017.43
S009727,2023-07-01,M046,Software,6,3,108953.69,77445.4,31508.29,8789.83
S009728,2023-08-01,M046,Software,5,3,88158.5,61767.77,26390.73,4658.53
S009729,2023-09-01,M046,Software,6,3,109076.27,76802.4,32273.87,8637.84
S009730,2023-10-01,M046,Software,8,4,151148.09,105214.53,45933.56,7141.65
S009731,2023-11-01,M046,Software,6,4,109828.21,79594.25,30233.96,4853.42
S009732,2023-12-01,M046,Software,7,5,119646.84,83894.57,35752.27,3551.72
S009733,2024-01-01,M046,Software,7,4,120963.98,84371.01,36592.97,4110.22
S009734,2024-02-01,M046,Software,7,4,125458.17,94189.44,31268.73,6159.99
S009735,2024-03-01,M046,Software,7,4,141785.96,100306.57,41479.39,11830.16
S009736,2024-04-01,M046,Software,6,3,99668.85,71848.66,27820.19,3575.74
S009737,2024-05-01,M046,Software,6,4,118519.2,84630.79,33888.41,3540.3
S009738,2024-06-01,M046,Software,7,4,124990.58,93617.84,31372.74,2653.96
S009739,2024-07-01,M046,Software,8,5,165485.11,121552.43,43932.68,10875.65
S009740,2024-08-01,M046,Software,7,4,121173.07,86923.14,34249.93,5654.99
S009741,2024-09-01,M046,Software,7,5,135748.87,98000.66,37748.21,3550.79
S009742,2024-10-01,M046,Software,8,5,162250.23,114831.8,47418.43,4193.01
S009743,2024-11-01,M046,Software,9,5,153241.92,113597.01,39644.91,4520.19
S009744,2024-12-01,M046,Software,7,4,120214.59,85896.64,34317.95,7957.78
S009745,2025-01-01,M046,Software,8,6,151041.12,112032.47,39008.65,9027.55
S009746,2025-02-01,M046,Software,8,5,144227.87,108807.15,35420.72,7489.08
S009747,2025-03-01,M046,Software,9,7,154758.85,109349.05,45409.8,10342.81
S009748,2025-04-01,M046,Software,8,6,143552.24,99968.48,43583.76,7224.3
S009749,2025-05-01,M046,Software,7,4,135200.38,100480.57,34719.81,8767.24
S009750,2025-06-01,M046,Software,8,4,140694.15,106195.6,34498.55,7768.08
S009751,2025-07-01,M046,Software,7,5,141434.19,98561.54,42872.65,6787.65
S009752,2025-08-01,M046,Software,8,5,164110.77,120628.72,43482.05,9843.14
S009753,2025-09-01,M046,Software,8,6,153927.41,108291.34,45636.07,13299.04
S009754,2025-10-01,M046,Software,10,6,203785.87,153259.28,50526.59,6459.85
S009755,2025-11-01,M046,Software,11,8,187481.12,140315.33,47165.79,16180.45
S009756,2025-12-01,M046,Software,9,5,157338.5,113165.9,44172.6,7752.46
S009757,2023-01-01,M046,Business Services,6,4,54452.24,40052.18,14400.06,2575.09
S009758,2023-02-01,M046,Business Services,6,4,53816.41,39115.35,14701.06,3748.2
S009759,2023-03-01,M046,Business Services,5,3,48272.84,34194.91,14077.93,1413.5
S009760,2023-04-01,M046,Business Services,6,4,59432.69,43928.28,15504.41,5137.6
S009761,2023-05-01,M046,Business Services,6,4,48615.75,35706.27,12909.48,2391.52
S009762,2023-06-01,M046,Business Services,7,4,65625.09,45952.7,19672.39,5248.09
S009763,2023-07-01,M046,Business Services,6,3,55890.92,39301.25,16589.67,3992.4
S009764,2023-08-01,M046,Business Services,6,4,61758.07,45722.03,16036.04,4677.26
S009765,2023-09-01,M046,Business Services,6,4,53004.78,39089.06,13915.72,2538.02
S009766,2023-10-01,M046,Business Services,8,5,68110.64,48049.43,20061.21,3754.33
S009767,2023-11-01,M046,Business Services,7,5,57828.19,42950.19,14878.0,4206.0
S009768,2023-12-01,M046,Business Services,7,4,57801.48,43474.69,14326.79,3644.44
S009769,2024-01-01,M046,Business Services,7,4,68224.56,51386.13,16838.43,3522.14
S009770,2024-02-01,M046,Business Services,7,5,64648.72,48086.45,16562.27,1488.86
S009771,2024-03-01,M046,Business Services,7,4,69519.8,52049.97,17469.83,2473.52
S009772,2024-04-01,M046,Business Services,7,5,68303.19,50891.92,17411.27,5957.25
S009773,2024-05-01,M046,Business Services,7,3,57475.94,41619.77,15856.17,1248.16
S009774,2024-06-01,M046,Business Services,8,4,69018.41,50223.99,18794.42,5318.74
S009775,2024-07-01,M046,Business Services,7,4,61906.27,46326.3,15579.97,1660.05
S009776,2024-08-01,M046,Business Services,8,5,67573.03,50892.38,16680.65,3549.53
S009777,2024-09-01,M046,Business Services,7,3,59923.28,43042.99,16880.29,3519.98
S009778,2024-10-01,M046,Business Services,7,4,66422.28,47662.13,18760.15,1819.27
S009779,2024-11-01,M046,Business Services,7,4,68741.48,50401.45,18340.03,3766.94
S009780,2024-12-01,M046,Business Services,9,7,77833.84,58019.09,19814.75,4050.57
S009781,2025-01-01,M046,Business Services,7,4,64067.52,48359.22,15708.3,5506.8
S009782,2025-02-01,M046,Business Services,9,5,73055.7,53263.57,19792.13,2959.74
S009783,2025-03-01,M046,Business Services,8,5,79376.53,58855.96,20520.57,6233.29
S009784,2025-04-01,M046,Business Services,8,5,77153.38,57384.74,19768.64,3578.08
S009785,2025-05-01,M046,Business Services,8,4,80971.04,57109.97,23861.07,1751.05
S009786,2025-06-01,M046,Business Services,8,5,76972.43,57472.38,19500.05,4966.07
S009787,2025-07-01,M046,Business Services,9,6,75398.06,54764.95,20633.11,3825.17
S009788,2025-08-01,M046,Business Services,7,5,64794.44,45341.66,19452.78,1341.68
S009789,2025-09-01,M046,Business Services,7,4,71222.93,50504.68,20718.25,2020.94
S009790,2025-10-01,M046,Business Services,9,5,87185.48,61288.9,25896.58,7785.15
S009791,2025-11-01,M046,Business Services,10,7,94294.83,67039.01,27255.82,3173.15
S009792,2025-12-01,M046,Business Services,10,7,103470.33,76690.4,26779.93,4094.27
S009793,2023-01-01,M046,Consulting,6,3,143964.26,107742.76,36221.5,7323.64
S009794,2023-02-01,M046,Consulting,7,4,182454.17,136696.52,45757.65,15970.51
S009795,2023-03-01,M046,Consulting,6,4,171617.36,126137.32,45480.04,12588.67
S009796,2023-04-01,M046,Consulting,6,4,138242.61,99350.25,38892.36,4827.05
S009797,2023-05-01,M046,Consulting,7,4,165325.65,123308.47,42017.18,9320.03
S009798,2023-06-01,M046,Consulting,7,4,195304.94,146999.51,48305.43,12857.87
S009799,2023-07-01,M046,Consulting,7,4,179634.71,127136.23,52498.48,3768.08
S009800,2023-08-01,M046,Consulting,8,5,215596.19,153861.31,61734.88,4880.26
S009801,2023-09-01,M046,Consulting,7,5,165165.55,123408.66,41756.89,7171.85
S009802,2023-10-01,M046,Consulting,7,5,163127.48,122650.16,40477.32,12352.9
S009803,2023-11-01,M046,Consulting,7,4,192608.26,136762.67,55845.59,10500.0
S009804,2023-12-01,M046,Consulting,7,5,175497.33,130437.05,45060.28,6925.6
S009805,2024-01-01,M046,Consulting,8,6,193734.96,140405.88,53329.08,15037.13
S009806,2024-02-01,M046,Consulting,7,5,160068.15,120067.56,40000.59,11896.83
S009807,2024-03-01,M046,Consulting,10,7,265555.2,199802.17,65753.03,15003.62
S009808,2024-04-01,M046,Consulting,9,6,250990.72,185007.42,65983.3,19761.52
S009809,2024-05-01,M046,Consulting,8,5,225785.0,168344.94,57440.06,5356.21
S009810,2024-06-01,M046,Consulting,8,4,189566.02,140417.73,49148.29,7108.5
S009811,2024-07-01,M046,Consulting,8,5,228583.36,166080.06,62503.3,12736.07
S009812,2024-08-01,M046,Consulting,7,5,199580.7,145348.85,54231.85,15854.26
S009813,2024-09-01,M046,Consulting,9,5,215314.08,150912.52,64401.56,11769.61
S009814,2024-10-01,M046,Consulting,9,5,227980.66,164105.63,63875.03,13863.63
S009815,2024-11-01,M046,Consulting,10,7,259671.92,185010.83,74661.09,13710.0
S009816,2024-12-01,M046,Consulting,11,8,313385.05,228368.99,85016.06,24996.7
S009817,2025-01-01,M046,Consulting,8,6,191477.39,138997.04,52480.35,15867.96
S009818,2025-02-01,M046,Consulting,10,6,230544.98,169428.45,61116.53,16922.02
S009819,2025-03-01,M046,Consulting,11,7,315657.0,238444.62,77212.38,18570.92
S009820,2025-04-01,M046,Consulting,9,6,255464.6,181107.61,74356.99,17704.03
S009821,2025-05-01,M046,Consulting,10,7,235793.7,173012.25,62781.45,18840.6
S009822,2025-06-01,M046,Consulting,11,6,263591.89,187793.88,75798.01,10725.42
S009823,2025-07-01,M046,Consulting,10,6,264173.99,188567.48,75606.51,20010.78
S009824,2025-08-01,M046,Consulting,10,6,261227.59,194923.72,66303.87,5511.64
S009825,2025-09-01,M046,Consulting,9,5,227902.07,165811.8,62090.27,16209.99
S009826,2025-10-01,M046,Consulting,10,6,225452.01,160408.92,65043.09,14269.29
S009827,2025-11-01,M046,Consulting,10,5,264351.52,187390.5,76961.02,13490.01
S009828,2025-12-01,M046,Consulting,11,7,280273.7,201580.01,78693.69,23847.42
S009829,2023-01-01,M046,Digital Solutions,6,4,81220.29,58545.68,22674.61,6151.02
S009830,2023-02-01,M046,Digital Solutions,6,4,92314.18,69644.83,22669.35,7863.24
S009831,2023-03-01,M046,Digital Solutions,6,3,82099.96,59719.16,22380.8,6431.13
S009832,2023-04-01,M046,Digital Solutions,5,2,69811.6,50235.85,19575.75,2078.86
S009833,2023-05-01,M046,Digital Solutions,6,3,80977.95,57947.34,23030.61,4113.3
S009834,2023-06-01,M046,Digital Solutions,7,4,106722.88,75374.93,31347.95,8042.81
S009835,2023-07-01,M046,Digital Solutions,7,4,93002.73,70115.1,22887.63,2854.27
S009836,2023-08-01,M046,Digital Solutions,7,4,98200.07,73946.63,24253.44,8621.85
S009837,2023-09-01,M046,Digital Solutions,6,4,95594.79,69270.29,26324.5,6601.6
S009838,2023-10-01,M046,Digital Solutions,8,4,118274.03,82762.51,35511.52,2828.23
S009839,2023-11-01,M046,Digital Solutions,8,5,123867.21,93061.48,30805.73,4582.45
S009840,2023-12-01,M046,Digital Solutions,7,4,101565.85,72902.05,28663.8,5975.52
S009841,2024-01-01,M046,Digital Solutions,6,3,95352.84,70522.84,24830.0,8065.56
S009842,2024-02-01,M046,Digital Solutions,7,5,95665.77,66809.5,28856.27,7702.09
S009843,2024-03-01,M046,Digital Solutions,7,4,108460.54,80720.86,27739.68,8483.69
S009844,2024-04-01,M046,Digital Solutions,6,4,83666.07,62783.91,20882.16,3303.0
S009845,2024-05-01,M046,Digital Solutions,7,4,97749.03,70716.83,27032.2,4248.37
S009846,2024-06-01,M046,Digital Solutions,8,6,127991.86,95396.27,32595.59,3817.28
S009847,2024-07-01,M046,Digital Solutions,8,4,115424.66,84886.54,30538.12,7904.41
S009848,2024-08-01,M046,Digital Solutions,8,5,106169.38,76233.15,29936.23,5265.3
S009849,2024-09-01,M046,Digital Solutions,8,6,123312.09,92367.09,30945.0,4040.87
S009850,2024-10-01,M046,Digital Solutions,9,5,124273.65,89633.84,34639.81,5525.3
S009851,2024-11-01,M046,Digital Solutions,9,7,144513.01,102641.63,41871.38,6402.68
S009852,2024-12-01,M046,Digital Solutions,9,6,129567.84,92186.12,37381.72,3019.18
S009853,2025-01-01,M046,Digital Solutions,8,4,112871.21,83705.28,29165.93,7718.57
S009854,2025-02-01,M046,Digital Solutions,8,6,121851.5,90797.34,31054.16,4178.39
S009855,2025-03-01,M046,Digital Solutions,10,5,147102.07,108256.31,38845.76,8049.27
S009856,2025-04-01,M046,Digital Solutions,8,4,125100.59,92256.23,32844.36,2531.31
S009857,2025-05-01,M046,Digital Solutions,9,5,131762.58,96175.39,35587.19,4638.69
S009858,2025-06-01,M046,Digital Solutions,9,5,114894.34,83344.27,31550.07,8838.44
S009859,2025-07-01,M046,Digital Solutions,8,5,124143.76,93255.84,30887.92,8186.38
S009860,2025-08-01,M046,Digital Solutions,9,4,141488.82,98836.01,42652.81,6188.73
S009861,2025-09-01,M046,Digital Solutions,8,4,124154.57,89764.53,34390.04,6728.06
S009862,2025-10-01,M046,Digital Solutions,10,7,146922.46,107641.5,39280.96,9218.05
S009863,2025-11-01,M046,Digital Solutions,9,7,136566.73,99668.81,36897.92,5324.24
S009864,2025-12-01,M046,Digital Solutions,9,6,115542.0,84541.24,31000.76,6964.24
S009865,2023-01-01,M046,SaaS,6,4,72359.56,51520.25,20839.31,5267.22
S009866,2023-02-01,M046,SaaS,5,2,62801.25,47284.84,15516.41,1605.62
S009867,2023-03-01,M046,SaaS,7,4,84946.59,64050.08,20896.51,6964.14
S009868,2023-04-01,M046,SaaS,6,4,70529.04,51617.64,18911.4,4944.79
S009869,2023-05-01,M046,SaaS,6,4,81600.65,60655.01,20945.64,5567.25
S009870,2023-06-01,M046,SaaS,6,3,69697.14,50768.46,18928.68,4390.08
S009871,2023-07-01,M046,SaaS,7,4,77446.52,56860.61,20585.91,2070.94
S009872,2023-08-01,M046,SaaS,5,3,56457.84,40800.91,15656.93,4380.02
S009873,2023-09-01,M046,SaaS,5,2,61998.32,46775.86,15222.46,2706.17
S009874,2023-10-01,M046,SaaS,6,3,67734.67,48343.42,19391.25,5257.19
S009875,2023-11-01,M046,SaaS,6,4,79173.81,58648.15,20525.66,5580.83
S009876,2023-12-01,M046,SaaS,7,5,94806.29,68498.89,26307.4,8273.3
S009877,2024-01-01,M046,SaaS,7,5,77729.87,58237.46,19492.41,2168.88
S009878,2024-02-01,M046,SaaS,7,4,76906.95,57776.93,19130.02,6049.04
S009879,2024-03-01,M046,SaaS,6,4,65195.12,46317.59,18877.53,5120.52
S009880,2024-04-01,M046,SaaS,8,5,107003.12,75833.93,31169.19,9517.1
S009881,2024-05-01,M046,SaaS,8,5,104742.41,73373.07,31369.34,8673.77
S009882,2024-06-01,M046,SaaS,6,3,70415.28,51260.7,19154.58,4796.19
S009883,2024-07-01,M046,SaaS,6,3,72720.83,53897.39,18823.44,2552.24
S009884,2024-08-01,M046,SaaS,8,5,91853.63,64191.49,27662.14,6086.14
S009885,2024-09-01,M046,SaaS,6,3,78778.22,56294.38,22483.84,5189.21
S009886,2024-10-01,M046,SaaS,8,6,109540.73,77414.44,32126.29,2672.67
S009887,2024-11-01,M046,SaaS,9,7,120562.49,88207.37,32355.12,4908.59
S009888,2024-12-01,M046,SaaS,9,6,99946.55,72324.3,27622.25,7021.91
S009889,2025-01-01,M046,SaaS,7,5,85517.32,64301.97,21215.35,5139.82
S009890,2025-02-01,M046,SaaS,7,5,87593.84,64334.24,23259.6,7709.02
S009891,2025-03-01,M046,SaaS,9,6,110725.9,82371.13,28354.77,9399.19
S009892,2025-04-01,M046,SaaS,8,5,88035.59,61374.13,26661.46,5299.64
S009893,2025-05-01,M046,SaaS,7,5,80123.11,59803.71,20319.4,3868.16
S009894,2025-06-01,M046,SaaS,10,6,128793.55,90668.04,38125.51,3087.53
S009895,2025-07-01,M046,SaaS,10,7,109010.11,79315.8,29694.31,4823.86
S009896,2025-08-01,M046,SaaS,9,6,123496.43,88498.26,34998.17,2671.4
S009897,2025-09-01,M046,SaaS,10,7,116934.49,81903.48,35031.01,5829.25
S009898,2025-10-01,M046,SaaS,11,8,141237.34,98650.86,42586.48,11797.38
S009899,2025-11-01,M046,SaaS,10,7,122906.21,88741.76,34164.45,9357.61
S009900,2025-12-01,M046,SaaS,11,6,124204.23,89807.12,34397.11,7184.88
S009901,2023-01-01,M046,IT Services,6,3,103212.68,73820.33,29392.35,5383.97
S009902,2023-02-01,M046,IT Services,5,3,81562.17,58687.66,22874.51,5861.55
S009903,2023-03-01,M046,IT Services,7,5,105972.63,78028.32,27944.31,3725.77
S009904,2023-04-01,M046,IT Services,6,3,109929.05,77785.56,32143.49,8170.52
S009905,2023-05-01,M046,IT Services,5,3,90469.32,67941.95,22527.37,4472.0
S009906,2023-06-01,M046,IT Services,6,4,108852.47,78295.19,30557.28,6331.99
S009907,2023-07-01,M046,IT Services,5,2,74335.14,55137.63,19197.51,4116.27
S009908,2023-08-01,M046,IT Services,5,3,83231.06,60467.16,22763.9,4870.85
S009909,2023-09-01,M046,IT Services,5,3,79180.04,59234.07,19945.97,6767.69
S009910,2023-10-01,M046,IT Services,7,4,110285.33,81720.22,28565.11,6445.09
S009911,2023-11-01,M046,IT Services,7,4,103257.27,76176.18,27081.09,3362.47
S009912,2023-12-01,M046,IT Services,6,4,92768.75,67562.52,25206.23,2682.94
S009913,2024-01-01,M046,IT Services,7,5,127475.0,89420.15,38054.85,5635.8
S009914,2024-02-01,M046,IT Services,6,4,109808.64,77795.91,32012.73,3025.29
S009915,2024-03-01,M046,IT Services,7,4,111812.56,79563.05,32249.51,7144.22
S009916,2024-04-01,M046,IT Services,6,4,97882.68,70976.03,26906.65,4017.14
S009917,2024-05-01,M046,IT Services,8,5,133894.1,98483.95,35410.15,3402.84
S009918,2024-06-01,M046,IT Services,8,4,117354.04,85458.73,31895.31,9350.72
S009919,2024-07-01,M046,IT Services,8,6,120929.77,87696.71,33233.06,7231.2
S009920,2024-08-01,M046,IT Services,7,3,112274.69,81776.59,30498.1,8490.23
S009921,2024-09-01,M046,IT Services,8,5,138066.09,98436.08,39630.01,11646.45
S009922,2024-10-01,M046,IT Services,9,5,154904.57,113991.29,40913.28,12221.12
S009923,2024-11-01,M046,IT Services,8,6,128110.08,90273.34,37836.74,3187.01
S009924,2024-12-01,M046,IT Services,8,5,125774.7,91548.42,34226.28,6078.5
S009925,2025-01-01,M046,IT Services,7,4,107316.06,75546.04,31770.02,4347.93
S009926,2025-02-01,M046,IT Services,7,5,120744.2,84946.13,35798.07,7619.31
S009927,2025-03-01,M046,IT Services,9,6,131288.29,97274.65,34013.64,9351.91
S009928,2025-04-01,M046,IT Services,9,5,157962.23,118668.11,39294.12,5961.89
S009929,2025-05-01,M046,IT Services,9,6,157800.04,110799.15,47000.89,3311.49
S009930,2025-06-01,M046,IT Services,9,5,138129.38,99575.67,38553.71,3120.28
S009931,2025-07-01,M046,IT Services,10,7,157390.94,116079.02,41311.92,4965.24
S009932,2025-08-01,M046,IT Services,8,4,119479.15,90289.61,29189.54,10391.86
S009933,2025-09-01,M046,IT Services,8,4,136259.02,100849.9,35409.12,6171.26
S009934,2025-10-01,M046,IT Services,10,6,175756.6,132166.44,43590.16,14828.75
S009935,2025-11-01,M046,IT Services,9,6,134624.65,101297.14,33327.51,4387.86
S009936,2025-12-01,M046,IT Services,11,7,163870.89,116161.32,47709.57,4203.45
S000101,2025-05-01,M001,Consulting,85,53,2045507.95,1315015.36,730492.59,178641.94
S007001,2024-05-01,M033,Consulting,6,3,149582.31,108461.59,41120.72,8691.38
